{
    "train_loss": [
        1.512016962556278,
        1.4151652817632638,
        1.4072055337475795,
        1.4130087623409195,
        1.3952932030546898,
        1.38431813436396
    ],
    "train_acc": [
        0.21568627450980393,
        0.3333333333333333,
        0.27450980392156865,
        0.21568627450980393,
        0.21568627450980393,
        0.23529411764705882
    ],
    "train_recall": [
        0.18333333333333335,
        0.28939393939393937,
        0.23333333333333334,
        0.19166666666666665,
        0.2,
        0.2
    ],
    "train_f1": [
        0.1380952380952381,
        0.2391025641025641,
        0.15734501347708896,
        0.13979416809605488,
        0.16666666666666666,
        0.14690026954177898
    ],
    "train_prec": [
        0.1125,
        0.26182432432432434,
        0.1300607287449393,
        0.3157894736842105,
        0.15608465608465608,
        0.12955465587044535
    ],
    "val_loss": [
        1.4503562083611121,
        1.6564426559668322,
        1.4802908530602088,
        1.5017531560017512,
        1.5756023755440345,
        1.526154059630174
    ],
    "val_acc": [
        0.07692307692307693,
        0.07692307692307693,
        0.07692307692307693,
        0.07692307692307693,
        0.07692307692307693,
        0.07692307692307693
    ],
    "val_recall": [
        0.25,
        0.25,
        0.25,
        0.25,
        0.25,
        0.25
    ],
    "val_f1": [
        0.03571428571428571,
        0.03571428571428571,
        0.03571428571428571,
        0.045454545454545456,
        0.038461538461538464,
        0.041666666666666664
    ],
    "val_prec": [
        0.019230769230769232,
        0.019230769230769232,
        0.019230769230769232,
        0.025,
        0.020833333333333332,
        0.022727272727272728
    ],
    "final_test": {
        "loss": 1.398774266242981,
        "acc": 0.23333333333333334,
        "recall": 0.25,
        "f1": 0.0945945945945946,
        "prec": 0.058333333333333334
    }
}