{
    "train_loss": [
        1.5100701988912095,
        1.4262085393363355,
        1.4603478604672002,
        1.4416354123283834,
        1.4064465317071653,
        1.4244118017308853,
        1.414602282000523,
        1.422149426796857
    ],
    "train_acc": [
        0.2549019607843137,
        0.2549019607843137,
        0.17647058823529413,
        0.1568627450980392,
        0.19607843137254902,
        0.23529411764705882,
        0.29411764705882354,
        0.2549019607843137
    ],
    "train_recall": [
        0.26282051282051283,
        0.25,
        0.17628205128205127,
        0.15705128205128205,
        0.19391025641025644,
        0.23237179487179488,
        0.2884615384615385,
        0.2516025641025641
    ],
    "train_f1": [
        0.19398954703832752,
        0.19903381642512077,
        0.14498202026806145,
        0.1499129955012308,
        0.16117698726394378,
        0.21066308243727597,
        0.24216791979949873,
        0.232174688057041
    ],
    "train_prec": [
        0.1713464696223317,
        0.17764550264550263,
        0.12878787878787878,
        0.16428571428571428,
        0.1650537634408602,
        0.2458592132505176,
        0.2209090909090909,
        0.2761904761904762
    ],
    "val_loss": [
        1.4804600935715895,
        1.427699171579801,
        1.3951796843455389,
        1.403944703248831,
        1.3973541351465077,
        1.4029623911930964,
        1.413461079964271,
        1.422087889451247
    ],
    "val_acc": [
        0.23076923076923078,
        0.23076923076923078,
        0.23076923076923078,
        0.23076923076923078,
        0.15384615384615385,
        0.23076923076923078,
        0.0,
        0.07692307692307693
    ],
    "val_recall": [
        0.25,
        0.25,
        0.25,
        0.25,
        0.16666666666666666,
        0.25,
        0.0,
        0.08333333333333333
    ],
    "val_f1": [
        0.09375,
        0.09375,
        0.11538461538461539,
        0.09375,
        0.10555555555555556,
        0.09375,
        0.0,
        0.05555555555555555
    ],
    "val_prec": [
        0.057692307692307696,
        0.057692307692307696,
        0.075,
        0.057692307692307696,
        0.07738095238095238,
        0.057692307692307696,
        0.0,
        0.041666666666666664
    ],
    "final_test": {
        "loss": 1.3863826513290405,
        "acc": 0.3333333333333333,
        "recall": 0.3169642857142857,
        "f1": 0.2625,
        "prec": 0.40625
    }
}