{
    "train_loss": [
        1.5086397409439087,
        1.4591842269897461,
        1.399682149887085,
        1.4136516308784486,
        1.4035870218276978,
        1.4041701126098634,
        1.406941294670105,
        1.36124662399292,
        1.3661672830581666,
        1.269232337474823,
        1.1584051883220672,
        1.1513276714086533,
        1.0752463352680206,
        1.0386971247196197,
        0.9609093809127808
    ],
    "train_acc": [
        0.04,
        0.16,
        0.16,
        0.24,
        0.12,
        0.2,
        0.28,
        0.24,
        0.28,
        0.32,
        0.48,
        0.44,
        0.36,
        0.48,
        0.56
    ],
    "train_recall": [
        0.041666666666666664,
        0.15476190476190477,
        0.1607142857142857,
        0.23214285714285715,
        0.11904761904761904,
        0.1845238095238095,
        0.26785714285714285,
        0.23809523809523808,
        0.25595238095238093,
        0.2916666666666667,
        0.45833333333333337,
        0.4226190476190476,
        0.3392857142857143,
        0.4583333333333333,
        0.5416666666666666
    ],
    "train_f1": [
        0.03571428571428571,
        0.11014492753623188,
        0.10277777777777777,
        0.15966386554621848,
        0.13221153846153846,
        0.1534090909090909,
        0.21195652173913043,
        0.24583333333333335,
        0.17207792207792205,
        0.18166666666666667,
        0.375,
        0.29551820728291317,
        0.2789473684210526,
        0.4180964052287582,
        0.5211080586080586
    ],
    "train_prec": [
        0.03125,
        0.08680555555555555,
        0.0762987012987013,
        0.12175324675324675,
        0.19166666666666665,
        0.19166666666666665,
        0.1875,
        0.3232142857142857,
        0.13125,
        0.1388888888888889,
        0.3194444444444444,
        0.23333333333333334,
        0.2451923076923077,
        0.4292929292929293,
        0.5491071428571428
    ],
    "val_loss": [
        1.3912432023457117,
        1.4451077325003487,
        1.4017892735345023,
        1.3916117463793074,
        1.3853132043566023,
        1.357399242264884,
        1.327544093132019,
        1.2961488621575492,
        1.3247233118329729,
        1.295463306563241,
        1.314759224653244,
        1.3889645721231187,
        1.8007137605122157,
        1.5189052947929926,
        1.537433311343193
    ],
    "val_acc": [
        0.2857142857142857,
        0.14285714285714285,
        0.42857142857142855,
        0.2857142857142857,
        0.0,
        0.42857142857142855,
        0.42857142857142855,
        0.2857142857142857,
        0.42857142857142855,
        0.42857142857142855,
        0.42857142857142855,
        0.42857142857142855,
        0.0,
        0.42857142857142855,
        0.2857142857142857
    ],
    "val_recall": [
        0.25,
        0.25,
        0.5,
        0.25,
        0.0,
        0.5,
        0.5,
        0.25,
        0.5,
        0.375,
        0.5,
        0.5,
        0.0,
        0.5,
        0.375
    ],
    "val_f1": [
        0.1111111111111111,
        0.0625,
        0.29166666666666663,
        0.1111111111111111,
        0.0,
        0.29166666666666663,
        0.29166666666666663,
        0.14285714285714285,
        0.29166666666666663,
        0.29166666666666663,
        0.29166666666666663,
        0.29166666666666663,
        0.0,
        0.29166666666666663,
        0.25
    ],
    "val_prec": [
        0.07142857142857142,
        0.03571428571428571,
        0.20833333333333331,
        0.07142857142857142,
        0.0,
        0.20833333333333331,
        0.20833333333333331,
        0.1,
        0.20833333333333331,
        0.25,
        0.20833333333333331,
        0.20833333333333331,
        0.0,
        0.20833333333333331,
        0.20833333333333331
    ],
    "final_test": {
        "loss": 1.8016746044158936,
        "acc": 0.0,
        "recall": 0.0,
        "f1": 0.0,
        "prec": 0.0
    }
}