{
    "train_loss": [
        1.480168126377405,
        1.4467523471981871,
        1.4229283402947819,
        1.3786466495663512,
        1.3128662039251888,
        1.2391054507564097,
        1.187945275330076
    ],
    "train_acc": [
        0.2549019607843137,
        0.23529411764705882,
        0.19607843137254902,
        0.3137254901960784,
        0.39215686274509803,
        0.43137254901960786,
        0.39215686274509803
    ],
    "train_recall": [
        0.25595238095238093,
        0.22321428571428573,
        0.18831168831168832,
        0.2857142857142857,
        0.36904761904761907,
        0.41666666666666663,
        0.37987012987012986
    ],
    "train_f1": [
        0.17013167013167013,
        0.14772727272727273,
        0.1457892882311487,
        0.20192307692307693,
        0.331005129324457,
        0.354978354978355,
        0.3246849755376038
    ],
    "train_prec": [
        0.12842190016103058,
        0.11071428571428571,
        0.13005636604774537,
        0.17653508771929827,
        0.4107142857142857,
        0.3363095238095238,
        0.3742424242424242
    ],
    "val_loss": [
        1.4580303155458891,
        1.4198812796519353,
        1.470163189447843,
        1.5265266345097468,
        1.5804560734675481,
        1.8567187235905573,
        2.059366978131808
    ],
    "val_acc": [
        0.15384615384615385,
        0.07692307692307693,
        0.15384615384615385,
        0.07692307692307693,
        0.15384615384615385,
        0.07692307692307693,
        0.15384615384615385
    ],
    "val_recall": [
        0.25,
        0.125,
        0.25,
        0.125,
        0.175,
        0.125,
        0.175
    ],
    "val_f1": [
        0.06666666666666667,
        0.041666666666666664,
        0.06666666666666667,
        0.038461538461538464,
        0.12142857142857143,
        0.041666666666666664,
        0.12142857142857143
    ],
    "val_prec": [
        0.038461538461538464,
        0.025,
        0.038461538461538464,
        0.022727272727272728,
        0.15625,
        0.025,
        0.15625
    ],
    "final_test": {
        "loss": 1.3767766157786052,
        "acc": 0.2,
        "recall": 0.1875,
        "f1": 0.125,
        "prec": 0.09375
    }
}