{
    "train_loss": [
        1.460669755935669,
        1.4171087332800323,
        1.4122387217540366,
        1.3954909104926914,
        1.412193541433297,
        1.4121204380895578,
        1.427406526079365,
        1.3762068222550785
    ],
    "train_acc": [
        0.1568627450980392,
        0.2549019607843137,
        0.2549019607843137,
        0.23529411764705882,
        0.27450980392156865,
        0.27450980392156865,
        0.29411764705882354,
        0.29411764705882354
    ],
    "train_recall": [
        0.1369047619047619,
        0.236996336996337,
        0.21904761904761905,
        0.20256410256410257,
        0.2582417582417582,
        0.25503663003663,
        0.2597069597069597,
        0.2619047619047619
    ],
    "train_f1": [
        0.11929170549860205,
        0.19796869796869798,
        0.14922813036020582,
        0.12030075187969924,
        0.1867732558139535,
        0.1999842065779603,
        0.22274838190660767,
        0.18620689655172415
    ],
    "train_prec": [
        0.10681818181818181,
        0.1942918192918193,
        0.13486842105263158,
        0.09672619047619048,
        0.14791288566243194,
        0.19479166666666667,
        0.20192307692307693,
        0.15873015873015872
    ],
    "val_loss": [
        1.6293513132975652,
        1.5562148644373968,
        1.4729883120610163,
        1.5277184798167303,
        1.5194069880705614,
        1.6840975880622864,
        1.56201564348661,
        1.5641706173236554
    ],
    "val_acc": [
        0.07692307692307693,
        0.07692307692307693,
        0.23076923076923078,
        0.07692307692307693,
        0.15384615384615385,
        0.07692307692307693,
        0.23076923076923078,
        0.23076923076923078
    ],
    "val_recall": [
        0.25,
        0.25,
        0.25,
        0.25,
        0.25,
        0.25,
        0.5,
        0.5
    ],
    "val_f1": [
        0.03571428571428571,
        0.041666666666666664,
        0.09375,
        0.038461538461538464,
        0.07142857142857142,
        0.03571428571428571,
        0.19090909090909092,
        0.18333333333333335
    ],
    "val_prec": [
        0.019230769230769232,
        0.022727272727272728,
        0.057692307692307696,
        0.020833333333333332,
        0.041666666666666664,
        0.019230769230769232,
        0.11805555555555555,
        0.1125
    ],
    "final_test": {
        "loss": 1.4011285742123922,
        "acc": 0.2,
        "recall": 0.21428571428571427,
        "f1": 0.08333333333333333,
        "prec": 0.05172413793103448
    }
}