{
    "train_loss": [
        1.5772405791282653,
        1.4459461784362793,
        1.3197338008880615,
        1.3035737442970277,
        1.2320790410041809,
        1.1265383505821227,
        1.0914442241191864,
        1.060982447862625,
        1.0571892100572586,
        1.049029214978218,
        1.0106682321429252,
        0.9819159960746765
    ],
    "train_acc": [
        0.24,
        0.24,
        0.4,
        0.4,
        0.28,
        0.24,
        0.44,
        0.48,
        0.44,
        0.44,
        0.44,
        0.48
    ],
    "train_recall": [
        0.21428571428571427,
        0.21428571428571427,
        0.3857142857142857,
        0.42857142857142855,
        0.3273809523809524,
        0.2857142857142857,
        0.4642857142857143,
        0.5,
        0.4642857142857143,
        0.4642857142857143,
        0.47023809523809523,
        0.5059523809523809
    ],
    "train_f1": [
        0.16025641025641024,
        0.15833333333333333,
        0.30666666666666664,
        0.3591269841269842,
        0.2825091575091575,
        0.2377450980392157,
        0.338768115942029,
        0.4072199730094467,
        0.39646464646464646,
        0.3522727272727273,
        0.4488413547237076,
        0.5007352941176471
    ],
    "train_prec": [
        0.14215686274509803,
        0.1258741258741259,
        0.3472222222222222,
        0.375,
        0.25,
        0.20357142857142857,
        0.2723214285714286,
        0.3604166666666667,
        0.4166666666666667,
        0.2965686274509804,
        0.4458333333333333,
        0.54375
    ],
    "val_loss": [
        1.4387510163443429,
        1.404023323740278,
        1.2404122352600098,
        1.295653053692409,
        1.2908925882407598,
        1.020670188324792,
        0.9587600060871669,
        0.9906196679387774,
        1.0680625310965948,
        1.0744572430849075,
        1.1903276422194071,
        1.2099850976041384
    ],
    "val_acc": [
        0.14285714285714285,
        0.14285714285714285,
        0.5714285714285714,
        0.42857142857142855,
        0.42857142857142855,
        0.5714285714285714,
        0.5714285714285714,
        0.5714285714285714,
        0.5714285714285714,
        0.5714285714285714,
        0.5714285714285714,
        0.5714285714285714
    ],
    "val_recall": [
        0.25,
        0.25,
        0.5,
        0.41666666666666663,
        0.41666666666666663,
        0.5,
        0.5,
        0.5,
        0.5,
        0.5,
        0.5,
        0.5
    ],
    "val_f1": [
        0.0625,
        0.07142857142857142,
        0.35416666666666663,
        0.29166666666666663,
        0.29166666666666663,
        0.35416666666666663,
        0.35416666666666663,
        0.3392857142857143,
        0.35416666666666663,
        0.35416666666666663,
        0.35416666666666663,
        0.35416666666666663
    ],
    "val_prec": [
        0.03571428571428571,
        0.041666666666666664,
        0.275,
        0.25,
        0.25,
        0.275,
        0.275,
        0.2708333333333333,
        0.275,
        0.275,
        0.275,
        0.275
    ],
    "final_test": {
        "loss": 2.099642500281334,
        "acc": 0.25,
        "recall": 0.25,
        "f1": 0.16666666666666666,
        "prec": 0.125
    }
}