{
    "train_loss": [
        1.5117325592041015,
        1.4133593368530273,
        1.3539040279388428,
        1.3478357911109924,
        1.4115865421295166,
        1.3790348482131958,
        1.27452095746994,
        1.1788423585891723,
        1.326496024131775,
        1.0739960408210754,
        1.0595020699501037,
        1.0558696603775024
    ],
    "train_acc": [
        0.16,
        0.2,
        0.32,
        0.28,
        0.2,
        0.24,
        0.4,
        0.4,
        0.4,
        0.56,
        0.44,
        0.44
    ],
    "train_recall": [
        0.1607142857142857,
        0.20714285714285713,
        0.3142857142857143,
        0.2642857142857143,
        0.1845238095238095,
        0.24285714285714285,
        0.4,
        0.42857142857142855,
        0.3857142857142857,
        0.5714285714285714,
        0.4642857142857143,
        0.4642857142857143
    ],
    "train_f1": [
        0.11666666666666667,
        0.22385620915032678,
        0.23214285714285715,
        0.21875,
        0.17670454545454545,
        0.22285714285714286,
        0.3666666666666667,
        0.37857142857142856,
        0.33431372549019606,
        0.509018759018759,
        0.375,
        0.3747436773752563
    ],
    "train_prec": [
        0.09375,
        0.25,
        0.23809523809523808,
        0.20726495726495725,
        0.18125,
        0.3055555555555556,
        0.3581730769230769,
        0.3993055555555555,
        0.29642857142857143,
        0.4648268398268398,
        0.32472527472527474,
        0.3472222222222222
    ],
    "val_loss": [
        1.5118958268846785,
        1.4244206632886613,
        1.4561160547392709,
        1.7144546849387032,
        1.516845771244594,
        1.6503035255840846,
        1.1577507512910026,
        1.6469045111111231,
        1.1767388497080122,
        1.7605459604944502,
        1.9662826146398271,
        2.0950155598776683
    ],
    "val_acc": [
        0.14285714285714285,
        0.14285714285714285,
        0.2857142857142857,
        0.14285714285714285,
        0.2857142857142857,
        0.14285714285714285,
        0.5714285714285714,
        0.2857142857142857,
        0.5714285714285714,
        0.2857142857142857,
        0.2857142857142857,
        0.2857142857142857
    ],
    "val_recall": [
        0.25,
        0.25,
        0.3333333333333333,
        0.25,
        0.5,
        0.25,
        0.5,
        0.3333333333333333,
        0.5,
        0.3333333333333333,
        0.3333333333333333,
        0.3333333333333333
    ],
    "val_f1": [
        0.07142857142857142,
        0.1,
        0.18333333333333335,
        0.08333333333333333,
        0.225,
        0.07142857142857142,
        0.38095238095238093,
        0.2,
        0.38095238095238093,
        0.2,
        0.18333333333333335,
        0.18333333333333335
    ],
    "val_prec": [
        0.041666666666666664,
        0.0625,
        0.175,
        0.05,
        0.14583333333333331,
        0.041666666666666664,
        0.3125,
        0.1875,
        0.3125,
        0.1875,
        0.175,
        0.175
    ],
    "final_test": {
        "loss": 1.492529146373272,
        "acc": 0.5,
        "recall": 0.5,
        "f1": 0.375,
        "prec": 0.3333333333333333
    }
}