{
    "train_loss": [
        1.4435583399791343,
        1.393497136293673,
        1.392242064663008,
        1.3208544254302979,
        1.2500935489056157,
        1.1801927247468162,
        1.0904522345346563
    ],
    "train_acc": [
        0.29411764705882354,
        0.3137254901960784,
        0.3333333333333333,
        0.37254901960784315,
        0.4117647058823529,
        0.5490196078431373,
        0.5490196078431373
    ],
    "train_recall": [
        0.2706349206349206,
        0.27298534798534796,
        0.30192307692307696,
        0.3263736263736264,
        0.36501831501831505,
        0.49826007326007327,
        0.4956959706959707
    ],
    "train_f1": [
        0.23595383275261325,
        0.19553153500940984,
        0.2866161616161616,
        0.25757575757575757,
        0.3220497825760984,
        0.4363708628414511,
        0.4342484777267386
    ],
    "train_prec": [
        0.2251729751729752,
        0.21885964912280703,
        0.3022501906941266,
        0.30394736842105263,
        0.2951505016722408,
        0.4230248917748918,
        0.410479797979798
    ],
    "val_loss": [
        1.5268284816008348,
        1.5032650048916156,
        1.5232356970126812,
        1.7394883861908546,
        1.805248301762801,
        1.951349288225174,
        2.0537429727040806
    ],
    "val_acc": [
        0.07692307692307693,
        0.3076923076923077,
        0.15384615384615385,
        0.07692307692307693,
        0.15384615384615385,
        0.07692307692307693,
        0.07692307692307693
    ],
    "val_recall": [
        0.25,
        0.5,
        0.375,
        0.25,
        0.3333333333333333,
        0.25,
        0.25
    ],
    "val_f1": [
        0.03571428571428571,
        0.21969696969696967,
        0.12698412698412698,
        0.05555555555555555,
        0.17045454545454547,
        0.05555555555555555,
        0.05555555555555555
    ],
    "val_prec": [
        0.019230769230769232,
        0.14375,
        0.08125,
        0.03125,
        0.275,
        0.03125,
        0.03125
    ],
    "final_test": {
        "loss": 1.382059375445048,
        "acc": 0.4,
        "recall": 0.4017857142857143,
        "f1": 0.27329192546583847,
        "prec": 0.2091346153846154
    }
}