{
    "train_loss": [
        1.4567251556059893,
        1.3948926621792364,
        1.4148838461614122,
        1.399959316440657,
        1.3361812724786646,
        1.311703680192723
    ],
    "train_acc": [
        0.1568627450980392,
        0.2549019607843137,
        0.17647058823529413,
        0.29411764705882354,
        0.29411764705882354,
        0.3137254901960784
    ],
    "train_recall": [
        0.15315934065934067,
        0.2477106227106227,
        0.17055860805860806,
        0.28983516483516486,
        0.2822802197802198,
        0.32097069597069594
    ],
    "train_f1": [
        0.13977832512315272,
        0.21793425303861738,
        0.14227941176470588,
        0.2849284158107688,
        0.24431818181818182,
        0.29368686868686866
    ],
    "train_prec": [
        0.12916666666666665,
        0.23174019607843138,
        0.1508699633699634,
        0.30436507936507934,
        0.24027777777777776,
        0.30694444444444446
    ],
    "val_loss": [
        1.472894521859976,
        1.4964984838779156,
        1.5444284952603853,
        1.5351858551685627,
        1.7146628636580248,
        1.736420778127817
    ],
    "val_acc": [
        0.15384615384615385,
        0.07692307692307693,
        0.07692307692307693,
        0.23076923076923078,
        0.15384615384615385,
        0.15384615384615385
    ],
    "val_recall": [
        0.25,
        0.125,
        0.125,
        0.1875,
        0.125,
        0.125
    ],
    "val_f1": [
        0.07142857142857142,
        0.038461538461538464,
        0.038461538461538464,
        0.10714285714285714,
        0.09090909090909091,
        0.09090909090909091
    ],
    "val_prec": [
        0.041666666666666664,
        0.022727272727272728,
        0.022727272727272728,
        0.075,
        0.07142857142857142,
        0.07142857142857142
    ],
    "final_test": {
        "loss": 1.434315594037374,
        "acc": 0.16666666666666666,
        "recall": 0.17857142857142858,
        "f1": 0.07142857142857142,
        "prec": 0.044642857142857144
    }
}