{
    "train_loss": [
        1.5105208883098526,
        1.3937722304288078,
        1.3522199368944354,
        1.380066759446088,
        1.3219167765449076,
        1.2850687994676477,
        1.3366148623765683,
        1.2249132605159985,
        1.1550981992600011,
        1.16853071252505,
        1.0489363865379024
    ],
    "train_acc": [
        0.11764705882352941,
        0.23529411764705882,
        0.3333333333333333,
        0.37254901960784315,
        0.37254901960784315,
        0.3333333333333333,
        0.35294117647058826,
        0.43137254901960786,
        0.5098039215686274,
        0.39215686274509803,
        0.43137254901960786
    ],
    "train_recall": [
        0.10989010989010989,
        0.23406593406593407,
        0.3076923076923077,
        0.3447802197802198,
        0.35329670329670326,
        0.3274725274725275,
        0.3412087912087912,
        0.43104395604395607,
        0.5239010989010988,
        0.39395604395604394,
        0.4082417582417583
    ],
    "train_f1": [
        0.10727969348659003,
        0.2271062271062271,
        0.2744755244755245,
        0.25357142857142856,
        0.3313977688977689,
        0.31732051903953434,
        0.33790834845735024,
        0.3661904761904762,
        0.5070791527313266,
        0.3802834896584896,
        0.41121485779666556
    ],
    "train_prec": [
        0.10494505494505495,
        0.23087121212121214,
        0.3057894736842105,
        0.4583333333333333,
        0.5172077922077922,
        0.31706349206349205,
        0.39375,
        0.33495670995671,
        0.5204861111111111,
        0.4025735294117647,
        0.4218253968253968
    ],
    "val_loss": [
        1.5297680909817035,
        1.3844036780870879,
        1.4626025786766639,
        1.431243658065796,
        1.5500119007550752,
        1.262252321610084,
        1.4314216375350952,
        1.4549826016792884,
        1.5140070548424354,
        1.5659984992100642,
        1.6194795645200288
    ],
    "val_acc": [
        0.15384615384615385,
        0.15384615384615385,
        0.15384615384615385,
        0.07692307692307693,
        0.15384615384615385,
        0.46153846153846156,
        0.38461538461538464,
        0.46153846153846156,
        0.46153846153846156,
        0.38461538461538464,
        0.38461538461538464
    ],
    "val_recall": [
        0.25,
        0.20833333333333331,
        0.25,
        0.041666666666666664,
        0.25,
        0.33333333333333337,
        0.20833333333333334,
        0.2916666666666667,
        0.2916666666666667,
        0.20833333333333334,
        0.20833333333333334
    ],
    "val_f1": [
        0.06666666666666667,
        0.13846153846153847,
        0.09090909090909091,
        0.05555555555555555,
        0.08333333333333333,
        0.2720588235294118,
        0.15625,
        0.23958333333333331,
        0.23958333333333331,
        0.15625,
        0.15625
    ],
    "val_prec": [
        0.038461538461538464,
        0.14772727272727273,
        0.05555555555555555,
        0.08333333333333333,
        0.05,
        0.23863636363636365,
        0.125,
        0.20833333333333331,
        0.20833333333333331,
        0.125,
        0.125
    ],
    "final_test": {
        "loss": 1.528932092587153,
        "acc": 0.3,
        "recall": 0.2946428571428571,
        "f1": 0.23055555555555554,
        "prec": 0.22253787878787878
    }
}