{
    "train_loss": [
        1.5024907827377318,
        1.3870525121688844,
        1.3732870626449585,
        1.4192427158355714,
        1.3230397415161133,
        1.2811292672157288,
        1.2797397327423097,
        1.2705827379226684,
        1.1303791856765748,
        1.1427725386619567,
        1.1006991076469421
    ],
    "train_acc": [
        0.16,
        0.24,
        0.32,
        0.16,
        0.28,
        0.24,
        0.36,
        0.44,
        0.48,
        0.6,
        0.56
    ],
    "train_recall": [
        0.15476190476190477,
        0.2142857142857143,
        0.2976190476190476,
        0.14285714285714285,
        0.2619047619047619,
        0.22619047619047616,
        0.33333333333333337,
        0.42261904761904767,
        0.4523809523809524,
        0.5714285714285714,
        0.5357142857142857
    ],
    "train_f1": [
        0.11666666666666667,
        0.13620689655172413,
        0.2676282051282052,
        0.07692307692307693,
        0.1925925925925926,
        0.19548872180451127,
        0.28888888888888886,
        0.33296783625730997,
        0.4095238095238095,
        0.49759615384615385,
        0.46244343891402717
    ],
    "train_prec": [
        0.09821428571428571,
        0.14015151515151514,
        0.3651960784313726,
        0.05263157894736842,
        0.1875,
        0.1813186813186813,
        0.25946969696969696,
        0.45833333333333337,
        0.37896825396825395,
        0.45555555555555555,
        0.41666666666666663
    ],
    "val_loss": [
        1.5096739871161324,
        1.5162821667534965,
        1.3706422022410802,
        1.4088886635644096,
        1.1954200948987688,
        1.0852971843310766,
        1.1358110478946142,
        1.558448544570378,
        1.1519465701920646,
        1.6695369907787867,
        1.6988073587417603
    ],
    "val_acc": [
        0.14285714285714285,
        0.14285714285714285,
        0.2857142857142857,
        0.2857142857142857,
        0.42857142857142855,
        0.42857142857142855,
        0.42857142857142855,
        0.14285714285714285,
        0.2857142857142857,
        0.14285714285714285,
        0.14285714285714285
    ],
    "val_recall": [
        0.25,
        0.25,
        0.25,
        0.25,
        0.5,
        0.5,
        0.5,
        0.25,
        0.375,
        0.25,
        0.25
    ],
    "val_f1": [
        0.0625,
        0.1,
        0.2,
        0.2,
        0.30000000000000004,
        0.30000000000000004,
        0.30000000000000004,
        0.07142857142857142,
        0.225,
        0.07142857142857142,
        0.08333333333333333
    ],
    "val_prec": [
        0.03571428571428571,
        0.0625,
        0.16666666666666666,
        0.16666666666666666,
        0.22916666666666666,
        0.22916666666666666,
        0.22916666666666666,
        0.041666666666666664,
        0.1875,
        0.041666666666666664,
        0.05
    ],
    "final_test": {
        "loss": 1.3842210099101067,
        "acc": 0.25,
        "recall": 0.25,
        "f1": 0.125,
        "prec": 0.08333333333333333
    }
}