{
    "train_loss": [
        1.4560655999183654,
        1.4706376338005065,
        1.397282238006592,
        1.3699768161773682,
        1.3891648530960083,
        1.36768896818161,
        1.3213660550117492,
        1.2351917827129364,
        1.210667724609375,
        1.0290390676259995,
        1.1088231478631496,
        1.0449977818131446,
        1.0857600337266922
    ],
    "train_acc": [
        0.28,
        0.24,
        0.24,
        0.4,
        0.16,
        0.32,
        0.28,
        0.52,
        0.4,
        0.48,
        0.44,
        0.36,
        0.28
    ],
    "train_recall": [
        0.22767857142857142,
        0.20089285714285715,
        0.1875,
        0.3348214285714286,
        0.14821428571428572,
        0.27767857142857144,
        0.25089285714285714,
        0.4758928571428571,
        0.4107142857142857,
        0.4910714285714286,
        0.4375,
        0.36517857142857146,
        0.2982142857142857
    ],
    "train_f1": [
        0.17307692307692307,
        0.1534526854219949,
        0.10344827586206896,
        0.2506265664160401,
        0.13095238095238093,
        0.24956293706293708,
        0.24299719887955185,
        0.4525,
        0.32550125313283207,
        0.42324342324342323,
        0.4255555555555555,
        0.33219412166780593,
        0.2734848484848485
    ],
    "train_prec": [
        0.1527777777777778,
        0.125,
        0.07142857142857142,
        0.20032051282051283,
        0.12417582417582418,
        0.2777777777777778,
        0.38690476190476186,
        0.5029411764705882,
        0.2797979797979798,
        0.39761904761904765,
        0.5882352941176471,
        0.30627705627705626,
        0.25833333333333336
    ],
    "val_loss": [
        1.4740159000669206,
        1.554990223475865,
        1.5057303053992135,
        1.590996367590768,
        1.30117632661547,
        1.4289521149226598,
        1.294175454548427,
        1.2724942650113786,
        1.9090792600597655,
        2.123265123793057,
        2.3305951724095,
        2.3066470926361426,
        1.7662709193038089
    ],
    "val_acc": [
        0.14285714285714285,
        0.0,
        0.14285714285714285,
        0.14285714285714285,
        0.42857142857142855,
        0.0,
        0.42857142857142855,
        0.42857142857142855,
        0.2857142857142857,
        0.14285714285714285,
        0.14285714285714285,
        0.2857142857142857,
        0.5714285714285714
    ],
    "val_recall": [
        0.3333333333333333,
        0.0,
        0.3333333333333333,
        0.25,
        0.5555555555555555,
        0.0,
        0.25,
        0.25,
        0.4444444444444444,
        0.08333333333333333,
        0.08333333333333333,
        0.4444444444444444,
        0.6666666666666666
    ],
    "val_f1": [
        0.08333333333333333,
        0.0,
        0.08333333333333333,
        0.1,
        0.35714285714285715,
        0.0,
        0.1875,
        0.1875,
        0.24444444444444446,
        0.08333333333333333,
        0.08333333333333333,
        0.27777777777777773,
        0.6571428571428571
    ],
    "val_prec": [
        0.047619047619047616,
        0.0,
        0.047619047619047616,
        0.0625,
        0.27777777777777773,
        0.0,
        0.15,
        0.15,
        0.19444444444444442,
        0.08333333333333333,
        0.08333333333333333,
        0.2222222222222222,
        0.6666666666666666
    ],
    "final_test": {
        "loss": 1.7491299733519554,
        "acc": 0.125,
        "recall": 0.125,
        "f1": 0.07142857142857142,
        "prec": 0.05
    }
}