{
    "train_loss": [
        1.4713378583683687,
        1.4092075310501397,
        1.4297903308681412,
        1.4269522919374353,
        1.3702167891988568,
        1.3215070355172251
    ],
    "train_acc": [
        0.19607843137254902,
        0.23529411764705882,
        0.29411764705882354,
        0.23529411764705882,
        0.29411764705882354,
        0.29411764705882354
    ],
    "train_recall": [
        0.1864177489177489,
        0.237012987012987,
        0.26785714285714285,
        0.22213203463203465,
        0.299512987012987,
        0.26785714285714285
    ],
    "train_f1": [
        0.18123806853832086,
        0.21542582417582418,
        0.2,
        0.20471990787780261,
        0.2513690476190476,
        0.1906318082788671
    ],
    "train_prec": [
        0.2287037037037037,
        0.2250658761528327,
        0.18308080808080807,
        0.2032965524813351,
        0.26996753246753247,
        0.16372141372141374
    ],
    "val_loss": [
        1.37547479226039,
        1.509002263729389,
        1.5613249907126794,
        1.630659167583172,
        1.6839375862708459,
        1.94644191631904
    ],
    "val_acc": [
        0.15384615384615385,
        0.15384615384615385,
        0.15384615384615385,
        0.15384615384615385,
        0.15384615384615385,
        0.15384615384615385
    ],
    "val_recall": [
        0.1,
        0.25,
        0.25,
        0.25,
        0.25,
        0.25
    ],
    "val_f1": [
        0.06666666666666667,
        0.08333333333333333,
        0.08333333333333333,
        0.125,
        0.08333333333333333,
        0.08333333333333333
    ],
    "val_prec": [
        0.05,
        0.05,
        0.05,
        0.08333333333333333,
        0.05,
        0.05
    ],
    "final_test": {
        "loss": 1.3897574305534364,
        "acc": 0.2,
        "recall": 0.1875,
        "f1": 0.08823529411764706,
        "prec": 0.057692307692307696
    }
}