{
    "train_loss": [
        1.463962631225586,
        1.4045311975479127,
        1.3761230850219726,
        1.3144738173484802,
        1.1706766319274902,
        1.1990294003486632,
        1.0897128188610077,
        1.1251871907711029
    ],
    "train_acc": [
        0.2,
        0.2,
        0.16,
        0.44,
        0.48,
        0.48,
        0.44,
        0.4
    ],
    "train_recall": [
        0.19285714285714284,
        0.17857142857142855,
        0.14285714285714285,
        0.41666666666666663,
        0.45833333333333337,
        0.4642857142857143,
        0.4226190476190476,
        0.39285714285714285
    ],
    "train_f1": [
        0.13257575757575757,
        0.11571428571428571,
        0.09821428571428571,
        0.37094017094017095,
        0.3618881118881119,
        0.36360509115927075,
        0.36691086691086694,
        0.31740196078431376
    ],
    "train_prec": [
        0.10238095238095238,
        0.09126984126984126,
        0.07983193277310924,
        0.45394736842105265,
        0.34210526315789475,
        0.36553030303030304,
        0.39285714285714285,
        0.27499999999999997
    ],
    "val_loss": [
        1.522765040397644,
        1.4553157431738717,
        1.4407576407705034,
        1.5604859760829382,
        1.4839867779186793,
        1.8886210407529558,
        1.908409867967878,
        1.6061446624142783
    ],
    "val_acc": [
        0.2857142857142857,
        0.2857142857142857,
        0.14285714285714285,
        0.14285714285714285,
        0.42857142857142855,
        0.2857142857142857,
        0.2857142857142857,
        0.2857142857142857
    ],
    "val_recall": [
        0.5,
        0.375,
        0.125,
        0.125,
        0.5,
        0.375,
        0.375,
        0.25
    ],
    "val_f1": [
        0.25,
        0.20833333333333331,
        0.07142857142857142,
        0.07142857142857142,
        0.375,
        0.23809523809523808,
        0.23809523809523808,
        0.125
    ],
    "val_prec": [
        0.175,
        0.14583333333333331,
        0.05,
        0.05,
        0.3333333333333333,
        0.175,
        0.175,
        0.08333333333333333
    ],
    "final_test": {
        "loss": 1.4479015618562698,
        "acc": 0.0,
        "recall": 0.0,
        "f1": 0.0,
        "prec": 0.0
    }
}