{
    "train_loss": [
        1.4959769833321666,
        1.4290363765230365,
        1.396502978661481,
        1.4057973412906422,
        1.2744999936982697,
        1.21579324556332,
        1.155628244082133
    ],
    "train_acc": [
        0.13725490196078433,
        0.23529411764705882,
        0.2549019607843137,
        0.19607843137254902,
        0.4117647058823529,
        0.43137254901960786,
        0.45098039215686275
    ],
    "train_recall": [
        0.13484432234432236,
        0.23511904761904762,
        0.24610805860805862,
        0.1991758241758242,
        0.41002747252747257,
        0.4152930402930403,
        0.4409340659340659
    ],
    "train_f1": [
        0.10346989966555184,
        0.1848901098901099,
        0.19444444444444442,
        0.1827962506841817,
        0.4010457516339869,
        0.3516666666666667,
        0.4165951665951666
    ],
    "train_prec": [
        0.09193121693121692,
        0.3630952380952381,
        0.1820607553366174,
        0.21726190476190477,
        0.4456439393939394,
        0.4341991341991342,
        0.5020833333333333
    ],
    "val_loss": [
        1.4369495923702533,
        1.4054572307146513,
        1.4133259241397564,
        1.5117744757578924,
        1.6797972550758948,
        1.6696197986602783,
        1.8073770266312819
    ],
    "val_acc": [
        0.15384615384615385,
        0.3076923076923077,
        0.3076923076923077,
        0.3076923076923077,
        0.23076923076923078,
        0.3076923076923077,
        0.3076923076923077
    ],
    "val_recall": [
        0.25,
        0.3125,
        0.25,
        0.29166666666666663,
        0.25,
        0.3125,
        0.3125
    ],
    "val_f1": [
        0.06666666666666667,
        0.20714285714285713,
        0.125,
        0.2222222222222222,
        0.11538461538461539,
        0.2153846153846154,
        0.2153846153846154
    ],
    "val_prec": [
        0.038461538461538464,
        0.3181818181818182,
        0.08333333333333333,
        0.18333333333333335,
        0.075,
        0.325,
        0.325
    ],
    "final_test": {
        "loss": 1.3937945445378621,
        "acc": 0.26666666666666666,
        "recall": 0.2589285714285714,
        "f1": 0.16999999999999998,
        "prec": 0.12669683257918551
    }
}