{
    "train_loss": [
        1.495350021941989,
        1.384289362851311,
        1.3744918481976378,
        1.4245850221783507,
        1.3967216809590657,
        1.4001036157795028,
        1.3569162020496293,
        1.2572574077867995,
        1.2470988362443214,
        1.1880379494498758
    ],
    "train_acc": [
        0.13725490196078433,
        0.27450980392156865,
        0.2549019607843137,
        0.23529411764705882,
        0.29411764705882354,
        0.23529411764705882,
        0.3137254901960784,
        0.39215686274509803,
        0.47058823529411764,
        0.39215686274509803
    ],
    "train_recall": [
        0.1291208791208791,
        0.26373626373626374,
        0.2335164835164835,
        0.2285714285714286,
        0.2804945054945055,
        0.22554945054945055,
        0.317032967032967,
        0.3956043956043956,
        0.4925824175824176,
        0.40686813186813187
    ],
    "train_f1": [
        0.09967320261437909,
        0.19269876819708848,
        0.1869887730553328,
        0.17055335968379448,
        0.2731413414172035,
        0.21177327798017453,
        0.3148178137651822,
        0.3843115942028985,
        0.4673809523809524,
        0.39445652173913043
    ],
    "train_prec": [
        0.08116883116883117,
        0.19171122994652406,
        0.1713464696223317,
        0.1515625,
        0.30817099567099565,
        0.39568922924901184,
        0.3453535353535353,
        0.38502435064935064,
        0.49639249639249633,
        0.409640522875817
    ],
    "val_loss": [
        1.5295503506293664,
        1.4714169043761034,
        1.458174467086792,
        1.48432064973391,
        1.4338977336883545,
        1.4770222718899066,
        1.43712278512808,
        1.4490531545418959,
        1.5691745097820575,
        1.7981875492976263
    ],
    "val_acc": [
        0.15384615384615385,
        0.07692307692307693,
        0.3076923076923077,
        0.15384615384615385,
        0.07692307692307693,
        0.15384615384615385,
        0.38461538461538464,
        0.38461538461538464,
        0.46153846153846156,
        0.38461538461538464
    ],
    "val_recall": [
        0.25,
        0.125,
        0.5,
        0.16666666666666666,
        0.125,
        0.16666666666666666,
        0.20833333333333334,
        0.20833333333333334,
        0.33333333333333337,
        0.20833333333333334
    ],
    "val_f1": [
        0.06666666666666667,
        0.045454545454545456,
        0.2361111111111111,
        0.07142857142857142,
        0.03571428571428571,
        0.11805555555555555,
        0.16666666666666666,
        0.16666666666666666,
        0.3333333333333333,
        0.16666666666666666
    ],
    "val_prec": [
        0.038461538461538464,
        0.027777777777777776,
        0.15476190476190477,
        0.045454545454545456,
        0.020833333333333332,
        0.1607142857142857,
        0.1388888888888889,
        0.1388888888888889,
        0.3888888888888889,
        0.1388888888888889
    ],
    "final_test": {
        "loss": 1.3969498852888742,
        "acc": 0.2,
        "recall": 0.1875,
        "f1": 0.13118279569892471,
        "prec": 0.11490683229813664
    }
}