{
    "train_loss": [
        1.4834420108795165,
        1.4444904279708863,
        1.4020674848556518,
        1.356457223892212,
        1.2992032408714294,
        1.2883196377754211,
        1.3294927191734314
    ],
    "train_acc": [
        0.2,
        0.28,
        0.24,
        0.36,
        0.36,
        0.32,
        0.36
    ],
    "train_recall": [
        0.1845238095238095,
        0.27976190476190477,
        0.23214285714285715,
        0.35119047619047616,
        0.35119047619047616,
        0.2976190476190476,
        0.35119047619047616
    ],
    "train_f1": [
        0.12166666666666667,
        0.20300751879699247,
        0.17708333333333331,
        0.23863636363636365,
        0.27380952380952384,
        0.23214285714285715,
        0.2858187134502924
    ],
    "train_prec": [
        0.09722222222222221,
        0.1675824175824176,
        0.14583333333333331,
        0.1892361111111111,
        0.22767857142857142,
        0.3214285714285714,
        0.26666666666666666
    ],
    "val_loss": [
        1.3980885914393835,
        1.3410216399601527,
        1.363793100629534,
        1.3516513875552587,
        1.4121138453483582,
        1.447956579072135,
        1.5147784735475267
    ],
    "val_acc": [
        0.14285714285714285,
        0.2857142857142857,
        0.2857142857142857,
        0.2857142857142857,
        0.2857142857142857,
        0.2857142857142857,
        0.42857142857142855
    ],
    "val_recall": [
        0.25,
        0.25,
        0.375,
        0.375,
        0.375,
        0.375,
        0.5
    ],
    "val_f1": [
        0.07142857142857142,
        0.18333333333333335,
        0.20833333333333331,
        0.20833333333333331,
        0.2,
        0.20833333333333331,
        0.30952380952380953
    ],
    "val_prec": [
        0.041666666666666664,
        0.14583333333333331,
        0.14583333333333331,
        0.14583333333333331,
        0.14583333333333331,
        0.14583333333333331,
        0.225
    ],
    "final_test": {
        "loss": 1.327312245965004,
        "acc": 0.25,
        "recall": 0.25,
        "f1": 0.125,
        "prec": 0.08333333333333333
    }
}