{
    "train_loss": [
        1.5194949746131896,
        1.443060145378113,
        1.392543168067932,
        1.3144566059112548,
        1.271309621334076,
        1.2499342501163482,
        1.3654189085960389,
        1.2154528510570526,
        1.1663571202754974,
        1.1538437169790268,
        1.081802589893341,
        1.1714403170347214,
        1.1216991811990737,
        1.0642787981033326,
        1.0271446052193642,
        1.1406101894378662,
        1.0018937370181085
    ],
    "train_acc": [
        0.16,
        0.16,
        0.24,
        0.28,
        0.32,
        0.36,
        0.24,
        0.4,
        0.32,
        0.48,
        0.4,
        0.36,
        0.48,
        0.48,
        0.52,
        0.44,
        0.44
    ],
    "train_recall": [
        0.16666666666666666,
        0.14285714285714285,
        0.24285714285714285,
        0.2642857142857143,
        0.3285714285714285,
        0.37857142857142856,
        0.22857142857142854,
        0.4142857142857143,
        0.34285714285714286,
        0.4857142857142857,
        0.41428571428571426,
        0.37857142857142856,
        0.4857142857142857,
        0.4916666666666667,
        0.5273809523809524,
        0.45595238095238094,
        0.45595238095238094
    ],
    "train_f1": [
        0.08333333333333333,
        0.07692307692307693,
        0.19090909090909092,
        0.2261904761904762,
        0.3130952380952381,
        0.2857142857142857,
        0.18888888888888888,
        0.35530303030303034,
        0.32373737373737377,
        0.4207070707070707,
        0.3993055555555555,
        0.3225108225108225,
        0.44356609574000877,
        0.4672222222222222,
        0.5251068376068376,
        0.4472222222222222,
        0.45595238095238094
    ],
    "train_prec": [
        0.05555555555555555,
        0.05263157894736842,
        0.16025641025641024,
        0.25,
        0.3166208791208791,
        0.23214285714285715,
        0.17067307692307693,
        0.33333333333333337,
        0.375,
        0.3740530303030303,
        0.4015151515151515,
        0.3005952380952381,
        0.46875,
        0.7083333333333333,
        0.5961538461538461,
        0.45694444444444443,
        0.45595238095238094
    ],
    "val_loss": [
        1.4308397769927979,
        1.4558037689753942,
        1.3019240243094308,
        1.3685324021748133,
        1.4312997886112757,
        1.2165170226778304,
        1.1992038360663824,
        1.1584588885307312,
        1.0945098847150803,
        1.1260936771120345,
        1.1275785458939416,
        1.0655850661652428,
        1.154614148395402,
        1.1466669940522738,
        1.1117866039276123,
        1.6026465381894792,
        1.1223767633949007
    ],
    "val_acc": [
        0.14285714285714285,
        0.14285714285714285,
        0.5714285714285714,
        0.2857142857142857,
        0.14285714285714285,
        0.42857142857142855,
        0.42857142857142855,
        0.42857142857142855,
        0.42857142857142855,
        0.42857142857142855,
        0.42857142857142855,
        0.42857142857142855,
        0.42857142857142855,
        0.42857142857142855,
        0.42857142857142855,
        0.14285714285714285,
        0.42857142857142855
    ],
    "val_recall": [
        0.25,
        0.25,
        0.6666666666666666,
        0.3333333333333333,
        0.25,
        0.41666666666666663,
        0.41666666666666663,
        0.41666666666666663,
        0.41666666666666663,
        0.41666666666666663,
        0.41666666666666663,
        0.41666666666666663,
        0.41666666666666663,
        0.41666666666666663,
        0.41666666666666663,
        0.25,
        0.41666666666666663
    ],
    "val_f1": [
        0.0625,
        0.0625,
        0.49166666666666664,
        0.19642857142857142,
        0.08333333333333333,
        0.2833333333333333,
        0.2833333333333333,
        0.2833333333333333,
        0.2833333333333333,
        0.2833333333333333,
        0.2833333333333333,
        0.30000000000000004,
        0.2833333333333333,
        0.2833333333333333,
        0.2833333333333333,
        0.08333333333333333,
        0.30000000000000004
    ],
    "val_prec": [
        0.03571428571428571,
        0.03571428571428571,
        0.4583333333333333,
        0.2916666666666667,
        0.05,
        0.3,
        0.3,
        0.3,
        0.3,
        0.3,
        0.3,
        0.3125,
        0.3,
        0.3,
        0.3,
        0.05,
        0.3125
    ],
    "final_test": {
        "loss": 2.169557675719261,
        "acc": 0.25,
        "recall": 0.25,
        "f1": 0.2,
        "prec": 0.16666666666666666
    }
}