{
    "train_loss": [
        1.487315936088562,
        1.3958241033554077,
        1.3277077770233154,
        1.2488811087608338,
        1.183522343635559,
        1.1809399700164795,
        1.0212232667207717,
        0.9374911338090897,
        0.9778204870223999,
        0.9283446663618088
    ],
    "train_acc": [
        0.24,
        0.2,
        0.44,
        0.48,
        0.52,
        0.44,
        0.56,
        0.6,
        0.6,
        0.56
    ],
    "train_recall": [
        0.19791666666666666,
        0.16666666666666666,
        0.39583333333333337,
        0.42708333333333337,
        0.46875000000000006,
        0.38541666666666663,
        0.5,
        0.55,
        0.56875,
        0.5375
    ],
    "train_f1": [
        0.13571428571428573,
        0.12631578947368421,
        0.2866847826086957,
        0.30842391304347827,
        0.4160628019323672,
        0.28846153846153844,
        0.3742857142857143,
        0.47410256410256413,
        0.5079431438127091,
        0.47824397824397824
    ],
    "train_prec": [
        0.10477941176470588,
        0.10256410256410256,
        0.225,
        0.24166666666666667,
        0.4083333333333333,
        0.24007936507936506,
        0.30514705882352944,
        0.5819327731092437,
        0.4976190476190476,
        0.4464285714285714
    ],
    "val_loss": [
        1.4771347386496407,
        1.4482700995036535,
        1.4380112886428833,
        1.4300466690744673,
        1.3035502944673811,
        1.46747345158032,
        1.4961747250386648,
        1.5433702447584696,
        1.5754453092813492,
        1.7396270803042821
    ],
    "val_acc": [
        0.0,
        0.14285714285714285,
        0.2857142857142857,
        0.14285714285714285,
        0.2857142857142857,
        0.14285714285714285,
        0.2857142857142857,
        0.2857142857142857,
        0.42857142857142855,
        0.2857142857142857
    ],
    "val_recall": [
        0.0,
        0.125,
        0.25,
        0.125,
        0.25,
        0.125,
        0.20833333333333331,
        0.20833333333333331,
        0.3333333333333333,
        0.25
    ],
    "val_f1": [
        0.0,
        0.1,
        0.14285714285714285,
        0.125,
        0.125,
        0.1,
        0.25,
        0.25,
        0.26785714285714285,
        0.14285714285714285
    ],
    "val_prec": [
        0.0,
        0.08333333333333333,
        0.1,
        0.125,
        0.08333333333333333,
        0.08333333333333333,
        0.375,
        0.375,
        0.35,
        0.1
    ],
    "final_test": {
        "loss": 1.3304119929671288,
        "acc": 0.5,
        "recall": 0.5,
        "f1": 0.375,
        "prec": 0.3333333333333333
    }
}