{
    "train_loss": [
        1.4093145298957825,
        1.4106441688537599,
        1.3334537267684936,
        1.3862735867500304,
        1.3453452968597412,
        1.2142890882492066,
        1.1832990276813506,
        1.0388033926486968,
        1.0783251404762269
    ],
    "train_acc": [
        0.24,
        0.2,
        0.36,
        0.28,
        0.28,
        0.32,
        0.36,
        0.44,
        0.4
    ],
    "train_recall": [
        0.21428571428571427,
        0.19285714285714284,
        0.38809523809523805,
        0.2928571428571428,
        0.2928571428571428,
        0.34285714285714286,
        0.39285714285714285,
        0.45,
        0.42023809523809524
    ],
    "train_f1": [
        0.0967741935483871,
        0.16025641025641024,
        0.3648989898989899,
        0.2674089068825911,
        0.20833333333333331,
        0.31313131313131315,
        0.32976190476190476,
        0.375,
        0.4168831168831169
    ],
    "train_prec": [
        0.0625,
        0.3026315789473684,
        0.3833333333333333,
        0.25416666666666665,
        0.16596638655462184,
        0.31666666666666665,
        0.31547619047619047,
        0.3715686274509804,
        0.41517857142857145
    ],
    "val_loss": [
        1.3744025571005685,
        1.360177789415632,
        1.3163728628839766,
        1.1649051478930883,
        1.3225969076156616,
        1.654905080795288,
        1.5648300818034582,
        1.7933300243956702,
        1.5571552174431937
    ],
    "val_acc": [
        0.2857142857142857,
        0.2857142857142857,
        0.42857142857142855,
        0.42857142857142855,
        0.42857142857142855,
        0.2857142857142857,
        0.42857142857142855,
        0.2857142857142857,
        0.2857142857142857
    ],
    "val_recall": [
        0.5,
        0.3333333333333333,
        0.41666666666666663,
        0.25,
        0.5833333333333334,
        0.3333333333333333,
        0.5833333333333334,
        0.3333333333333333,
        0.3333333333333333
    ],
    "val_f1": [
        0.3214285714285714,
        0.225,
        0.26666666666666666,
        0.16666666666666666,
        0.375,
        0.18333333333333335,
        0.4583333333333333,
        0.18333333333333335,
        0.35
    ],
    "val_prec": [
        0.2916666666666667,
        0.20833333333333331,
        0.22916666666666666,
        0.125,
        0.41666666666666663,
        0.175,
        0.55,
        0.175,
        0.375
    ],
    "final_test": {
        "loss": 1.2669063210487366,
        "acc": 0.25,
        "recall": 0.25,
        "f1": 0.125,
        "prec": 0.08333333333333333
    }
}