{
    "train_loss": [
        1.5852498459815978,
        1.416558952331543,
        1.4496577310562133,
        1.3769523429870605,
        1.374778847694397,
        1.2957505512237548,
        1.1115272808074952,
        0.9072278583049774,
        0.6162954032421112,
        0.40010160714387893,
        0.14815158665180206,
        0.07616996988654137,
        0.04871754065155983,
        0.034231492951512336,
        0.03173779085278511,
        0.02445236571133137,
        0.023012577071785927,
        0.017903944104909898,
        0.014543692581355572,
        0.017838994339108467,
        0.011783140953630209,
        0.011415225062519312,
        0.009753652717918157,
        0.008623173274099828,
        0.0079663504101336,
        0.00785449099726975,
        0.0071791469771415,
        0.006555342990905047,
        0.007755319206044078,
        0.005093968706205487,
        0.005214207340031862,
        0.005735960146412253,
        0.004770863284356892,
        0.00446838463190943,
        0.003699186774902046,
        0.0037884096428751944,
        0.00417154863011092,
        0.003835143996402621,
        0.0032697480637580156
    ],
    "train_acc": [
        0.28,
        0.24,
        0.32,
        0.16,
        0.28,
        0.36,
        0.56,
        0.64,
        0.84,
        0.96,
        1.0,
        1.0,
        1.0,
        1.0,
        1.0,
        1.0,
        1.0,
        1.0,
        1.0,
        1.0,
        1.0,
        1.0,
        1.0,
        1.0,
        1.0,
        1.0,
        1.0,
        1.0,
        1.0,
        1.0,
        1.0,
        1.0,
        1.0,
        1.0,
        1.0,
        1.0,
        1.0,
        1.0,
        1.0
    ],
    "train_recall": [
        0.22916666666666666,
        0.25,
        0.25,
        0.14583333333333331,
        0.24999999999999997,
        0.3208333333333333,
        0.5416666666666666,
        0.6166666666666666,
        0.8333333333333334,
        0.95,
        1.0,
        1.0,
        1.0,
        1.0,
        1.0,
        1.0,
        1.0,
        1.0,
        1.0,
        1.0,
        1.0,
        1.0,
        1.0,
        1.0,
        1.0,
        1.0,
        1.0,
        1.0,
        1.0,
        1.0,
        1.0,
        1.0,
        1.0,
        1.0,
        1.0,
        1.0,
        1.0,
        1.0,
        1.0
    ],
    "train_f1": [
        0.15714285714285714,
        0.1,
        0.12121212121212122,
        0.13333333333333333,
        0.22332015810276679,
        0.2971014492753623,
        0.4196428571428571,
        0.5798444976076556,
        0.8244949494949495,
        0.957516339869281,
        1.0,
        1.0,
        1.0,
        1.0,
        1.0,
        1.0,
        1.0,
        1.0,
        1.0,
        1.0,
        1.0,
        1.0,
        1.0,
        1.0,
        1.0,
        1.0,
        1.0,
        1.0,
        1.0,
        1.0,
        1.0,
        1.0,
        1.0,
        1.0,
        1.0,
        1.0,
        1.0,
        1.0,
        1.0
    ],
    "train_prec": [
        0.1375,
        0.0625,
        0.08,
        0.125,
        0.21666666666666667,
        0.43333333333333335,
        0.40384615384615385,
        0.5984848484848484,
        0.8785714285714286,
        0.9722222222222222,
        1.0,
        1.0,
        1.0,
        1.0,
        1.0,
        1.0,
        1.0,
        1.0,
        1.0,
        1.0,
        1.0,
        1.0,
        1.0,
        1.0,
        1.0,
        1.0,
        1.0,
        1.0,
        1.0,
        1.0,
        1.0,
        1.0,
        1.0,
        1.0,
        1.0,
        1.0,
        1.0,
        1.0,
        1.0
    ],
    "val_loss": [
        1.4033560071672713,
        1.4478446756090437,
        1.5056075368608748,
        1.3620480809892928,
        1.4470839159829276,
        1.2376786470413208,
        1.030064514705113,
        0.8690187122140612,
        0.8093031474522182,
        0.36398363964898245,
        0.3681104587657111,
        0.22921941535813467,
        0.2851382313030107,
        0.16546374133655004,
        0.09166067679013525,
        0.3114000516278403,
        0.270880185599838,
        0.13163481147161551,
        0.0645742474922112,
        0.0933374363396849,
        0.22636092427585805,
        0.21675894608987228,
        0.5204186404922179,
        0.05697441766304629,
        0.5408272010141185,
        0.06299802767378944,
        0.06896754061537129,
        0.3386410692972796,
        0.03387921290206058,
        0.03490209433117083,
        0.14058854138212545,
        0.15642306235219752,
        0.38175526301243473,
        0.029059352353215218,
        0.25291454758761184,
        0.27994656436411397,
        0.3129382083591606,
        0.03709226001852325,
        0.0662517103898738
    ],
    "val_acc": [
        0.2857142857142857,
        0.0,
        0.0,
        0.5714285714285714,
        0.2857142857142857,
        0.42857142857142855,
        0.42857142857142855,
        0.5714285714285714,
        0.8571428571428571,
        0.8571428571428571,
        1.0,
        1.0,
        1.0,
        1.0,
        1.0,
        0.8571428571428571,
        1.0,
        1.0,
        1.0,
        1.0,
        1.0,
        1.0,
        0.5714285714285714,
        1.0,
        0.5714285714285714,
        1.0,
        1.0,
        0.7142857142857143,
        1.0,
        1.0,
        1.0,
        1.0,
        0.7142857142857143,
        1.0,
        0.8571428571428571,
        0.7142857142857143,
        0.7142857142857143,
        1.0,
        1.0
    ],
    "val_recall": [
        0.3333333333333333,
        0.0,
        0.0,
        0.6666666666666666,
        0.25,
        0.3333333333333333,
        0.25,
        0.5,
        0.8333333333333334,
        0.8333333333333334,
        1.0,
        1.0,
        1.0,
        1.0,
        1.0,
        0.8888888888888888,
        1.0,
        1.0,
        1.0,
        1.0,
        1.0,
        1.0,
        0.6666666666666666,
        1.0,
        0.6666666666666666,
        1.0,
        1.0,
        0.7777777777777777,
        1.0,
        1.0,
        1.0,
        1.0,
        0.7777777777777777,
        1.0,
        0.8888888888888888,
        0.7777777777777777,
        0.7777777777777777,
        1.0,
        1.0
    ],
    "val_f1": [
        0.14814814814814814,
        0.0,
        0.0,
        0.5238095238095238,
        0.25,
        0.25,
        0.1875,
        0.47222222222222215,
        0.8412698412698413,
        0.8412698412698413,
        1.0,
        1.0,
        1.0,
        1.0,
        1.0,
        0.8666666666666667,
        1.0,
        1.0,
        1.0,
        1.0,
        1.0,
        1.0,
        0.5238095238095238,
        1.0,
        0.5238095238095238,
        1.0,
        1.0,
        0.7222222222222222,
        1.0,
        1.0,
        1.0,
        1.0,
        0.7222222222222222,
        1.0,
        0.8666666666666667,
        0.7222222222222222,
        0.7222222222222222,
        1.0,
        1.0
    ],
    "val_prec": [
        0.09523809523809523,
        0.0,
        0.0,
        0.4666666666666666,
        0.25,
        0.19999999999999998,
        0.15,
        0.5333333333333333,
        0.9166666666666666,
        0.9166666666666666,
        1.0,
        1.0,
        1.0,
        1.0,
        1.0,
        0.8888888888888888,
        1.0,
        1.0,
        1.0,
        1.0,
        1.0,
        1.0,
        0.4666666666666666,
        1.0,
        0.4666666666666666,
        1.0,
        1.0,
        0.8333333333333334,
        1.0,
        1.0,
        1.0,
        1.0,
        0.8333333333333334,
        1.0,
        0.8888888888888888,
        0.8333333333333334,
        0.8333333333333334,
        1.0,
        1.0
    ],
    "final_test": {
        "loss": 0.005524507228983566,
        "acc": 1.0,
        "recall": 1.0,
        "f1": 1.0,
        "prec": 1.0
    }
}