{
    "train_loss": [
        1.4601624608039856,
        1.4065566553789026,
        1.3190313191974865,
        0.9421922967714422,
        0.6292912922069138,
        0.6003146764694476,
        0.438811112487433,
        0.21682418061091618,
        0.06429573550235991,
        0.0398605577647686
    ],
    "train_acc": [
        0.29411764705882354,
        0.2549019607843137,
        0.37254901960784315,
        0.5882352941176471,
        0.7843137254901961,
        0.6862745098039216,
        0.8431372549019608,
        0.9607843137254902,
        1.0,
        1.0
    ],
    "train_recall": [
        0.2481737012987013,
        0.2333603896103896,
        0.34805194805194806,
        0.546875,
        0.734090909090909,
        0.6725649350649351,
        0.8139204545454546,
        0.9594155844155845,
        1.0,
        1.0
    ],
    "train_f1": [
        0.20165666266506604,
        0.20986895986895987,
        0.3436563436563437,
        0.47526624479086277,
        0.7276861508610235,
        0.6696478744754607,
        0.8170095624456679,
        0.9594155844155845,
        1.0,
        1.0
    ],
    "train_prec": [
        0.19318181818181815,
        0.19224196855775802,
        0.3877708978328174,
        0.43333333333333335,
        0.7939505347593583,
        0.683974358974359,
        0.8342731829573934,
        0.9594155844155845,
        1.0,
        1.0
    ],
    "val_loss": [
        1.4584261912565966,
        1.453488941376026,
        1.5460610068761385,
        1.5229594592864697,
        0.9459174688045795,
        1.901299390082176,
        1.0204723961651325,
        1.328428077010008,
        1.76618628977583,
        1.4194750480640392
    ],
    "val_acc": [
        0.15384615384615385,
        0.15384615384615385,
        0.15384615384615385,
        0.15384615384615385,
        0.5384615384615384,
        0.15384615384615385,
        0.46153846153846156,
        0.5384615384615384,
        0.46153846153846156,
        0.46153846153846156
    ],
    "val_recall": [
        0.3333333333333333,
        0.3333333333333333,
        0.25,
        0.25,
        0.6111111111111112,
        0.25,
        0.44166666666666665,
        0.4666666666666666,
        0.41666666666666663,
        0.41666666666666663
    ],
    "val_f1": [
        0.08888888888888889,
        0.08888888888888889,
        0.2,
        0.2,
        0.5416666666666666,
        0.25,
        0.4722222222222222,
        0.4642857142857143,
        0.3833333333333333,
        0.3833333333333333
    ],
    "val_prec": [
        0.05128205128205129,
        0.05128205128205129,
        0.16666666666666666,
        0.16666666666666666,
        0.5,
        0.25,
        0.5208333333333333,
        0.5,
        0.3611111111111111,
        0.3611111111111111
    ],
    "final_test": {
        "loss": 1.2424844225247702,
        "acc": 0.5666666666666667,
        "recall": 0.5535714285714286,
        "f1": 0.4852369852369853,
        "prec": 0.4511904761904762
    }
}