{
    "train_loss": [
        1.5427150297164918,
        1.4911610651016236,
        1.3793989944458007,
        1.3189828610420227,
        1.1966749596595765,
        0.9684699094295501,
        0.8260527443885803,
        0.5766647765040398,
        0.41746204644441604,
        0.27543177947402,
        0.12257605835795403,
        0.059921453446149825,
        0.045007679462432865,
        0.0350159914419055,
        0.030387081876397132,
        0.023830204010009765,
        0.021493728030472992,
        0.02290437703952193,
        0.014681980758905411,
        0.014144105175510048,
        0.012962441463023423,
        0.012726125931367278,
        0.0099830505810678,
        0.009452527854591608,
        0.009352839272469281,
        0.007505676615983248,
        0.00707945714239031,
        0.006406757961958647,
        0.007396349986083806,
        0.005039185839705169,
        0.005761468661949039,
        0.0038120491849258542,
        0.0051715214969590305,
        0.0039728286117315294,
        0.00533608574885875
    ],
    "train_acc": [
        0.24,
        0.28,
        0.28,
        0.32,
        0.56,
        0.52,
        0.68,
        0.8,
        0.92,
        0.92,
        1.0,
        1.0,
        1.0,
        1.0,
        1.0,
        1.0,
        1.0,
        1.0,
        1.0,
        1.0,
        1.0,
        1.0,
        1.0,
        1.0,
        1.0,
        1.0,
        1.0,
        1.0,
        1.0,
        1.0,
        1.0,
        1.0,
        1.0,
        1.0,
        1.0
    ],
    "train_recall": [
        0.22916666666666666,
        0.24107142857142858,
        0.22767857142857142,
        0.25,
        0.47470238095238093,
        0.4479166666666667,
        0.6741071428571428,
        0.7604166666666666,
        0.90625,
        0.8958333333333334,
        1.0,
        1.0,
        1.0,
        1.0,
        1.0,
        1.0,
        1.0,
        1.0,
        1.0,
        1.0,
        1.0,
        1.0,
        1.0,
        1.0,
        1.0,
        1.0,
        1.0,
        1.0,
        1.0,
        1.0,
        1.0,
        1.0,
        1.0,
        1.0,
        1.0
    ],
    "train_f1": [
        0.16190476190476188,
        0.16951566951566951,
        0.1675824175824176,
        0.12121212121212122,
        0.4069900687547746,
        0.3812693498452012,
        0.664141414141414,
        0.7708333333333333,
        0.9041666666666668,
        0.8958333333333334,
        1.0,
        1.0,
        1.0,
        1.0,
        1.0,
        1.0,
        1.0,
        1.0,
        1.0,
        1.0,
        1.0,
        1.0,
        1.0,
        1.0,
        1.0,
        1.0,
        1.0,
        1.0,
        1.0,
        1.0,
        1.0,
        1.0,
        1.0,
        1.0,
        1.0
    ],
    "train_prec": [
        0.1380952380952381,
        0.1625,
        0.14087301587301587,
        0.08,
        0.525,
        0.3472222222222222,
        0.7321428571428572,
        0.829861111111111,
        0.90625,
        0.8958333333333334,
        1.0,
        1.0,
        1.0,
        1.0,
        1.0,
        1.0,
        1.0,
        1.0,
        1.0,
        1.0,
        1.0,
        1.0,
        1.0,
        1.0,
        1.0,
        1.0,
        1.0,
        1.0,
        1.0,
        1.0,
        1.0,
        1.0,
        1.0,
        1.0,
        1.0
    ],
    "val_loss": [
        1.508983509881156,
        1.5362932511738367,
        1.5662703173501151,
        1.6092259883880615,
        1.3784660867282323,
        1.231085283415658,
        1.185824521950313,
        1.226935190813882,
        0.7116208672523499,
        0.7443108622516904,
        0.3176551269633429,
        0.22326014829533442,
        0.16704788537962095,
        0.14732652051108225,
        0.13058217561670712,
        0.13856658871684754,
        0.12714786614690507,
        0.129786363403712,
        0.10792157665959426,
        0.09141872583755425,
        0.10089550353586674,
        0.09588934773845333,
        0.10221969495926585,
        0.09413263042058263,
        0.0817928362105574,
        0.1104892087834222,
        0.10377255454659462,
        0.0817577148388539,
        0.07941500011033245,
        0.06797884065391761,
        0.0942155297712556,
        0.07410167250782251,
        0.07645247617204275,
        0.07270329029831503,
        0.09182637916611773
    ],
    "val_acc": [
        0.0,
        0.0,
        0.0,
        0.0,
        0.14285714285714285,
        0.14285714285714285,
        0.42857142857142855,
        0.2857142857142857,
        0.7142857142857143,
        0.42857142857142855,
        0.8571428571428571,
        0.8571428571428571,
        1.0,
        1.0,
        1.0,
        1.0,
        1.0,
        1.0,
        1.0,
        1.0,
        1.0,
        1.0,
        1.0,
        1.0,
        1.0,
        1.0,
        1.0,
        1.0,
        1.0,
        1.0,
        1.0,
        1.0,
        1.0,
        1.0,
        1.0
    ],
    "val_recall": [
        0.0,
        0.0,
        0.0,
        0.0,
        0.3333333333333333,
        0.25,
        0.6666666666666666,
        0.3333333333333333,
        0.5833333333333334,
        0.6666666666666666,
        0.6666666666666666,
        0.6666666666666666,
        1.0,
        1.0,
        1.0,
        1.0,
        1.0,
        1.0,
        1.0,
        1.0,
        1.0,
        1.0,
        1.0,
        1.0,
        1.0,
        1.0,
        1.0,
        1.0,
        1.0,
        1.0,
        1.0,
        1.0,
        1.0,
        1.0,
        1.0
    ],
    "val_f1": [
        0.0,
        0.0,
        0.0,
        0.0,
        0.08333333333333333,
        0.07142857142857142,
        0.5,
        0.14814814814814814,
        0.5166666666666667,
        0.4444444444444444,
        0.6296296296296297,
        0.6296296296296297,
        1.0,
        1.0,
        1.0,
        1.0,
        1.0,
        1.0,
        1.0,
        1.0,
        1.0,
        1.0,
        1.0,
        1.0,
        1.0,
        1.0,
        1.0,
        1.0,
        1.0,
        1.0,
        1.0,
        1.0,
        1.0,
        1.0,
        1.0
    ],
    "val_prec": [
        0.0,
        0.0,
        0.0,
        0.0,
        0.047619047619047616,
        0.041666666666666664,
        0.4444444444444444,
        0.09523809523809523,
        0.47222222222222215,
        0.39999999999999997,
        0.6,
        0.6,
        1.0,
        1.0,
        1.0,
        1.0,
        1.0,
        1.0,
        1.0,
        1.0,
        1.0,
        1.0,
        1.0,
        1.0,
        1.0,
        1.0,
        1.0,
        1.0,
        1.0,
        1.0,
        1.0,
        1.0,
        1.0,
        1.0,
        1.0
    ],
    "final_test": {
        "loss": 0.00682276688166894,
        "acc": 1.0,
        "recall": 1.0,
        "f1": 1.0,
        "prec": 1.0
    }
}