{
    "train_loss": [
        1.5875722455978394,
        1.3657137727737427,
        1.3587257862091064,
        1.328343939781189,
        1.0509348702430725,
        0.6302830266952515,
        0.4287853044271469,
        0.24337317734956743,
        0.11192487344145775,
        0.06870532676577568,
        0.04739934995770454,
        0.0346843034029007,
        0.029930951967835427,
        0.026249329522252084,
        0.02150598503649235,
        0.018152851313352585,
        0.01619333205744624,
        0.016977106872946023,
        0.013290810510516166,
        0.013044450655579567,
        0.01077714929357171,
        0.01116698756814003,
        0.011065124096348881,
        0.0069954883307218555,
        0.006587836174294353,
        0.007495006443932652
    ],
    "train_acc": [
        0.16,
        0.28,
        0.4,
        0.44,
        0.68,
        0.92,
        0.92,
        1.0,
        1.0,
        1.0,
        1.0,
        1.0,
        1.0,
        1.0,
        1.0,
        1.0,
        1.0,
        1.0,
        1.0,
        1.0,
        1.0,
        1.0,
        1.0,
        1.0,
        1.0,
        1.0
    ],
    "train_recall": [
        0.1607142857142857,
        0.27976190476190477,
        0.375,
        0.45238095238095233,
        0.6726190476190476,
        0.9166666666666666,
        0.9166666666666667,
        1.0,
        1.0,
        1.0,
        1.0,
        1.0,
        1.0,
        1.0,
        1.0,
        1.0,
        1.0,
        1.0,
        1.0,
        1.0,
        1.0,
        1.0,
        1.0,
        1.0,
        1.0,
        1.0
    ],
    "train_f1": [
        0.11688311688311688,
        0.18154761904761904,
        0.2950310559006211,
        0.427485380116959,
        0.6350744843391902,
        0.9141025641025642,
        0.9166666666666667,
        1.0,
        1.0,
        1.0,
        1.0,
        1.0,
        1.0,
        1.0,
        1.0,
        1.0,
        1.0,
        1.0,
        1.0,
        1.0,
        1.0,
        1.0,
        1.0,
        1.0,
        1.0,
        1.0
    ],
    "train_prec": [
        0.1125,
        0.1388888888888889,
        0.421875,
        0.49358974358974356,
        0.6625,
        0.9330357142857143,
        0.9166666666666667,
        1.0,
        1.0,
        1.0,
        1.0,
        1.0,
        1.0,
        1.0,
        1.0,
        1.0,
        1.0,
        1.0,
        1.0,
        1.0,
        1.0,
        1.0,
        1.0,
        1.0,
        1.0,
        1.0
    ],
    "val_loss": [
        1.4092463254928589,
        1.4089682613100325,
        1.3405378716332572,
        1.2317467757633753,
        0.854135411126273,
        0.5500848931925637,
        0.3918117433786392,
        0.21565876049654825,
        0.1103787070938519,
        0.08847198475684438,
        0.07072906089680535,
        0.05251533059137208,
        0.039502513727971485,
        0.0443518055336816,
        0.04449764293219362,
        0.03950823737042291,
        0.033247173364673345,
        0.03040855590786253,
        0.03175634119127478,
        0.02313551985259567,
        0.01679764688014984,
        0.018444844521582127,
        0.028043767969523157,
        0.035002696327865124,
        0.033244298970592875,
        0.01846182466085468
    ],
    "val_acc": [
        0.14285714285714285,
        0.14285714285714285,
        0.42857142857142855,
        0.7142857142857143,
        1.0,
        1.0,
        1.0,
        1.0,
        1.0,
        1.0,
        1.0,
        1.0,
        1.0,
        1.0,
        1.0,
        1.0,
        1.0,
        1.0,
        1.0,
        1.0,
        1.0,
        1.0,
        1.0,
        1.0,
        1.0,
        1.0
    ],
    "val_recall": [
        0.25,
        0.25,
        0.5,
        0.75,
        1.0,
        1.0,
        1.0,
        1.0,
        1.0,
        1.0,
        1.0,
        1.0,
        1.0,
        1.0,
        1.0,
        1.0,
        1.0,
        1.0,
        1.0,
        1.0,
        1.0,
        1.0,
        1.0,
        1.0,
        1.0,
        1.0
    ],
    "val_f1": [
        0.0625,
        0.0625,
        0.29166666666666663,
        0.625,
        1.0,
        1.0,
        1.0,
        1.0,
        1.0,
        1.0,
        1.0,
        1.0,
        1.0,
        1.0,
        1.0,
        1.0,
        1.0,
        1.0,
        1.0,
        1.0,
        1.0,
        1.0,
        1.0,
        1.0,
        1.0,
        1.0
    ],
    "val_prec": [
        0.03571428571428571,
        0.03571428571428571,
        0.20833333333333331,
        0.5833333333333333,
        1.0,
        1.0,
        1.0,
        1.0,
        1.0,
        1.0,
        1.0,
        1.0,
        1.0,
        1.0,
        1.0,
        1.0,
        1.0,
        1.0,
        1.0,
        1.0,
        1.0,
        1.0,
        1.0,
        1.0,
        1.0,
        1.0
    ],
    "final_test": {
        "loss": 0.014700733474455774,
        "acc": 1.0,
        "recall": 1.0,
        "f1": 1.0,
        "prec": 1.0
    }
}