{
    "train_loss": [
        1.584128429889679,
        1.429855101108551,
        1.3927486371994018,
        1.2930568838119507,
        1.0923921823501588,
        0.8391541033983231,
        0.6070890840888024,
        0.25572785407304766,
        0.23341260224580765,
        0.16294945180416107,
        0.07503674000501633,
        0.06105681374669075,
        0.04019516732543707,
        0.030289253443479536,
        0.031180148497223854,
        0.019900132194161414,
        0.023440539836883545
    ],
    "train_acc": [
        0.16,
        0.16,
        0.32,
        0.36,
        0.6,
        0.72,
        0.84,
        1.0,
        0.92,
        1.0,
        1.0,
        1.0,
        1.0,
        1.0,
        1.0,
        1.0,
        1.0
    ],
    "train_recall": [
        0.13392857142857142,
        0.1294642857142857,
        0.25,
        0.29910714285714285,
        0.5330357142857143,
        0.66875,
        0.81875,
        1.0,
        0.9,
        1.0,
        1.0,
        1.0,
        1.0,
        1.0,
        1.0,
        1.0,
        1.0
    ],
    "train_f1": [
        0.11428571428571428,
        0.10275689223057644,
        0.12903225806451613,
        0.2375,
        0.49145962732919257,
        0.6758071649712516,
        0.825,
        1.0,
        0.9,
        1.0,
        1.0,
        1.0,
        1.0,
        1.0,
        1.0,
        1.0,
        1.0
    ],
    "train_prec": [
        0.10096153846153846,
        0.08603896103896103,
        0.08695652173913043,
        0.203125,
        0.4976190476190476,
        0.834090909090909,
        0.8631944444444444,
        1.0,
        0.9,
        1.0,
        1.0,
        1.0,
        1.0,
        1.0,
        1.0,
        1.0,
        1.0
    ],
    "val_loss": [
        1.6277780532836914,
        1.4334520953042167,
        1.4980732202529907,
        1.4038081850324358,
        1.5114269256591797,
        1.2091775579111916,
        1.004306401525225,
        1.0393317639827728,
        0.4023894582475935,
        0.5303638109139034,
        0.24179962596723012,
        0.11090948379465512,
        0.3093432996954237,
        0.42956387837018284,
        0.6867289410105774,
        0.291265107691288,
        0.5578979094113622
    ],
    "val_acc": [
        0.0,
        0.14285714285714285,
        0.0,
        0.42857142857142855,
        0.14285714285714285,
        0.7142857142857143,
        0.8571428571428571,
        0.42857142857142855,
        1.0,
        0.8571428571428571,
        0.8571428571428571,
        1.0,
        0.8571428571428571,
        0.8571428571428571,
        0.8571428571428571,
        0.8571428571428571,
        0.8571428571428571
    ],
    "val_recall": [
        0.0,
        0.25,
        0.0,
        0.25,
        0.08333333333333333,
        0.7777777777777777,
        0.5,
        0.5555555555555555,
        1.0,
        0.5,
        0.5,
        1.0,
        0.5,
        0.5,
        0.5,
        0.5,
        0.5
    ],
    "val_f1": [
        0.0,
        0.25,
        0.0,
        0.25,
        0.125,
        0.6666666666666666,
        0.5,
        0.4444444444444444,
        1.0,
        0.5,
        0.5,
        1.0,
        0.5,
        0.5,
        0.5,
        0.5,
        0.5
    ],
    "val_prec": [
        0.0,
        0.25,
        0.0,
        0.25,
        0.25,
        0.7777777777777778,
        0.5,
        0.5555555555555555,
        1.0,
        0.5,
        0.5,
        1.0,
        0.5,
        0.5,
        0.5,
        0.5,
        0.5
    ],
    "final_test": {
        "loss": 0.06957283336669207,
        "acc": 1.0,
        "recall": 1.0,
        "f1": 1.0,
        "prec": 1.0
    }
}