{
    "train_loss": [
        1.4733260753108006,
        1.433163443032433,
        1.3052893596536972,
        0.9310673194773057,
        0.5632629932141772,
        0.2616688755943495,
        0.07748918943837577,
        0.053605999012349866,
        0.3918647645223959,
        0.2556706242190272,
        0.11048972610311181
    ],
    "train_acc": [
        0.23529411764705882,
        0.23529411764705882,
        0.47058823529411764,
        0.5882352941176471,
        0.7647058823529411,
        0.9803921568627451,
        1.0,
        1.0,
        0.8823529411764706,
        0.9411764705882353,
        0.9607843137254902
    ],
    "train_recall": [
        0.22465034965034963,
        0.22115384615384615,
        0.46378621378621376,
        0.5723026973026973,
        0.7593656343656344,
        0.9772727272727273,
        1.0,
        1.0,
        0.8776223776223777,
        0.9353146853146854,
        0.962912087912088
    ],
    "train_f1": [
        0.20375559728441425,
        0.17038875103391232,
        0.457815734989648,
        0.5501380262249828,
        0.7621307542360174,
        0.9788359788359788,
        1.0,
        1.0,
        0.8745314842578711,
        0.9391025641025641,
        0.962912087912088
    ],
    "train_prec": [
        0.22909482758620692,
        0.13944444444444445,
        0.4720588235294117,
        0.6041666666666666,
        0.7766140109890111,
        0.9821428571428572,
        1.0,
        1.0,
        0.8814102564102564,
        0.9495192307692308,
        0.962912087912088
    ],
    "val_loss": [
        1.3572282149241521,
        1.4284641375908484,
        1.3758682562754705,
        0.8030596925662115,
        0.9172365247057035,
        0.509445941218963,
        1.0062306892986481,
        0.8303402530459257,
        0.865398227595366,
        0.8647795295199523,
        0.8894201190425799
    ],
    "val_acc": [
        0.23076923076923078,
        0.23076923076923078,
        0.15384615384615385,
        0.6153846153846154,
        0.5384615384615384,
        0.8461538461538461,
        0.7692307692307693,
        0.8461538461538461,
        0.7692307692307693,
        0.6923076923076923,
        0.7692307692307693
    ],
    "val_recall": [
        0.25,
        0.25,
        0.25,
        0.575,
        0.6333333333333334,
        0.8666666666666667,
        0.8166666666666667,
        0.8666666666666667,
        0.7416666666666667,
        0.7000000000000001,
        0.7833333333333333
    ],
    "val_f1": [
        0.09375,
        0.1,
        0.06666666666666667,
        0.49610389610389616,
        0.5476190476190476,
        0.8666666666666667,
        0.780952380952381,
        0.8500000000000001,
        0.7392857142857143,
        0.6916666666666667,
        0.7666666666666666
    ],
    "val_prec": [
        0.057692307692307696,
        0.0625,
        0.038461538461538464,
        0.4375,
        0.6625,
        0.8666666666666667,
        0.7916666666666666,
        0.8666666666666667,
        0.7625,
        0.8095238095238095,
        0.825
    ],
    "final_test": {
        "loss": 0.5885179658730825,
        "acc": 0.8666666666666667,
        "recall": 0.875,
        "f1": 0.861111111111111,
        "prec": 0.9090909090909091
    }
}