{
    "train_loss": [
        1.4960855793952943,
        1.4339212226867675,
        1.347878816127777,
        1.2708726835250854,
        1.129613995552063,
        0.684931343793869,
        0.514711683690548,
        0.23468722239136697,
        0.0889140097796917,
        0.053214786052703855,
        0.0342444359883666,
        0.03022163052111864,
        0.023337499909102916,
        0.02185253567993641,
        0.015741562377661465,
        0.017814524360001086,
        0.014653626251965762,
        0.010500386394560336,
        0.012561522033065558,
        0.00897114273160696,
        0.008971378430724144,
        0.009732214529067277,
        0.007446378851309419,
        0.006022236188873649,
        0.006045533251017332,
        0.005546026369556784,
        0.005232001226395369,
        0.005080709955655039,
        0.004945023655891418,
        0.004142004498280585,
        0.004635467720218003,
        0.0027788728382438423,
        0.0038532066298648717,
        0.003139609112404287,
        0.0033206027909182013,
        0.0038254882441833616,
        0.0031118033407256007,
        0.002456172299571335,
        0.0022709462023340165,
        0.002282290617004037,
        0.0025726288696750997,
        0.002169933896511793,
        0.002164357544388622,
        0.0021371216885745525,
        0.0020643874676898122,
        0.0016788287763483823,
        0.0013774492149241269,
        0.001661141177173704,
        0.0013523150223772973,
        0.002154974523000419
    ],
    "train_acc": [
        0.24,
        0.24,
        0.36,
        0.6,
        0.56,
        0.72,
        0.92,
        1.0,
        1.0,
        1.0,
        1.0,
        1.0,
        1.0,
        1.0,
        1.0,
        1.0,
        1.0,
        1.0,
        1.0,
        1.0,
        1.0,
        1.0,
        1.0,
        1.0,
        1.0,
        1.0,
        1.0,
        1.0,
        1.0,
        1.0,
        1.0,
        1.0,
        1.0,
        1.0,
        1.0,
        1.0,
        1.0,
        1.0,
        1.0,
        1.0,
        1.0,
        1.0,
        1.0,
        1.0,
        1.0,
        1.0,
        1.0,
        1.0,
        1.0,
        1.0
    ],
    "train_recall": [
        0.19791666666666666,
        0.22023809523809523,
        0.2857142857142857,
        0.5535714285714286,
        0.47619047619047616,
        0.6770833333333334,
        0.8958333333333334,
        1.0,
        1.0,
        1.0,
        1.0,
        1.0,
        1.0,
        1.0,
        1.0,
        1.0,
        1.0,
        1.0,
        1.0,
        1.0,
        1.0,
        1.0,
        1.0,
        1.0,
        1.0,
        1.0,
        1.0,
        1.0,
        1.0,
        1.0,
        1.0,
        1.0,
        1.0,
        1.0,
        1.0,
        1.0,
        1.0,
        1.0,
        1.0,
        1.0,
        1.0,
        1.0,
        1.0,
        1.0,
        1.0,
        1.0,
        1.0,
        1.0,
        1.0,
        1.0
    ],
    "train_f1": [
        0.13461538461538464,
        0.15170940170940173,
        0.1875,
        0.5042016806722689,
        0.42467532467532465,
        0.6681839402427637,
        0.9137806637806638,
        1.0,
        1.0,
        1.0,
        1.0,
        1.0,
        1.0,
        1.0,
        1.0,
        1.0,
        1.0,
        1.0,
        1.0,
        1.0,
        1.0,
        1.0,
        1.0,
        1.0,
        1.0,
        1.0,
        1.0,
        1.0,
        1.0,
        1.0,
        1.0,
        1.0,
        1.0,
        1.0,
        1.0,
        1.0,
        1.0,
        1.0,
        1.0,
        1.0,
        1.0,
        1.0,
        1.0,
        1.0,
        1.0,
        1.0,
        1.0,
        1.0,
        1.0,
        1.0
    ],
    "train_prec": [
        0.10515873015873016,
        0.14912280701754385,
        0.3333333333333333,
        0.5288461538461539,
        0.4107142857142857,
        0.7702020202020202,
        0.95,
        1.0,
        1.0,
        1.0,
        1.0,
        1.0,
        1.0,
        1.0,
        1.0,
        1.0,
        1.0,
        1.0,
        1.0,
        1.0,
        1.0,
        1.0,
        1.0,
        1.0,
        1.0,
        1.0,
        1.0,
        1.0,
        1.0,
        1.0,
        1.0,
        1.0,
        1.0,
        1.0,
        1.0,
        1.0,
        1.0,
        1.0,
        1.0,
        1.0,
        1.0,
        1.0,
        1.0,
        1.0,
        1.0,
        1.0,
        1.0,
        1.0,
        1.0,
        1.0
    ],
    "val_loss": [
        1.6185759816850935,
        1.6110200881958008,
        1.5712584597723824,
        1.4858920403889246,
        1.222012656075614,
        0.5736983077866691,
        0.3355176193373544,
        0.17126658771719253,
        0.11366323062351771,
        0.07478562157068934,
        0.060042346960731914,
        0.05669101168002401,
        0.048507104494741986,
        0.04060599979545389,
        0.038090032525360584,
        0.03366057388484478,
        0.02988255729100534,
        0.028541608846613338,
        0.026893172013972486,
        0.0230309709773532,
        0.02242834573345525,
        0.01883719488978386,
        0.0187994487184499,
        0.017153833460594927,
        0.015500070261103767,
        0.014348016120493412,
        0.013519382603200418,
        0.013035982348290938,
        0.012030812446027994,
        0.01403922401368618,
        0.01218073136572327,
        0.011064461033259119,
        0.011117256911737579,
        0.010219630519194263,
        0.009624856125031198,
        0.009253108341779028,
        0.008989679926474179,
        0.008545003897909607,
        0.008345422534538167,
        0.008182649101529802,
        0.008238290469827396,
        0.007492849137634039,
        0.006632631744391152,
        0.006105103696297322,
        0.005783341725223831,
        0.005205474527818816,
        0.005824257486632892,
        0.0052939664705523425,
        0.004954182958629515,
        0.0043851369825590935
    ],
    "val_acc": [
        0.0,
        0.0,
        0.0,
        0.14285714285714285,
        0.14285714285714285,
        0.8571428571428571,
        1.0,
        1.0,
        1.0,
        1.0,
        1.0,
        1.0,
        1.0,
        1.0,
        1.0,
        1.0,
        1.0,
        1.0,
        1.0,
        1.0,
        1.0,
        1.0,
        1.0,
        1.0,
        1.0,
        1.0,
        1.0,
        1.0,
        1.0,
        1.0,
        1.0,
        1.0,
        1.0,
        1.0,
        1.0,
        1.0,
        1.0,
        1.0,
        1.0,
        1.0,
        1.0,
        1.0,
        1.0,
        1.0,
        1.0,
        1.0,
        1.0,
        1.0,
        1.0,
        1.0
    ],
    "val_recall": [
        0.0,
        0.0,
        0.0,
        0.25,
        0.25,
        0.6875,
        1.0,
        1.0,
        1.0,
        1.0,
        1.0,
        1.0,
        1.0,
        1.0,
        1.0,
        1.0,
        1.0,
        1.0,
        1.0,
        1.0,
        1.0,
        1.0,
        1.0,
        1.0,
        1.0,
        1.0,
        1.0,
        1.0,
        1.0,
        1.0,
        1.0,
        1.0,
        1.0,
        1.0,
        1.0,
        1.0,
        1.0,
        1.0,
        1.0,
        1.0,
        1.0,
        1.0,
        1.0,
        1.0,
        1.0,
        1.0,
        1.0,
        1.0,
        1.0,
        1.0
    ],