{
    "train_loss": [
        1.461316963036855,
        1.3913912574450176,
        1.3836601072666692,
        1.1932257250243543,
        0.900318494468343,
        0.5841490658474904,
        0.4903935359827444,
        0.31393251451207144,
        0.2029253602502685,
        0.09390427665237118,
        0.0369359003379941,
        0.024866374465180377,
        0.018593512201572165,
        0.012896656688741025,
        0.010603566845769392,
        0.009381670198932874,
        0.00827025838068449,
        0.008294969641913971
    ],
    "train_acc": [
        0.21568627450980393,
        0.29411764705882354,
        0.27450980392156865,
        0.45098039215686275,
        0.6078431372549019,
        0.7647058823529411,
        0.8431372549019608,
        0.8627450980392157,
        0.9607843137254902,
        0.9803921568627451,
        1.0,
        1.0,
        1.0,
        1.0,
        1.0,
        1.0,
        1.0,
        1.0
    ],
    "train_recall": [
        0.20972222222222223,
        0.25,
        0.24166666666666664,
        0.39583333333333337,
        0.5652777777777778,
        0.7277777777777777,
        0.8347222222222223,
        0.8333333333333333,
        0.9583333333333334,
        0.9791666666666666,
        1.0,
        1.0,
        1.0,
        1.0,
        1.0,
        1.0,
        1.0,
        1.0
    ],
    "train_f1": [
        0.20789384528514962,
        0.17518939393939392,
        0.19345238095238096,
        0.3509157509157509,
        0.5274161922833649,
        0.7303135170765871,
        0.8257575757575758,
        0.8325151940158952,
        0.9522727272727273,
        0.9759725400457666,
        1.0,
        1.0,
        1.0,
        1.0,
        1.0,
        1.0,
        1.0,
        1.0
    ],
    "train_prec": [
        0.21904761904761905,
        0.1388888888888889,
        0.20075757575757575,
        0.32916666666666666,
        0.5491228070175439,
        0.7486607142857142,
        0.8234848484848485,
        0.8328598484848484,
        0.9545454545454546,
        0.975,
        1.0,
        1.0,
        1.0,
        1.0,
        1.0,
        1.0,
        1.0,
        1.0
    ],
    "val_loss": [
        1.6642418457911565,
        1.5976332976267889,
        1.4348865564052875,
        1.0253015527358422,
        1.142850017318359,
        0.8207974981230038,
        0.5434745859641296,
        0.548882184120325,
        0.5378437619656324,
        0.23133779918918243,
        0.29025029856711626,
        0.21021718316926405,
        0.0977851701183961,
        0.31154161444506967,
        0.33831790745115053,
        0.35451386725673306,
        0.6087065005603318,
        0.3906058678403497
    ],
    "val_acc": [
        0.07692307692307693,
        0.15384615384615385,
        0.15384615384615385,
        0.6923076923076923,
        0.6153846153846154,
        0.6923076923076923,
        0.8461538461538461,
        0.7692307692307693,
        0.8461538461538461,
        0.9230769230769231,
        0.9230769230769231,
        0.9230769230769231,
        0.9230769230769231,
        0.9230769230769231,
        0.9230769230769231,
        0.9230769230769231,
        0.8461538461538461,
        0.9230769230769231
    ],
    "val_recall": [
        0.25,
        0.5,
        0.5,
        0.5625,
        0.7142857142857143,
        0.75,
        0.875,
        0.8125,
        0.6875,
        0.9375,
        0.9375,
        0.9375,
        0.9375,
        0.9375,
        0.9375,
        0.9375,
        0.875,
        0.9375
    ],
    "val_f1": [
        0.03571428571428571,
        0.28846153846153844,
        0.28846153846153844,
        0.5833333333333334,
        0.5521978021978022,
        0.5833333333333333,
        0.7916666666666666,
        0.7354166666666666,
        0.6875,
        0.8809523809523809,
        0.8809523809523809,
        0.8809523809523809,
        0.8809523809523809,
        0.8809523809523809,
        0.8809523809523809,
        0.8809523809523809,
        0.7916666666666666,
        0.8809523809523809
    ],
    "val_prec": [
        0.019230769230769232,
        0.2708333333333333,
        0.2708333333333333,
        0.625,
        0.5416666666666667,
        0.55,
        0.8333333333333333,
        0.8194444444444444,
        0.6875,
        0.875,
        0.875,
        0.875,
        0.875,
        0.875,
        0.875,
        0.875,
        0.8333333333333333,
        0.875
    ],
    "final_test": {
        "loss": 1.9641673961964747,
        "acc": 0.5333333333333333,
        "recall": 0.53125,
        "f1": 0.5341430499325236,
        "prec": 0.5481601731601732
    }
}