{
    "train_loss": [
        1.495917632299311,
        1.3915181557337444,
        1.399266309597913,
        1.3283912071994706,
        1.0340199838666355,
        0.4865531655503254,
        0.27623871618918344,
        0.09965169652566022,
        0.02902074446719067,
        0.019405734250504597
    ],
    "train_acc": [
        0.29411764705882354,
        0.3137254901960784,
        0.23529411764705882,
        0.47058823529411764,
        0.5882352941176471,
        0.9215686274509803,
        0.9019607843137255,
        1.0,
        1.0,
        1.0
    ],
    "train_recall": [
        0.2928321678321678,
        0.31193806193806195,
        0.21978021978021978,
        0.45904095904095904,
        0.6001498501498501,
        0.9271978021978022,
        0.9017232767232768,
        1.0,
        1.0,
        1.0
    ],
    "train_f1": [
        0.27444743079418,
        0.28845315904139435,
        0.18093971631205674,
        0.4434984520123839,
        0.5991427987305049,
        0.9220425226946967,
        0.90141065830721,
        1.0,
        1.0,
        1.0
    ],
    "train_prec": [
        0.2931089743589744,
        0.35383597883597884,
        0.19047619047619047,
        0.5513888888888889,
        0.6045454545454545,
        0.9266025641025641,
        0.9022727272727273,
        1.0,
        1.0,
        1.0
    ],
    "val_loss": [
        1.44707453250885,
        1.4674908748039832,
        1.4440857355411236,
        1.2923117876052856,
        0.6625484669437776,
        0.7814316812616128,
        0.9418902021761124,
        1.1861337489233568,
        0.7289358212684209,
        0.7516464376105711
    ],
    "val_acc": [
        0.23076923076923078,
        0.15384615384615385,
        0.23076923076923078,
        0.3076923076923077,
        0.7692307692307693,
        0.6153846153846154,
        0.6923076923076923,
        0.6153846153846154,
        0.7692307692307693,
        0.7692307692307693
    ],
    "val_recall": [
        0.25,
        0.25,
        0.25,
        0.3333333333333333,
        0.6666666666666666,
        0.5666666666666667,
        0.6166666666666667,
        0.5666666666666667,
        0.6666666666666666,
        0.6666666666666666
    ],
    "val_f1": [
        0.09375,
        0.06666666666666667,
        0.1,
        0.225,
        0.6428571428571428,
        0.49702380952380953,
        0.5555555555555556,
        0.5486111111111112,
        0.6309523809523809,
        0.6309523809523809
    ],
    "val_prec": [
        0.057692307692307696,
        0.038461538461538464,
        0.0625,
        0.3125,
        0.625,
        0.5,
        0.5416666666666666,
        0.5833333333333333,
        0.6041666666666666,
        0.6041666666666666
    ],
    "final_test": {
        "loss": 0.8185304095347722,
        "acc": 0.7,
        "recall": 0.7142857142857143,
        "f1": 0.6193181818181819,
        "prec": 0.5595238095238095
    }
}