{
    "train_loss": [
        1.4742182224404579,
        1.4391633038427316,
        1.4114120894787359,
        1.390141585293938,
        1.389591004334244,
        1.031960697735057,
        0.5389900269607703,
        0.17528146837710165,
        0.15477675515427894,
        0.13753946090811023,
        0.1800332623807823,
        0.044808941637622376,
        0.015670643115014423,
        0.01216343652877007,
        0.009956395290061539,
        0.008614345261936678,
        0.0074575371748092124,
        0.006770888845637149,
        0.005802786820020308,
        0.005872150905905109,
        0.0054168228023484645,
        0.004119724350269227,
        0.00361476353753139,
        0.003280022662069064,
        0.0032683369183145903
    ],
    "train_acc": [
        0.23529411764705882,
        0.17647058823529413,
        0.21568627450980393,
        0.19607843137254902,
        0.3137254901960784,
        0.6274509803921569,
        0.8627450980392157,
        0.9607843137254902,
        0.9803921568627451,
        0.9803921568627451,
        0.9607843137254902,
        1.0,
        1.0,
        1.0,
        1.0,
        1.0,
        1.0,
        1.0,
        1.0,
        1.0,
        1.0,
        1.0,
        1.0,
        1.0,
        1.0
    ],
    "train_recall": [
        0.23076923076923078,
        0.1794871794871795,
        0.21794871794871795,
        0.1955128205128205,
        0.3108974358974359,
        0.6233974358974359,
        0.8605769230769231,
        0.9599358974358974,
        0.9807692307692308,
        0.9807692307692308,
        0.9599358974358975,
        1.0,
        1.0,
        1.0,
        1.0,
        1.0,
        1.0,
        1.0,
        1.0,
        1.0,
        1.0,
        1.0,
        1.0,
        1.0,
        1.0
    ],
    "train_f1": [
        0.1576923076923077,
        0.15249615975422426,
        0.19176003734827263,
        0.18090516145436053,
        0.29585921325051756,
        0.5971948549534756,
        0.8564814814814814,
        0.9599358974358974,
        0.98,
        0.98,
        0.9606404062925802,
        1.0,
        1.0,
        1.0,
        1.0,
        1.0,
        1.0,
        1.0,
        1.0,
        1.0,
        1.0,
        1.0,
        1.0,
        1.0,
        1.0
    ],
    "train_prec": [
        0.1280048076923077,
        0.13333333333333333,
        0.399802371541502,
        0.1869235836627141,
        0.2922682709447415,
        0.6644886363636364,
        0.8563311688311689,
        0.9599358974358974,
        0.9807692307692308,
        0.9807692307692308,
        0.962912087912088,
        1.0,
        1.0,
        1.0,
        1.0,
        1.0,
        1.0,
        1.0,
        1.0,
        1.0,
        1.0,
        1.0,
        1.0,
        1.0,
        1.0
    ],
    "val_loss": [
        1.3954549477650569,
        1.4115700263243456,
        1.3872991250111506,
        1.3825068015318651,
        1.2869764199623694,
        0.8814310397093112,
        0.6805955612888703,
        0.4829894593701913,
        0.7117792878729793,
        0.5043824460500708,
        0.14496730318149695,
        0.3539558221012927,
        0.13768135756254196,
        0.3219115895290787,
        0.12301214085891843,
        0.3404425787023054,
        0.06300333767341307,
        0.02252902751430296,
        0.3072743340789412,
        0.01691364049195097,
        0.4259203082272926,
        0.40302172670355785,
        0.3028840602984509,
        0.10869502663039245,
        0.7185879281381718
    ],
    "val_acc": [
        0.3076923076923077,
        0.23076923076923078,
        0.46153846153846156,
        0.23076923076923078,
        0.3076923076923077,
        0.7692307692307693,
        0.6923076923076923,
        0.6923076923076923,
        0.6153846153846154,
        0.7692307692307693,
        1.0,
        0.7692307692307693,
        0.9230769230769231,
        0.8461538461538461,
        0.9230769230769231,
        0.8461538461538461,
        1.0,
        1.0,
        0.8461538461538461,
        1.0,
        0.7692307692307693,
        0.7692307692307693,
        0.8461538461538461,
        0.9230769230769231,
        0.7692307692307693
    ],
    "val_recall": [
        0.25,
        0.25,
        0.5,
        0.25,
        0.25,
        0.75,
        0.6666666666666666,
        0.6666666666666666,
        0.6041666666666666,
        0.75,
        1.0,
        0.75,
        0.9166666666666666,
        0.8333333333333334,
        0.9166666666666666,
        0.8333333333333334,
        1.0,
        1.0,
        0.8333333333333334,
        1.0,
        0.75,
        0.75,
        0.8333333333333334,
        0.9166666666666666,
        0.75
    ],
    "val_f1": [
        0.11764705882352941,
        0.09375,
        0.3653846153846154,
        0.1,
        0.11764705882352941,
        0.6642857142857143,
        0.6166666666666667,
        0.6166666666666667,
        0.553030303030303,
        0.7568181818181818,
        1.0,
        0.6818181818181819,
        0.9222222222222223,
        0.825,
        0.9222222222222223,
        0.825,
        1.0,
        1.0,
        0.825,
        1.0,
        0.6818181818181819,
        0.6818181818181819,
        0.825,
        0.9222222222222223,
        0.6818181818181819
    ],
    "val_prec": [
        0.07692307692307693,
        0.057692307692307696,
        0.325,
        0.0625,
        0.07692307692307693,
        0.6041666666666666,
        0.625,
        0.625,
        0.5238095238095238,
        0.8928571428571428,
        1.0,
        0.6428571428571428,
        0.95,
        0.9166666666666666,
        0.95,
        0.9166666666666666,
        1.0,
        1.0,
        0.9166666666666666,
        1.0,
        0.6428571428571428,
        0.6428571428571428,
        0.9166666666666666,
        0.95,
        0.6428571428571428
    ],
    "final_test": {
        "loss": 1.7791984447898963,
        "acc": 0.7,
        "recall": 0.7053571428571428,
        "f1": 0.6999554367201426,
        "prec": 0.8012820512820512
    }
}