{
    "train_loss": [
        1.5047294485802745,
        1.418766133925494,
        1.3964457196347855,
        1.3992828831953161,
        1.0451513318454517,
        0.8581358599019986,
        0.38121377662116407,
        0.3632766222398655,
        0.3151306065858579,
        0.05367257482573098,
        0.03179504890360084,
        0.02281193657979077,
        0.020013826022691587,
        0.0167996102907494,
        0.013163796936472258,
        0.012775201953071006,
        0.009528923766030109,
        0.009025278592518731,
        0.008306263644686517,
        0.00687956111049097,
        0.006279742062164873,
        0.005803149923974392,
        0.005559954595952934
    ],
    "train_acc": [
        0.21568627450980393,
        0.29411764705882354,
        0.27450980392156865,
        0.23529411764705882,
        0.49019607843137253,
        0.6274509803921569,
        0.9607843137254902,
        0.8627450980392157,
        0.9019607843137255,
        1.0,
        1.0,
        1.0,
        1.0,
        1.0,
        1.0,
        1.0,
        1.0,
        1.0,
        1.0,
        1.0,
        1.0,
        1.0,
        1.0
    ],
    "train_recall": [
        0.21268315018315018,
        0.2850274725274725,
        0.27106227106227104,
        0.22893772893772893,
        0.47939560439560436,
        0.6282051282051283,
        0.9613095238095238,
        0.8660714285714286,
        0.9047619047619048,
        1.0,
        1.0,
        1.0,
        1.0,
        1.0,
        1.0,
        1.0,
        1.0,
        1.0,
        1.0,
        1.0,
        1.0,
        1.0,
        1.0
    ],
    "train_f1": [
        0.202150974025974,
        0.2635281385281385,
        0.1894158981115503,
        0.2159264346764347,
        0.4183135704874835,
        0.615064987347596,
        0.96061191626409,
        0.8613817663817664,
        0.9020370370370371,
        1.0,
        1.0,
        1.0,
        1.0,
        1.0,
        1.0,
        1.0,
        1.0,
        1.0,
        1.0,
        1.0,
        1.0,
        1.0,
        1.0
    ],
    "train_prec": [
        0.20203373015873016,
        0.2763888888888889,
        0.16371527777777778,
        0.26964285714285713,
        0.3791267942583732,
        0.6185876623376624,
        0.9629120879120879,
        0.8603479853479854,
        0.9006410256410257,
        1.0,
        1.0,
        1.0,
        1.0,
        1.0,
        1.0,
        1.0,
        1.0,
        1.0,
        1.0,
        1.0,
        1.0,
        1.0,
        1.0
    ],
    "val_loss": [
        1.401291168653048,
        1.4670975575080285,
        1.4181518187889686,
        1.3245227336883545,
        1.0404552565171168,
        1.1149240938516765,
        0.9304201557086065,
        1.076436560600996,
        1.33034743139377,
        1.7082654180435033,
        0.5705192441550585,
        1.3718487282928367,
        0.514899213368503,
        1.1601531677521193,
        1.529011130834428,
        1.4133629313885019,
        0.6183423034560221,
        0.4056946720139912,
        0.8874337203943958,
        1.778632067179737,
        1.4856444200715766,
        1.569664888585416,
        0.9518176739175732
    ],
    "val_acc": [
        0.23076923076923078,
        0.15384615384615385,
        0.15384615384615385,
        0.23076923076923078,
        0.5384615384615384,
        0.6923076923076923,
        0.6153846153846154,
        0.5384615384615384,
        0.46153846153846156,
        0.38461538461538464,
        0.7692307692307693,
        0.46153846153846156,
        0.8461538461538461,
        0.6923076923076923,
        0.46153846153846156,
        0.46153846153846156,
        0.7692307692307693,
        0.9230769230769231,
        0.6923076923076923,
        0.46153846153846156,
        0.5384615384615384,
        0.5384615384615384,
        0.6923076923076923
    ],
    "val_recall": [
        0.25,
        0.25,
        0.1875,
        0.3333333333333333,
        0.5,
        0.6875,
        0.625,
        0.5625,
        0.5,
        0.4375,
        0.75,
        0.5,
        0.8125,
        0.6875,
        0.5,
        0.5,
        0.75,
        0.875,
        0.6875,
        0.5,
        0.5625,
        0.5625,
        0.6875
    ],
    "val_f1": [
        0.09375,
        0.06666666666666667,
        0.10555555555555556,
        0.19642857142857142,
        0.4365079365079365,
        0.6785714285714286,
        0.5714285714285714,
        0.5267857142857143,
        0.4365079365079365,
        0.4,
        0.7517857142857143,
        0.4722222222222222,
        0.8125,
        0.6875,
        0.4722222222222222,
        0.4722222222222222,
        0.7517857142857143,
        0.8888888888888888,
        0.6875,
        0.4722222222222222,
        0.5625,
        0.5625,
        0.6875
    ],
    "val_prec": [
        0.057692307692307696,
        0.038461538461538464,
        0.08125,
        0.2916666666666667,
        0.3875,
        0.75,
        0.55,
        0.5416666666666667,
        0.4732142857142857,
        0.53125,
        0.7708333333333333,
        0.5357142857142857,
        0.8125,
        0.75,
        0.5357142857142857,
        0.5357142857142857,
        0.7708333333333333,
        0.95,
        0.75,
        0.5357142857142857,
        0.6666666666666667,
        0.6666666666666667,
        0.75
    ],
    "final_test": {
        "loss": 1.691491669602692,
        "acc": 0.5333333333333333,
        "recall": 0.5580357142857143,
        "f1": 0.5145927601809954,
        "prec": 0.5651709401709402
    }
}