{
    "train_loss": [
        1.5239818286895752,
        1.3543504452705384,
        1.3944628572463988,
        1.3006406402587891,
        1.174349844455719,
        0.7111220943927765,
        0.4492733269929886,
        0.196481771171093,
        0.09639456085860729,
        0.07180155657231807,
        0.04779910273849964,
        0.052973368763923646,
        0.036719553507864475,
        0.032261244896799324,
        0.022844059467315672,
        0.0241351100243628,
        0.0166090701892972,
        0.016134534031152725,
        0.013510639369487763,
        0.012168126162141562,
        0.012194765508174896
    ],
    "train_acc": [
        0.28,
        0.32,
        0.36,
        0.44,
        0.32,
        0.76,
        0.92,
        1.0,
        1.0,
        1.0,
        1.0,
        1.0,
        1.0,
        1.0,
        1.0,
        1.0,
        1.0,
        1.0,
        1.0,
        1.0,
        1.0
    ],
    "train_recall": [
        0.2845238095238095,
        0.3,
        0.3392857142857143,
        0.4357142857142857,
        0.31547619047619047,
        0.7511904761904762,
        0.9083333333333334,
        1.0,
        1.0,
        1.0,
        1.0,
        1.0,
        1.0,
        1.0,
        1.0,
        1.0,
        1.0,
        1.0,
        1.0,
        1.0,
        1.0
    ],
    "train_f1": [
        0.27520396270396275,
        0.27424242424242423,
        0.28205128205128205,
        0.3928571428571428,
        0.2736822001527884,
        0.7511904761904762,
        0.9161616161616161,
        1.0,
        1.0,
        1.0,
        1.0,
        1.0,
        1.0,
        1.0,
        1.0,
        1.0,
        1.0,
        1.0,
        1.0,
        1.0,
        1.0
    ],
    "train_prec": [
        0.4372294372294372,
        0.41041666666666665,
        0.43067226890756305,
        0.3839285714285714,
        0.27435064935064934,
        0.7511904761904762,
        0.9375,
        1.0,
        1.0,
        1.0,
        1.0,
        1.0,
        1.0,
        1.0,
        1.0,
        1.0,
        1.0,
        1.0,
        1.0,
        1.0,
        1.0
    ],
    "val_loss": [
        1.6461709312030248,
        1.4164261307035173,
        1.3665569169180733,
        1.360919782093593,
        1.4465200901031494,
        1.0105008057185583,
        0.7597660166876656,
        0.2621309533715248,
        0.2803955152630806,
        0.18822449765035085,
        0.31930016646427767,
        0.15534016702856338,
        0.19663647881575994,
        0.19699581007340125,
        0.264407716691494,
        0.11065536132082343,
        0.25179886405489277,
        0.12703070383785026,
        0.1270782214456371,
        0.14189927326515317,
        0.16781893858153904
    ],
    "val_acc": [
        0.14285714285714285,
        0.2857142857142857,
        0.5714285714285714,
        0.14285714285714285,
        0.14285714285714285,
        0.5714285714285714,
        0.7142857142857143,
        1.0,
        1.0,
        1.0,
        1.0,
        1.0,
        1.0,
        1.0,
        1.0,
        1.0,
        1.0,
        1.0,
        1.0,
        1.0,
        1.0
    ],
    "val_recall": [
        0.25,
        0.25,
        0.75,
        0.25,
        0.25,
        0.75,
        0.8333333333333334,
        1.0,
        1.0,
        1.0,
        1.0,
        1.0,
        1.0,
        1.0,
        1.0,
        1.0,
        1.0,
        1.0,
        1.0,
        1.0,
        1.0
    ],
    "val_f1": [
        0.0625,
        0.1111111111111111,
        0.5333333333333333,
        0.0625,
        0.0625,
        0.5416666666666666,
        0.7416666666666667,
        1.0,
        1.0,
        1.0,
        1.0,
        1.0,
        1.0,
        1.0,
        1.0,
        1.0,
        1.0,
        1.0,
        1.0,
        1.0,
        1.0
    ],
    "val_prec": [
        0.03571428571428571,
        0.07142857142857142,
        0.41666666666666663,
        0.03571428571428571,
        0.03571428571428571,
        0.4583333333333333,
        0.7916666666666666,
        1.0,
        1.0,
        1.0,
        1.0,
        1.0,
        1.0,
        1.0,
        1.0,
        1.0,
        1.0,
        1.0,
        1.0,
        1.0,
        1.0
    ],
    "final_test": {
        "loss": 0.09239503229036927,
        "acc": 1.0,
        "recall": 1.0,
        "f1": 1.0,
        "prec": 1.0
    }
}