{
    "train_loss": [
        1.5031392399002523,
        1.4480550698205537,
        1.329094884442348,
        1.0860160355474435,
        0.7122254208022473,
        0.6018073681522819,
        0.3059973504905607,
        0.34215355339441816,
        0.06253270121912162,
        0.035103500619822856,
        0.026961697849865053,
        0.01838675079246362
    ],
    "train_acc": [
        0.21568627450980393,
        0.27450980392156865,
        0.3137254901960784,
        0.4117647058823529,
        0.7647058823529411,
        0.7450980392156863,
        0.9215686274509803,
        0.9019607843137255,
        1.0,
        1.0,
        1.0,
        1.0
    ],
    "train_recall": [
        0.20357142857142857,
        0.2554945054945055,
        0.28983516483516486,
        0.4076923076923077,
        0.753021978021978,
        0.731043956043956,
        0.9258241758241759,
        0.9093406593406594,
        1.0,
        1.0,
        1.0,
        1.0
    ],
    "train_f1": [
        0.15073005698005698,
        0.1732117812061711,
        0.25283298097251583,
        0.35650054466230935,
        0.7508683393265774,
        0.7278078817733991,
        0.9229739098704615,
        0.9059368728334245,
        1.0,
        1.0,
        1.0,
        1.0
    ],
    "train_prec": [
        0.16874057315233787,
        0.13368055555555555,
        0.25182863113897597,
        0.4088235294117647,
        0.7777777777777777,
        0.7255952380952382,
        0.9231060606060606,
        0.9054778554778555,
        1.0,
        1.0,
        1.0,
        1.0
    ],
    "val_loss": [
        1.539879532960745,
        1.5137253449513361,
        1.2462764565761273,
        1.6043511033058167,
        1.8131717225679984,
        2.1344745703614674,
        0.6710224816432366,
        1.4911555710893412,
        1.0212456933580911,
        1.1613290895922825,
        1.3626400139182806,
        1.7877635008727129
    ],
    "val_acc": [
        0.23076923076923078,
        0.15384615384615385,
        0.46153846153846156,
        0.23076923076923078,
        0.38461538461538464,
        0.3076923076923077,
        0.7692307692307693,
        0.46153846153846156,
        0.6923076923076923,
        0.6153846153846154,
        0.46153846153846156,
        0.46153846153846156
    ],
    "val_recall": [
        0.3333333333333333,
        0.25,
        0.25,
        0.2916666666666667,
        0.5,
        0.4583333333333333,
        0.7083333333333334,
        0.625,
        0.6666666666666667,
        0.625,
        0.5416666666666666,
        0.5416666666666666
    ],
    "val_f1": [
        0.16666666666666666,
        0.06666666666666667,
        0.15789473684210525,
        0.21428571428571427,
        0.4464285714285714,
        0.3704545454545455,
        0.7057692307692307,
        0.5373376623376623,
        0.6356060606060606,
        0.5964285714285715,
        0.5055555555555555,
        0.5055555555555555
    ],
    "val_prec": [
        0.13333333333333333,
        0.038461538461538464,
        0.11538461538461539,
        0.35,
        0.6979166666666666,
        0.4444444444444444,
        0.7976190476190476,
        0.8055555555555556,
        0.7291666666666666,
        0.7166666666666667,
        0.7023809523809523,
        0.7023809523809523
    ],
    "final_test": {
        "loss": 1.2984617241968712,
        "acc": 0.5666666666666667,
        "recall": 0.5758928571428572,
        "f1": 0.5587662337662338,
        "prec": 0.6011904761904762
    }
}