{
    "train_loss": [
        1.4426630828894822,
        1.4334633023131127,
        1.3774096182748383,
        1.077119713904811,
        0.8052753838253957,
        0.4387621492439625,
        0.2670229430146077,
        0.11886588200999826,
        0.043248399434720766,
        0.03365487427286366,
        0.022946617346914375,
        0.017329600986604597
    ],
    "train_acc": [
        0.17647058823529413,
        0.17647058823529413,
        0.27450980392156865,
        0.45098039215686275,
        0.6862745098039216,
        0.8627450980392157,
        0.9019607843137255,
        0.9803921568627451,
        1.0,
        1.0,
        1.0,
        1.0
    ],
    "train_recall": [
        0.15985576923076922,
        0.1608173076923077,
        0.22916666666666666,
        0.4263621794871795,
        0.6701923076923078,
        0.8596153846153846,
        0.9074519230769231,
        0.984375,
        1.0,
        1.0,
        1.0,
        1.0
    ],
    "train_f1": [
        0.14112272816103186,
        0.14590383942116933,
        0.15873015873015872,
        0.4283539972127567,
        0.6404166666666666,
        0.8640350877192982,
        0.9043356473023991,
        0.9826762246117084,
        1.0,
        1.0,
        1.0,
        1.0
    ],
    "train_prec": [
        0.15567129629629628,
        0.33,
        0.13450292397660818,
        0.459077380952381,
        0.7488344988344988,
        0.9005681818181819,
        0.9106060606060606,
        0.9821428571428572,
        1.0,
        1.0,
        1.0,
        1.0
    ],
    "val_loss": [
        1.6564457416534424,
        1.5415032460139348,
        1.3636115055817823,
        1.2785851955413818,
        1.0832645778472607,
        0.8131226920164548,
        0.7840468055353715,
        1.0120826687377233,
        1.0304397732879107,
        0.9660984037014154,
        1.18819961997752,
        1.0792189216814363
    ],
    "val_acc": [
        0.23076923076923078,
        0.0,
        0.07692307692307693,
        0.07692307692307693,
        0.6923076923076923,
        0.6923076923076923,
        0.6923076923076923,
        0.6153846153846154,
        0.6923076923076923,
        0.6923076923076923,
        0.6153846153846154,
        0.6923076923076923
    ],
    "val_recall": [
        0.25,
        0.0,
        0.041666666666666664,
        0.041666666666666664,
        0.7777777777777778,
        0.7777777777777778,
        0.7777777777777778,
        0.7222222222222222,
        0.7777777777777778,
        0.7777777777777778,
        0.7222222222222222,
        0.7777777777777778
    ],
    "val_f1": [
        0.1,
        0.0,
        0.05,
        0.045454545454545456,
        0.7000000000000001,
        0.6948051948051948,
        0.6833333333333332,
        0.5915343915343915,
        0.7000000000000001,
        0.7000000000000001,
        0.6103896103896104,
        0.7000000000000001
    ],
    "val_prec": [
        0.0625,
        0.0,
        0.0625,
        0.05,
        0.8095238095238096,
        0.7738095238095237,
        0.7555555555555555,
        0.7428571428571429,
        0.8095238095238096,
        0.8095238095238096,
        0.7916666666666666,
        0.8095238095238096
    ],
    "final_test": {
        "loss": 1.524017623315255,
        "acc": 0.3333333333333333,
        "recall": 0.34375,
        "f1": 0.24212962962962964,
        "prec": 0.275
    }
}