{
    "train_loss": [
        1.585973210334778,
        1.443133955001831,
        1.4353328466415405,
        1.3517202830314636,
        1.3092607593536376,
        1.098439679145813,
        0.6184726536273957,
        0.3567230266332626,
        0.13230246767401696,
        0.06789429120719433,
        0.042461232468485835,
        0.03859664138406515,
        0.029078396521508693,
        0.0242976139113307,
        0.02393445735797286,
        0.016628095265477896,
        0.016084951050579548,
        0.012832349184900522,
        0.012258856538683176,
        0.01309527076780796,
        0.00995181806385517,
        0.009317410979419946,
        0.008178916592150927,
        0.007640159102156758,
        0.006776707796379924,
        0.007061476465314627,
        0.004679557289928198,
        0.004960511326789856,
        0.004452451700344682,
        0.004519959734752774,
        0.004458928005769849,
        0.004261650629341602,
        0.0029288941365666686,
        0.0032872206601314248,
        0.002919764940161258,
        0.0030532469088211654,
        0.0025987326726317405,
        0.0028224378498271107,
        0.0022899335250258445,
        0.0019060477358289064,
        0.002093041108455509,
        0.0021656783181242647,
        0.00193533567013219,
        0.0020168404607102276,
        0.0019448925578035414,
        0.001957648602547124,
        0.0014608064701315015,
        0.001237566649215296,
        0.0014625137660186738,
        0.0014819701155647635
    ],
    "train_acc": [
        0.2,
        0.24,
        0.12,
        0.32,
        0.52,
        0.6,
        0.92,
        0.96,
        1.0,
        1.0,
        1.0,
        1.0,
        1.0,
        1.0,
        1.0,
        1.0,
        1.0,
        1.0,
        1.0,
        1.0,
        1.0,
        1.0,
        1.0,
        1.0,
        1.0,
        1.0,
        1.0,
        1.0,
        1.0,
        1.0,
        1.0,
        1.0,
        1.0,
        1.0,
        1.0,
        1.0,
        1.0,
        1.0,
        1.0,
        1.0,
        1.0,
        1.0,
        1.0,
        1.0,
        1.0,
        1.0,
        1.0,
        1.0,
        1.0,
        1.0
    ],
    "train_recall": [
        0.1845238095238095,
        0.244047619047619,
        0.125,
        0.2976190476190476,
        0.5178571428571428,
        0.6011904761904762,
        0.9166666666666666,
        0.9583333333333334,
        1.0,
        1.0,
        1.0,
        1.0,
        1.0,
        1.0,
        1.0,
        1.0,
        1.0,
        1.0,
        1.0,
        1.0,
        1.0,
        1.0,
        1.0,
        1.0,
        1.0,
        1.0,
        1.0,
        1.0,
        1.0,
        1.0,
        1.0,
        1.0,
        1.0,
        1.0,
        1.0,
        1.0,
        1.0,
        1.0,
        1.0,
        1.0,
        1.0,
        1.0,
        1.0,
        1.0,
        1.0,
        1.0,
        1.0,
        1.0,
        1.0,
        1.0
    ],
    "train_f1": [
        0.12166666666666667,
        0.19835164835164837,
        0.07894736842105263,
        0.21455938697318006,
        0.5259803921568628,
        0.5182843472317157,
        0.9141025641025642,
        0.9580419580419581,
        1.0,
        1.0,
        1.0,
        1.0,
        1.0,
        1.0,
        1.0,
        1.0,
        1.0,
        1.0,
        1.0,
        1.0,
        1.0,
        1.0,
        1.0,
        1.0,
        1.0,
        1.0,
        1.0,
        1.0,
        1.0,
        1.0,
        1.0,
        1.0,
        1.0,
        1.0,
        1.0,
        1.0,
        1.0,
        1.0,
        1.0,
        1.0,
        1.0,
        1.0,
        1.0,
        1.0,
        1.0,
        1.0,
        1.0,
        1.0,
        1.0,
        1.0
    ],
    "train_prec": [
        0.09722222222222221,
        0.20476190476190476,
        0.057692307692307696,
        0.23484848484848483,
        0.6534090909090909,
        0.5216346153846154,
        0.9330357142857143,
        0.9642857142857143,
        1.0,
        1.0,
        1.0,
        1.0,
        1.0,
        1.0,
        1.0,
        1.0,
        1.0,
        1.0,
        1.0,
        1.0,
        1.0,
        1.0,
        1.0,
        1.0,
        1.0,
        1.0,
        1.0,
        1.0,
        1.0,
        1.0,
        1.0,
        1.0,
        1.0,
        1.0,
        1.0,
        1.0,
        1.0,
        1.0,
        1.0,
        1.0,
        1.0,
        1.0,
        1.0,
        1.0,
        1.0,
        1.0,
        1.0,
        1.0,
        1.0,
        1.0
    ],
    "val_loss": [
        1.393774151802063,
        1.3812734740121024,
        1.3803136519023351,
        1.376529233796256,
        1.2413135085787093,
        0.8707652773175921,
        0.5021619115556989,
        0.23160305938550405,
        0.09926778982792582,
        0.10024139764053482,
        0.06531358323991299,
        0.04680921536471162,
        0.04746161560927119,
        0.050839392069195,
        0.028490370671663965,
        0.024560464413038323,
        0.030095402816576616,
        0.018222523254475424,
        0.015665118249931505,
        0.014710591706846441,
        0.028296910958098515,
        0.013599575962871313,
        0.014698826907468694,
        0.016722214873880148,
        0.010274634563497134,
        0.02069888949128134,
        0.01269691314415208,
        0.005546336394867727,
        0.0063339897564479285,
        0.0066389775768454585,
        0.0046523944142141515,
        0.009228346104334508,
        0.004546071352836277,
        0.005248118175326714,
        0.010982437009390975,
        0.004139920164431844,
        0.0043078720669395155,
        0.0073528423506234375,
        0.0053416323748284155,
        0.00898430576281888,
        0.002525064312586827,
        0.002924781126369323,
        0.0026179774764126967,
        0.00629685092384794,
        0.0022195044272978392,
        0.004262934438884258,
        0.00246254017110914,
        0.002613619926186012,
        0.019521119838048304,
        0.0062935691925563985
    ],
    "val_acc": [
        0.42857142857142855,
        0.2857142857142857,
        0.2857142857142857,
        0.14285714285714285,
        0.7142857142857143,
        1.0,
        1.0,
        1.0,
        1.0,
        1.0,
        1.0,
        1.0,
        1.0,
        1.0,
        1.0,
        1.0,
        1.0,
        1.0,
        1.0,
        1.0,
        1.0,
        1.0,
        1.0,
        1.0,
        1.0,
        1.0,
        1.0,
        1.0,
        1.0,
        1.0,
        1.0,
        1.0,
        1.0,
        1.0,
        1.0,
        1.0,
        1.0,
        1.0,
        1.0,
        1.0,
        1.0,
        1.0,
        1.0,
        1.0,
        1.0,
        1.0,
        1.0,
        1.0,
        1.0,
        1.0
    ],
    "val_recall": [
        0.5,
        0.25,
        0.25,
        0.25,
        0.75,
        1.0,
        1.0,
        1.0,
        1.0,
        1.0,
        1.0,
        1.0,
        1.0,
        1.0,
        1.0,
        1.0,
        1.0,
        1.0,
        1.0,
        1.0,
        1.0,
        1.0,
        1.0,
        1.0,
        1.0,
        1.0,
        1.0,
        1.0,
        1.0,
        1.0,
        1.0,
        1.0,
        1.0,
        1.0,
        1.0,
        1.0,
        1.0,
        1.0,
        1.0,
        1.0,
        1.0,
        1.0,
        1.0,
        1.0,
        1.0,
        1.0,
        1.0,
        1.0,
        1.0,
        1.0
    ],