{
    "train_loss": [
        1.5639541125297547,
        1.4316783571243286,
        1.4555608987808228,
        1.3953827285766602,
        1.3919452357292175,
        1.27886887550354,
        0.954526891708374,
        0.5840523093938828,
        0.2569525368511677,
        0.11355303287506104,
        0.07724620759487152,
        0.047224717140197756,
        0.033327865898609164,
        0.0290945990011096,
        0.025158694386482237,
        0.01851720217615366,
        0.017336507011204958,
        0.015308448467403651,
        0.016627308949828147,
        0.010964534170925617,
        0.011115023065358401,
        0.011101489653810859,
        0.008695045290514826
    ],
    "train_acc": [
        0.24,
        0.16,
        0.2,
        0.24,
        0.24,
        0.52,
        0.64,
        0.84,
        1.0,
        1.0,
        1.0,
        1.0,
        1.0,
        1.0,
        1.0,
        1.0,
        1.0,
        1.0,
        1.0,
        1.0,
        1.0,
        1.0,
        1.0
    ],
    "train_recall": [
        0.2261904761904762,
        0.14285714285714285,
        0.17857142857142858,
        0.2285714285714286,
        0.22619047619047616,
        0.5023809523809524,
        0.6440476190476191,
        0.8142857142857143,
        1.0,
        1.0,
        1.0,
        1.0,
        1.0,
        1.0,
        1.0,
        1.0,
        1.0,
        1.0,
        1.0,
        1.0,
        1.0,
        1.0,
        1.0
    ],
    "train_f1": [
        0.21634615384615385,
        0.10263157894736842,
        0.09615384615384616,
        0.1675824175824176,
        0.1938061938061938,
        0.4807692307692308,
        0.6298701298701299,
        0.8102779573367809,
        1.0,
        1.0,
        1.0,
        1.0,
        1.0,
        1.0,
        1.0,
        1.0,
        1.0,
        1.0,
        1.0,
        1.0,
        1.0,
        1.0,
        1.0
    ],
    "train_prec": [
        0.2103174603174603,
        0.08012820512820512,
        0.06578947368421052,
        0.1907894736842105,
        0.1875,
        0.6125541125541125,
        0.6473214285714286,
        0.8892857142857142,
        1.0,
        1.0,
        1.0,
        1.0,
        1.0,
        1.0,
        1.0,
        1.0,
        1.0,
        1.0,
        1.0,
        1.0,
        1.0,
        1.0,
        1.0
    ],
    "val_loss": [
        1.6382594789777483,
        1.4600267239979334,
        1.384771125657218,
        1.4588671582085746,
        1.3874612365450179,
        1.2124272755214147,
        0.7687349362032754,
        0.5818051057202476,
        0.40277397419725147,
        0.3540413427565779,
        0.20494584473116056,
        0.2286676945430892,
        0.24251856122698104,
        0.18862358666956425,
        0.20427437818476132,
        0.16905375237443618,
        0.1697249310091138,
        0.14392367165003503,
        0.16374837926455907,
        0.16597287968865462,
        0.17337732735489095,
        0.17713727209983127,
        0.15765404548229917
    ],
    "val_acc": [
        0.14285714285714285,
        0.14285714285714285,
        0.42857142857142855,
        0.42857142857142855,
        0.14285714285714285,
        0.5714285714285714,
        0.8571428571428571,
        0.8571428571428571,
        0.8571428571428571,
        0.8571428571428571,
        0.8571428571428571,
        0.8571428571428571,
        0.8571428571428571,
        0.8571428571428571,
        0.8571428571428571,
        0.8571428571428571,
        0.8571428571428571,
        1.0,
        0.8571428571428571,
        0.8571428571428571,
        0.8571428571428571,
        0.8571428571428571,
        0.8571428571428571
    ],
    "val_recall": [
        0.25,
        0.25,
        0.5,
        0.5,
        0.25,
        0.75,
        0.9166666666666666,
        0.9166666666666666,
        0.9166666666666666,
        0.9166666666666666,
        0.9166666666666666,
        0.9166666666666666,
        0.9166666666666666,
        0.9166666666666666,
        0.9166666666666666,
        0.9166666666666666,
        0.9166666666666666,
        1.0,
        0.9166666666666666,
        0.9166666666666666,
        0.9166666666666666,
        0.9166666666666666,
        0.9166666666666666
    ],
    "val_f1": [
        0.0625,
        0.0625,
        0.3333333333333333,
        0.29166666666666663,
        0.0625,
        0.6,
        0.8666666666666667,
        0.8666666666666667,
        0.8666666666666667,
        0.8666666666666667,
        0.8666666666666667,
        0.8666666666666667,
        0.8666666666666667,
        0.8666666666666667,
        0.8666666666666667,
        0.8666666666666667,
        0.8666666666666667,
        1.0,
        0.8666666666666667,
        0.8666666666666667,
        0.8666666666666667,
        0.8666666666666667,
        0.8666666666666667
    ],
    "val_prec": [
        0.03571428571428571,
        0.03571428571428571,
        0.3,
        0.20833333333333331,
        0.03571428571428571,
        0.5625,
        0.875,
        0.875,
        0.875,
        0.875,
        0.875,
        0.875,
        0.875,
        0.875,
        0.875,
        0.875,
        0.875,
        1.0,
        0.875,
        0.875,
        0.875,
        0.875,
        0.875
    ],
    "final_test": {
        "loss": 0.03090592857915908,
        "acc": 1.0,
        "recall": 1.0,
        "f1": 1.0,
        "prec": 1.0
    }
}