{
    "train_loss": [
        1.4850547874675077,
        1.4182547471102547,
        1.4087078805063284,
        1.3525261282920837,
        0.9936515712270549,
        0.8268260939740667,
        0.7148041946119538,
        0.32660431838503073,
        0.3490976655454028,
        0.07974781773473118,
        0.03786997997439375,
        0.02785092200536062,
        0.02143275400842814,
        0.015267057399101117,
        0.014828706977377627,
        0.01221708097842102,
        0.009903330342186725,
        0.008478144434846792,
        0.00760012801152234
    ],
    "train_acc": [
        0.17647058823529413,
        0.2549019607843137,
        0.27450980392156865,
        0.35294117647058826,
        0.5686274509803921,
        0.5490196078431373,
        0.7254901960784313,
        0.9607843137254902,
        0.8823529411764706,
        1.0,
        1.0,
        1.0,
        1.0,
        1.0,
        1.0,
        1.0,
        1.0,
        1.0,
        1.0
    ],
    "train_recall": [
        0.17857142857142858,
        0.255952380952381,
        0.2541208791208791,
        0.34203296703296704,
        0.5695970695970696,
        0.55746336996337,
        0.7174908424908425,
        0.9599358974358975,
        0.8814102564102564,
        1.0,
        1.0,
        1.0,
        1.0,
        1.0,
        1.0,
        1.0,
        1.0,
        1.0,
        1.0
    ],
    "train_f1": [
        0.14823229801258364,
        0.19564061669324828,
        0.16377358490566038,
        0.33557731538147695,
        0.5381400208986415,
        0.5518100992238923,
        0.7172944686014764,
        0.9605097451274363,
        0.8775,
        1.0,
        1.0,
        1.0,
        1.0,
        1.0,
        1.0,
        1.0,
        1.0,
        1.0,
        1.0
    ],
    "train_prec": [
        0.13665011459129106,
        0.17476383265856948,
        0.1330128205128205,
        0.453090013434841,
        0.568343653250774,
        0.5761904761904761,
        0.7420955882352942,
        0.9641025641025642,
        0.8776223776223776,
        1.0,
        1.0,
        1.0,
        1.0,
        1.0,
        1.0,
        1.0,
        1.0,
        1.0,
        1.0
    ],
    "val_loss": [
        1.4295004147749681,
        1.4334799968279326,
        1.4137528492854192,
        1.2421577068475576,
        0.8935767171474603,
        1.4313371181488037,
        0.7304200254953824,
        1.186342610189548,
        0.4628628552533113,
        0.2177797042979644,
        0.47538419304272306,
        0.18147006093596035,
        1.1265808765131693,
        0.05626250251841087,
        0.7518533766627885,
        1.238570764947396,
        1.7170487243252306,
        1.1117231498758953,
        1.1909327688985145
    ],
    "val_acc": [
        0.15384615384615385,
        0.15384615384615385,
        0.15384615384615385,
        0.46153846153846156,
        0.6153846153846154,
        0.46153846153846156,
        0.8461538461538461,
        0.46153846153846156,
        0.7692307692307693,
        0.9230769230769231,
        0.8461538461538461,
        0.9230769230769231,
        0.6923076923076923,
        1.0,
        0.8461538461538461,
        0.6923076923076923,
        0.38461538461538464,
        0.6923076923076923,
        0.6923076923076923
    ],
    "val_recall": [
        0.25,
        0.25,
        0.25,
        0.375,
        0.5,
        0.4375,
        0.875,
        0.5208333333333333,
        0.8125,
        0.9375,
        0.875,
        0.9375,
        0.7083333333333333,
        1.0,
        0.875,
        0.7083333333333333,
        0.4375,
        0.7083333333333333,
        0.7083333333333333
    ],
    "val_f1": [
        0.06666666666666667,
        0.06666666666666667,
        0.06666666666666667,
        0.3,
        0.40384615384615385,
        0.4095238095238095,
        0.8541666666666666,
        0.4888888888888888,
        0.7976190476190476,
        0.9285714285714286,
        0.8541666666666666,
        0.9285714285714286,
        0.6666666666666666,
        1.0,
        0.8541666666666666,
        0.6666666666666666,
        0.3392857142857143,
        0.6666666666666666,
        0.6666666666666666
    ],
    "val_prec": [
        0.038461538461538464,
        0.038461538461538464,
        0.038461538461538464,
        0.34090909090909094,
        0.3611111111111111,
        0.6,
        0.9,
        0.6666666666666667,
        0.875,
        0.9375,
        0.9,
        0.9375,
        0.7083333333333333,
        1.0,
        0.9,
        0.7083333333333333,
        0.3333333333333333,
        0.7083333333333333,
        0.7083333333333333
    ],
    "final_test": {
        "loss": 0.9020600019333264,
        "acc": 0.7333333333333333,
        "recall": 0.7455357142857143,
        "f1": 0.7426739926739927,
        "prec": 0.8333333333333334
    }
}