{
    "train_loss": [
        1.5627560496330262,
        1.4606197690963745,
        1.3842911338806152,
        1.3615301132202149,
        1.2186149644851685,
        0.9144427418708801,
        0.766889193058014,
        0.5163252568244934,
        0.21353779911994933,
        0.1233633053302765,
        0.09188850328326226,
        0.056315329298377036,
        0.04394844092428684,
        0.03445016499608755,
        0.03150517366826534,
        0.027557657100260258,
        0.016845541298389433,
        0.018222254384309054,
        0.02080777792260051,
        0.017242794279009103,
        0.01221942286938429,
        0.012971999365836382,
        0.01397611784748733,
        0.01153024535626173,
        0.011606216067448258,
        0.010694402102380991,
        0.007463159179314971,
        0.007268375661224127,
        0.007916009314358234,
        0.006228043516166508,
        0.005415348196402192,
        0.005217191143892705,
        0.0039176141610369085,
        0.003982082507573068,
        0.0037572593241930008,
        0.004093036605045199,
        0.0032801987417042256,
        0.0034057047218084336,
        0.002842114204540849,
        0.0029202491929754613,
        0.002782068168744445,
        0.0029454641952179374,
        0.0022103944211266935
    ],
    "train_acc": [
        0.24,
        0.16,
        0.16,
        0.36,
        0.56,
        0.72,
        0.64,
        0.92,
        1.0,
        1.0,
        1.0,
        1.0,
        1.0,
        1.0,
        1.0,
        1.0,
        1.0,
        1.0,
        1.0,
        1.0,
        1.0,
        1.0,
        1.0,
        1.0,
        1.0,
        1.0,
        1.0,
        1.0,
        1.0,
        1.0,
        1.0,
        1.0,
        1.0,
        1.0,
        1.0,
        1.0,
        1.0,
        1.0,
        1.0,
        1.0,
        1.0,
        1.0,
        1.0
    ],
    "train_recall": [
        0.25,
        0.1488095238095238,
        0.1488095238095238,
        0.33333333333333337,
        0.5535714285714286,
        0.7083333333333334,
        0.6428571428571429,
        0.9166666666666666,
        1.0,
        1.0,
        1.0,
        1.0,
        1.0,
        1.0,
        1.0,
        1.0,
        1.0,
        1.0,
        1.0,
        1.0,
        1.0,
        1.0,
        1.0,
        1.0,
        1.0,
        1.0,
        1.0,
        1.0,
        1.0,
        1.0,
        1.0,
        1.0,
        1.0,
        1.0,
        1.0,
        1.0,
        1.0,
        1.0,
        1.0,
        1.0,
        1.0,
        1.0,
        1.0
    ],
    "train_f1": [
        0.18382352941176472,
        0.10833333333333334,
        0.12894736842105264,
        0.251984126984127,
        0.4895833333333333,
        0.6902507215007214,
        0.6362637362637363,
        0.9142857142857144,
        1.0,
        1.0,
        1.0,
        1.0,
        1.0,
        1.0,
        1.0,
        1.0,
        1.0,
        1.0,
        1.0,
        1.0,
        1.0,
        1.0,
        1.0,
        1.0,
        1.0,
        1.0,
        1.0,
        1.0,
        1.0,
        1.0,
        1.0,
        1.0,
        1.0,
        1.0,
        1.0,
        1.0,
        1.0,
        1.0,
        1.0,
        1.0,
        1.0,
        1.0,
        1.0
    ],
    "train_prec": [
        0.14545454545454545,
        0.08603896103896103,
        0.125,
        0.41666666666666663,
        0.44791666666666663,
        0.7173611111111111,
        0.6532738095238095,
        0.9375,
        1.0,
        1.0,
        1.0,
        1.0,
        1.0,
        1.0,
        1.0,
        1.0,
        1.0,
        1.0,
        1.0,
        1.0,
        1.0,
        1.0,
        1.0,
        1.0,
        1.0,
        1.0,
        1.0,
        1.0,
        1.0,
        1.0,
        1.0,
        1.0,
        1.0,
        1.0,
        1.0,
        1.0,
        1.0,
        1.0,
        1.0,
        1.0,
        1.0,
        1.0,
        1.0
    ],
    "val_loss": [
        1.440784181867327,
        1.4105486188616072,
        1.3552256652287074,
        1.3237201486315047,
        1.0907836215836662,
        0.8151560085160392,
        0.679986264024462,
        0.3303000969546182,
        0.2807843898023878,
        0.13693048166377203,
        0.10319286371980395,
        0.07362776941486768,
        0.0797853193112782,
        0.04618943855166435,
        0.04091010774884905,
        0.03944177473230021,
        0.02838945042874132,
        0.03588773549667427,
        0.024791942377175604,
        0.025029463693499565,
        0.021992822044662068,
        0.0190511392429471,
        0.021405400708317757,
        0.017175589155937945,
        0.027041873961154903,
        0.023546400413449322,
        0.014791489911398717,
        0.011076889266925198,
        0.010348253284714051,
        0.01634288459484066,
        0.011742429242336325,
        0.012694755768669503,
        0.01210195677621024,
        0.00831687357276678,
        0.016309524586956416,
        0.00910424451077623,
        0.012330284774569529,
        0.006407371189977441,
        0.009531920809032661,
        0.012969141194064702,
        0.016320580450285758,
        0.006848705516728971,
        0.01858438884041139
    ],
    "val_acc": [
        0.2857142857142857,
        0.14285714285714285,
        0.42857142857142855,
        0.42857142857142855,
        0.7142857142857143,
        0.7142857142857143,
        0.7142857142857143,
        1.0,
        1.0,
        1.0,
        1.0,
        1.0,
        1.0,
        1.0,
        1.0,
        1.0,
        1.0,
        1.0,
        1.0,
        1.0,
        1.0,
        1.0,
        1.0,
        1.0,
        1.0,
        1.0,
        1.0,
        1.0,
        1.0,
        1.0,
        1.0,
        1.0,
        1.0,
        1.0,
        1.0,
        1.0,
        1.0,
        1.0,
        1.0,
        1.0,
        1.0,
        1.0,
        1.0
    ],
    "val_recall": [
        0.25,
        0.25,
        0.5,
        0.5,
        0.75,
        0.75,
        0.75,
        1.0,
        1.0,
        1.0,
        1.0,
        1.0,
        1.0,
        1.0,
        1.0,
        1.0,
        1.0,
        1.0,
        1.0,
        1.0,
        1.0,
        1.0,
        1.0,
        1.0,
        1.0,
        1.0,
        1.0,
        1.0,
        1.0,
        1.0,
        1.0,
        1.0,
        1.0,
        1.0,
        1.0,
        1.0,
        1.0,
        1.0,
        1.0,
        1.0,
        1.0,
        1.0,
        1.0
    ],
    "val_f1": [
        0.1111111111111111,
        0.0625,
        0.29166666666666663,
        0.29166666666666663,
        0.6666666666666666,
        0.6666666666666666,
        0.6666666666666666,
        1.0,
        1.0,
        1.0,
        1.0,
        1.0,
        1.0,
        1.0,
        1.0,
        1.0,
        1.0,
        1.0,
        1.0,
        1.0,
        1.0,
        1.0,
        1.0,
        1.0,
        1.0,
        1.0,
        1.0,
        1.0,
        1.0,
        1.0,
        1.0,
        1.0,
        1.0,
        1.0,
        1.0,
        1.0,
        1.0,
        1.0,
        1.0,
        1.0,
        1.0,
        1.0,
        1.0
    ],
    "val_prec": [
        0.07142857142857142,
        0.03571428571428571,
        0.20833333333333331,
        0.20833333333333331,
        0.625,
        0.625,
        0.625,
        1.0,
        1.0,
        1.0,
        1.0,
        1.0,
        1.0,
        1.0,
        1.0,
        1.0,
        1.0,
        1.0,
        1.0,
        1.0,
        1.0,
        1.0,
        1.0,
        1.0,
        1.0,
        1.0,
        1.0,
        1.0,
        1.0,
        1.0,
        1.0,
        1.0,
        1.0,
        1.0,
        1.0,
        1.0,
        1.0,
        1.0,
        1.0,
        1.0,
        1.0,
        1.0,
        1.0
    ],
    "final_test": {
        "loss": 0.017663829115917906,
        "acc": 1.0,
        "recall": 1.0,
        "f1": 1.0,