{
    "train_loss": [
        1.4653931049739612,
        1.4189850360739464,
        1.3852478990367814,
        1.0794601814419615,
        0.7658957737479725,
        0.520998313949973,
        0.4652460368496238,
        0.13233263338642084,
        0.05311292420853587,
        0.0302073906321882,
        0.01956041407880976,
        0.014896935733108251,
        0.011236461660112529,
        0.010269012210854129,
        0.007656221850957794,
        0.006376870388539471,
        0.005462905903365098,
        0.004858093775635329,
        0.004536437744950401,
        0.003609143793308998,
        0.0033044210439958773,
        0.0031477682150936885
    ],
    "train_acc": [
        0.3333333333333333,
        0.23529411764705882,
        0.27450980392156865,
        0.6274509803921569,
        0.6862745098039216,
        0.8235294117647058,
        0.7843137254901961,
        1.0,
        1.0,
        1.0,
        1.0,
        1.0,
        1.0,
        1.0,
        1.0,
        1.0,
        1.0,
        1.0,
        1.0,
        1.0,
        1.0,
        1.0
    ],
    "train_recall": [
        0.34378121878121876,
        0.22527472527472528,
        0.26873126873126874,
        0.6045204795204796,
        0.6643356643356644,
        0.8059440559440559,
        0.7674825174825175,
        1.0,
        1.0,
        1.0,
        1.0,
        1.0,
        1.0,
        1.0,
        1.0,
        1.0,
        1.0,
        1.0,
        1.0,
        1.0,
        1.0,
        1.0
    ],
    "train_f1": [
        0.3352146576284507,
        0.1907603890362511,
        0.24340799916457811,
        0.5773313492063492,
        0.6527365422102264,
        0.798115553229078,
        0.7626491516146687,
        1.0,
        1.0,
        1.0,
        1.0,
        1.0,
        1.0,
        1.0,
        1.0,
        1.0,
        1.0,
        1.0,
        1.0,
        1.0,
        1.0,
        1.0
    ],
    "train_prec": [
        0.36011904761904756,
        0.17034559643255295,
        0.46904761904761905,
        0.596031746031746,
        0.6476648351648351,
        0.8305555555555556,
        0.7601190476190476,
        1.0,
        1.0,
        1.0,
        1.0,
        1.0,
        1.0,
        1.0,
        1.0,
        1.0,
        1.0,
        1.0,
        1.0,
        1.0,
        1.0,
        1.0
    ],
    "val_loss": [
        1.4457825422286987,
        1.367571418101971,
        1.3371464197452252,
        1.0309245368609061,
        0.9374327335793239,
        0.8771672764649758,
        0.7152536684790483,
        0.3739824060780498,
        0.6564327758880188,
        0.6716942464789519,
        0.7404175369570462,
        0.41701258511210865,
        0.23168086762038562,
        0.4967418821492734,
        0.4186006940077417,
        0.8623363245636798,
        0.1288268043874548,
        0.426911068148911,
        0.3204556649210505,
        0.5279370268466524,
        0.7870441921359788,
        0.8004475453904328
    ],
    "val_acc": [
        0.38461538461538464,
        0.23076923076923078,
        0.38461538461538464,
        0.5384615384615384,
        0.46153846153846156,
        0.46153846153846156,
        0.7692307692307693,
        0.9230769230769231,
        0.7692307692307693,
        0.7692307692307693,
        0.7692307692307693,
        0.8461538461538461,
        0.9230769230769231,
        0.8461538461538461,
        0.9230769230769231,
        0.7692307692307693,
        0.9230769230769231,
        0.9230769230769231,
        0.9230769230769231,
        0.8461538461538461,
        0.8461538461538461,
        0.8461538461538461
    ],
    "val_recall": [
        0.5,
        0.25,
        0.5,
        0.6333333333333334,
        0.5833333333333334,
        0.55,
        0.75,
        0.9166666666666666,
        0.75,
        0.75,
        0.75,
        0.8333333333333334,
        0.9166666666666666,
        0.8333333333333334,
        0.9166666666666666,
        0.75,
        0.9166666666666666,
        0.9166666666666666,
        0.9166666666666666,
        0.8333333333333334,
        0.8333333333333334,
        0.8333333333333334
    ],
    "val_f1": [
        0.35714285714285715,
        0.11538461538461539,
        0.2792207792207792,
        0.5446969696969697,
        0.475,
        0.4487179487179487,
        0.6923076923076923,
        0.9272727272727272,
        0.6923076923076923,
        0.6923076923076923,
        0.6923076923076923,
        0.8333333333333334,
        0.9272727272727272,
        0.8333333333333334,
        0.9272727272727272,
        0.6923076923076923,
        0.9272727272727272,
        0.9272727272727272,
        0.9272727272727272,
        0.8333333333333334,
        0.8333333333333334,
        0.8333333333333334
    ],
    "val_prec": [
        0.3181818181818182,
        0.075,
        0.19375,
        0.7604166666666666,
        0.4583333333333333,
        0.575,
        0.65625,
        0.9583333333333334,
        0.65625,
        0.65625,
        0.65625,
        0.9285714285714286,
        0.9583333333333334,
        0.9285714285714286,
        0.9583333333333334,
        0.65625,
        0.9583333333333334,
        0.9583333333333334,
        0.9583333333333334,
        0.9285714285714286,
        0.9285714285714286,
        0.9285714285714286
    ],
    "final_test": {
        "loss": 1.6310256273796162,
        "acc": 0.7,
        "recall": 0.7053571428571428,
        "f1": 0.6955903573550632,
        "prec": 0.7424242424242423
    }
}