{
    "train_loss": [
        1.7060334610939025,
        1.4057431888580323,
        1.3715661716461183,
        1.3883271741867065,
        1.2624485898017883,
        1.1312571716308595,
        0.9472464275360107,
        0.5271939343214035,
        0.3615565547347069,
        0.16300468042492866,
        0.0677870425581932,
        0.044130918234586716,
        0.03588487822562456,
        0.030007752254605294,
        0.023899339661002158,
        0.019737771451473235,
        0.017601196262985466,
        0.0135542113147676,
        0.014147051200270653,
        0.01036477162502706,
        0.008759932881221176,
        0.00810666467063129,
        0.0076219695527106526,
        0.007868806309998035,
        0.007029100889340043
    ],
    "train_acc": [
        0.16,
        0.2,
        0.28,
        0.16,
        0.36,
        0.4,
        0.64,
        0.96,
        0.88,
        1.0,
        1.0,
        1.0,
        1.0,
        1.0,
        1.0,
        1.0,
        1.0,
        1.0,
        1.0,
        1.0,
        1.0,
        1.0,
        1.0,
        1.0,
        1.0
    ],
    "train_recall": [
        0.15625,
        0.19642857142857142,
        0.23660714285714285,
        0.13392857142857142,
        0.3020833333333333,
        0.37202380952380953,
        0.574404761904762,
        0.9375,
        0.8392857142857143,
        1.0,
        1.0,
        1.0,
        1.0,
        1.0,
        1.0,
        1.0,
        1.0,
        1.0,
        1.0,
        1.0,
        1.0,
        1.0,
        1.0,
        1.0,
        1.0
    ],
    "train_f1": [
        0.10367892976588629,
        0.14583333333333331,
        0.17669172932330826,
        0.10555555555555556,
        0.225,
        0.3435897435897436,
        0.5336134453781513,
        0.945054945054945,
        0.8379120879120878,
        1.0,
        1.0,
        1.0,
        1.0,
        1.0,
        1.0,
        1.0,
        1.0,
        1.0,
        1.0,
        1.0,
        1.0,
        1.0,
        1.0,
        1.0,
        1.0
    ],
    "train_prec": [
        0.07777777777777778,
        0.11805555555555555,
        0.14102564102564102,
        0.08712121212121213,
        0.2125,
        0.3435897435897436,
        0.5014880952380952,
        0.9642857142857143,
        0.8541666666666666,
        1.0,
        1.0,
        1.0,
        1.0,
        1.0,
        1.0,
        1.0,
        1.0,
        1.0,
        1.0,
        1.0,
        1.0,
        1.0,
        1.0,
        1.0,
        1.0
    ],
    "val_loss": [
        1.6660442692892892,
        1.550900868007115,
        1.6056737559182304,
        1.586553352219718,
        1.4495340074811662,
        1.2923952979700906,
        0.9068921847002847,
        1.1909546362502235,
        0.4299005035843168,
        0.4268458890063422,
        0.11477828238691602,
        0.1317307533962386,
        0.1487643282328333,
        0.08530923191990171,
        0.05697107727506331,
        0.06860854649650198,
        0.060699383329067914,
        0.08981126826256514,
        0.09369874745607376,
        0.04330528068489262,
        0.04430981572451336,
        0.04880635480263403,
        0.049504161679318974,
        0.08825767179951072,
        0.05331701585756881
    ],
    "val_acc": [
        0.2857142857142857,
        0.2857142857142857,
        0.0,
        0.0,
        0.2857142857142857,
        0.42857142857142855,
        0.42857142857142855,
        0.42857142857142855,
        1.0,
        0.7142857142857143,
        1.0,
        1.0,
        1.0,
        1.0,
        1.0,
        1.0,
        1.0,
        1.0,
        1.0,
        1.0,
        1.0,
        1.0,
        1.0,
        1.0,
        1.0
    ],
    "val_recall": [
        0.25,
        0.5,
        0.0,
        0.0,
        0.375,
        0.6666666666666666,
        0.6666666666666666,
        0.6666666666666666,
        1.0,
        0.8333333333333334,
        1.0,
        1.0,
        1.0,
        1.0,
        1.0,
        1.0,
        1.0,
        1.0,
        1.0,
        1.0,
        1.0,
        1.0,
        1.0,
        1.0,
        1.0
    ],
    "val_f1": [
        0.125,
        0.31746031746031744,
        0.0,
        0.0,
        0.3214285714285714,
        0.5,
        0.5,
        0.5,
        1.0,
        0.7777777777777777,
        1.0,
        1.0,
        1.0,
        1.0,
        1.0,
        1.0,
        1.0,
        1.0,
        1.0,
        1.0,
        1.0,
        1.0,
        1.0,
        1.0,
        1.0
    ],
    "val_prec": [
        0.08333333333333333,
        0.3888888888888889,
        0.0,
        0.0,
        0.3,
        0.4444444444444444,
        0.4444444444444444,
        0.4444444444444444,
        1.0,
        0.8333333333333334,
        1.0,
        1.0,
        1.0,
        1.0,
        1.0,
        1.0,
        1.0,
        1.0,
        1.0,
        1.0,
        1.0,
        1.0,
        1.0,
        1.0,
        1.0
    ],
    "final_test": {
        "loss": 0.015111875312868506,
        "acc": 1.0,
        "recall": 1.0,
        "f1": 1.0,
        "prec": 1.0
    }
}