{
    "train_loss": [
        1.3191208488800947,
        1.059029595524657,
        0.6624221646902608,
        0.3369092123181212,
        0.23285169877550183,
        0.18439704119501746,
        0.053854570285800624,
        0.03556627071663445,
        0.023863034450686445,
        0.016501655875175606,
        0.014422043774496107,
        0.01292427858410805,
        0.01117739388627895,
        0.007141344427295467,
        0.005508376187279674,
        0.003987899070660419,
        0.00418308960141468,
        0.003416016252766199,
        0.0032628297191752377,
        0.002627300375880783,
        0.0028016385513896526,
        0.0022207039965353175,
        0.0027526458839465884,
        0.002160298854897858
    ],
    "train_acc": [
        0.35294117647058826,
        0.5882352941176471,
        0.8431372549019608,
        0.9215686274509803,
        0.9215686274509803,
        0.9411764705882353,
        1.0,
        1.0,
        1.0,
        1.0,
        1.0,
        1.0,
        1.0,
        1.0,
        1.0,
        1.0,
        1.0,
        1.0,
        1.0,
        1.0,
        1.0,
        1.0,
        1.0,
        1.0
    ],
    "train_recall": [
        0.3214285714285714,
        0.5555555555555556,
        0.7876984126984128,
        0.8888888888888888,
        0.9087301587301587,
        0.9166666666666666,
        1.0,
        1.0,
        1.0,
        1.0,
        1.0,
        1.0,
        1.0,
        1.0,
        1.0,
        1.0,
        1.0,
        1.0,
        1.0,
        1.0,
        1.0,
        1.0,
        1.0,
        1.0
    ],
    "train_f1": [
        0.2850877192982456,
        0.5515734265734266,
        0.7703136113379521,
        0.8946633825944171,
        0.9080459770114943,
        0.9258064516129032,
        1.0,
        1.0,
        1.0,
        1.0,
        1.0,
        1.0,
        1.0,
        1.0,
        1.0,
        1.0,
        1.0,
        1.0,
        1.0,
        1.0,
        1.0,
        1.0,
        1.0,
        1.0
    ],
    "train_prec": [
        0.2668269230769231,
        0.685672514619883,
        0.8904761904761904,
        0.9354166666666668,
        0.9085470085470086,
        0.9558823529411764,
        1.0,
        1.0,
        1.0,
        1.0,
        1.0,
        1.0,
        1.0,
        1.0,
        1.0,
        1.0,
        1.0,
        1.0,
        1.0,
        1.0,
        1.0,
        1.0,
        1.0,
        1.0
    ],
    "val_loss": [
        1.3629127328212445,
        1.2780694915698125,
        1.0917891951707692,
        0.8573872148990631,
        1.2889437722758605,
        0.7565591799525114,
        0.6882369647232386,
        0.6912095417770056,
        0.6786254401533649,
        0.6273813628806517,
        0.4925741885000697,
        0.4717206243210687,
        0.4567186808070311,
        0.45582662673237234,
        0.45211427053436637,
        0.5787037956313446,
        0.4593038691494327,
        0.5441821401473135,
        0.44502548785665286,
        0.5258007035053407,
        0.5168969655552735,
        0.44893455969241375,
        0.6597432977555749,
        0.5227641825420926
    ],
    "val_acc": [
        0.15384615384615385,
        0.3076923076923077,
        0.5384615384615384,
        0.6153846153846154,
        0.38461538461538464,
        0.8461538461538461,
        0.8461538461538461,
        0.8461538461538461,
        0.8461538461538461,
        0.8461538461538461,
        0.9230769230769231,
        0.8461538461538461,
        0.9230769230769231,
        0.9230769230769231,
        0.9230769230769231,
        0.9230769230769231,
        0.9230769230769231,
        0.8461538461538461,
        0.9230769230769231,
        0.8461538461538461,
        0.9230769230769231,
        0.9230769230769231,
        0.8461538461538461,
        0.9230769230769231
    ],
    "val_recall": [
        0.25,
        0.5,
        0.6071428571428572,
        0.4642857142857143,
        0.5357142857142857,
        0.8392857142857143,
        0.8392857142857143,
        0.8392857142857143,
        0.8392857142857143,
        0.8392857142857143,
        0.9642857142857143,
        0.8392857142857143,
        0.9642857142857143,
        0.9642857142857143,
        0.9642857142857143,
        0.9642857142857143,
        0.9642857142857143,
        0.8392857142857143,
        0.9642857142857143,
        0.8392857142857143,
        0.9642857142857143,
        0.9642857142857143,
        0.8392857142857143,
        0.9642857142857143
    ],
    "val_f1": [
        0.06666666666666667,
        0.2833333333333333,
        0.5111111111111111,
        0.3875,
        0.4472222222222222,
        0.8057692307692308,
        0.8057692307692308,
        0.8057692307692308,
        0.8057692307692308,
        0.8057692307692308,
        0.9307692307692308,
        0.8057692307692308,
        0.9307692307692308,
        0.9307692307692308,
        0.9307692307692308,
        0.9307692307692308,
        0.9307692307692308,
        0.8057692307692308,
        0.9307692307692308,
        0.8057692307692308,
        0.9307692307692308,
        0.9307692307692308,
        0.8057692307692308,
        0.9307692307692308
    ],
    "val_prec": [
        0.038461538461538464,
        0.21666666666666667,
        0.5714285714285714,
        0.3333333333333333,
        0.5625,
        0.7916666666666666,
        0.7916666666666666,
        0.7916666666666666,
        0.7916666666666666,
        0.7916666666666666,
        0.9166666666666666,
        0.7916666666666666,
        0.9166666666666666,
        0.9166666666666666,
        0.9166666666666666,
        0.9166666666666666,
        0.9166666666666666,
        0.7916666666666666,
        0.9166666666666666,
        0.7916666666666666,
        0.9166666666666666,
        0.9166666666666666,
        0.7916666666666666,
        0.9166666666666666
    ],
    "final_test": {
        "loss": 2.189345858587573,
        "acc": 0.4,
        "recall": 0.4017857142857143,
        "f1": 0.3767551892551893,
        "prec": 0.4316964285714286
    }
}