{
    "train_loss": [
        1.4599670779471303,
        1.4418862917843986,
        1.4220276907378553,
        1.3651271777994491,
        1.3419138391812642,
        1.2921724938878827,
        1.2528999120581383
    ],
    "train_acc": [
        0.23529411764705882,
        0.23529411764705882,
        0.2549019607843137,
        0.23529411764705882,
        0.27450980392156865,
        0.39215686274509803,
        0.39215686274509803
    ],
    "train_recall": [
        0.2300824175824176,
        0.2184065934065934,
        0.2541208791208791,
        0.22893772893772893,
        0.2717490842490843,
        0.37843406593406587,
        0.38003663003663
    ],
    "train_f1": [
        0.22128739316239315,
        0.15183673469387754,
        0.2632936507936508,
        0.21666666666666667,
        0.23407738095238095,
        0.3362920168067227,
        0.36038210155857214
    ],
    "train_prec": [
        0.22650375939849623,
        0.12678571428571428,
        0.2994747899159664,
        0.23295454545454547,
        0.20833333333333331,
        0.36477272727272725,
        0.3952380952380952
    ],
    "val_loss": [
        1.4707321570469782,
        1.4615369851772602,
        1.4839941354898305,
        1.5367687115302453,
        1.6169312917269194,
        1.7001923964573786,
        1.7992764527981098
    ],
    "val_acc": [
        0.15384615384615385,
        0.15384615384615385,
        0.15384615384615385,
        0.15384615384615385,
        0.15384615384615385,
        0.15384615384615385,
        0.15384615384615385
    ],
    "val_recall": [
        0.25,
        0.25,
        0.16666666666666666,
        0.16666666666666666,
        0.16666666666666666,
        0.16666666666666666,
        0.16666666666666666
    ],
    "val_f1": [
        0.06666666666666667,
        0.06666666666666667,
        0.07692307692307693,
        0.07692307692307693,
        0.07692307692307693,
        0.07692307692307693,
        0.07692307692307693
    ],
    "val_prec": [
        0.038461538461538464,
        0.038461538461538464,
        0.05,
        0.05,
        0.05,
        0.05,
        0.05
    ],
    "final_test": {
        "loss": 1.394958245754242,
        "acc": 0.23333333333333334,
        "recall": 0.25,
        "f1": 0.0945945945945946,
        "prec": 0.058333333333333334
    }
}