{
    "train_loss": [
        1.4458304409887277,
        1.1381470561027527,
        0.6060230331678017,
        0.2879002013188951,
        0.08747280166283541,
        0.04047295131592774,
        0.026712252228867774,
        0.0176887100781588,
        0.01329292734975324,
        0.013255481672126288,
        0.009335131361605782,
        0.0069712350948476325,
        0.005817157529093617,
        0.004628044769953133,
        0.0038695411994030663,
        0.0034008307482901157,
        0.003258220972401985,
        0.0027303286262002646,
        0.007359155634071166,
        0.003261703347294208,
        0.0022919495206545383,
        0.0014982206288122518,
        0.0015225703046228007
    ],
    "train_acc": [
        0.2549019607843137,
        0.6666666666666666,
        0.9019607843137255,
        0.9607843137254902,
        1.0,
        1.0,
        1.0,
        1.0,
        1.0,
        1.0,
        1.0,
        1.0,
        1.0,
        1.0,
        1.0,
        1.0,
        1.0,
        1.0,
        1.0,
        1.0,
        1.0,
        1.0,
        1.0
    ],
    "train_recall": [
        0.2434065934065934,
        0.6895604395604396,
        0.9093406593406594,
        0.9571428571428571,
        1.0,
        1.0,
        1.0,
        1.0,
        1.0,
        1.0,
        1.0,
        1.0,
        1.0,
        1.0,
        1.0,
        1.0,
        1.0,
        1.0,
        1.0,
        1.0,
        1.0,
        1.0,
        1.0
    ],
    "train_f1": [
        0.24216619288921845,
        0.6892428807751387,
        0.9021978021978021,
        0.9597257031467556,
        1.0,
        1.0,
        1.0,
        1.0,
        1.0,
        1.0,
        1.0,
        1.0,
        1.0,
        1.0,
        1.0,
        1.0,
        1.0,
        1.0,
        1.0,
        1.0,
        1.0,
        1.0,
        1.0
    ],
    "train_prec": [
        0.25185237556561085,
        0.7092171717171718,
        0.9040646853146853,
        0.9642857142857144,
        1.0,
        1.0,
        1.0,
        1.0,
        1.0,
        1.0,
        1.0,
        1.0,
        1.0,
        1.0,
        1.0,
        1.0,
        1.0,
        1.0,
        1.0,
        1.0,
        1.0,
        1.0,
        1.0
    ],
    "val_loss": [
        1.320639078433697,
        1.0880966301147754,
        0.652775974227832,
        0.7525823603455837,
        0.355578030531223,
        0.27259887382388115,
        0.25310220741308653,
        0.23350688227667257,
        0.24229458167862433,
        0.18476738014186805,
        0.17030098751330605,
        0.180762534101422,
        0.18138769208095396,
        0.13419594561967713,
        0.18479309388651297,
        0.11851377769086796,
        0.11559349882344787,
        0.09975592573531546,
        0.2611224012485204,
        0.11271603410848631,
        0.18616377904366416,
        0.1715320378022555,
        0.1034195609480286
    ],
    "val_acc": [
        0.38461538461538464,
        0.6153846153846154,
        0.7692307692307693,
        0.6923076923076923,
        0.8461538461538461,
        0.9230769230769231,
        0.9230769230769231,
        0.9230769230769231,
        0.9230769230769231,
        1.0,
        1.0,
        0.9230769230769231,
        0.9230769230769231,
        1.0,
        0.9230769230769231,
        1.0,
        1.0,
        1.0,
        0.9230769230769231,
        1.0,
        0.9230769230769231,
        0.9230769230769231,
        1.0
    ],
    "val_recall": [
        0.4583333333333333,
        0.5,
        0.7083333333333333,
        0.5833333333333333,
        0.8333333333333333,
        0.875,
        0.9166666666666666,
        0.9166666666666666,
        0.875,
        1.0,
        1.0,
        0.875,
        0.875,
        1.0,
        0.9166666666666666,
        1.0,
        1.0,
        1.0,
        0.875,
        1.0,
        0.875,
        0.875,
        1.0
    ],
    "val_f1": [
        0.325,
        0.3611111111111111,
        0.7,
        0.49862637362637363,
        0.7916666666666666,
        0.8974358974358975,
        0.8999999999999999,
        0.8999999999999999,
        0.8974358974358975,
        1.0,
        1.0,
        0.8974358974358975,
        0.8974358974358975,
        1.0,
        0.8999999999999999,
        1.0,
        1.0,
        1.0,
        0.8666666666666666,
        1.0,
        0.8974358974358975,
        0.8974358974358975,
        1.0
    ],
    "val_prec": [
        0.3958333333333333,
        0.3214285714285714,
        0.7083333333333334,
        0.5642857142857143,
        0.875,
        0.9642857142857143,
        0.9166666666666666,
        0.9166666666666666,
        0.9642857142857143,
        1.0,
        1.0,
        0.9642857142857143,
        0.9642857142857143,
        1.0,
        0.9166666666666666,
        1.0,
        1.0,
        1.0,
        0.9166666666666666,
        1.0,
        0.9642857142857143,
        0.9642857142857143,
        1.0
    ],
    "final_test": {
        "loss": 1.3243476622272283,
        "acc": 0.6333333333333333,
        "recall": 0.6383928571428572,
        "f1": 0.6249595992243051,
        "prec": 0.625
    }
}