{
    "train_loss": [
        1.3859402227401734,
        0.9670203018188477,
        0.6771716117858887,
        0.4788277280330658,
        0.23552287191152574,
        0.11060485750436783,
        0.06313159331679344,
        0.051975723281502725,
        0.03687741063535213,
        0.027644360475242137,
        0.02150981403887272,
        0.023037966676056384,
        0.015421918090432883,
        0.015125572606921196,
        0.0131318623945117,
        0.012520010955631733,
        0.009599349843338132,
        0.009630192266777159,
        0.008333606896921992,
        0.007718399679288268
    ],
    "train_acc": [
        0.4,
        0.92,
        0.84,
        0.88,
        1.0,
        1.0,
        1.0,
        1.0,
        1.0,
        1.0,
        1.0,
        1.0,
        1.0,
        1.0,
        1.0,
        1.0,
        1.0,
        1.0,
        1.0,
        1.0
    ],
    "train_recall": [
        0.40476190476190477,
        0.9166666666666667,
        0.8333333333333334,
        0.8928571428571428,
        1.0,
        1.0,
        1.0,
        1.0,
        1.0,
        1.0,
        1.0,
        1.0,
        1.0,
        1.0,
        1.0,
        1.0,
        1.0,
        1.0,
        1.0,
        1.0
    ],
    "train_f1": [
        0.333502024291498,
        0.9186480186480186,
        0.8305909776498013,
        0.8818181818181818,
        1.0,
        1.0,
        1.0,
        1.0,
        1.0,
        1.0,
        1.0,
        1.0,
        1.0,
        1.0,
        1.0,
        1.0,
        1.0,
        1.0,
        1.0,
        1.0
    ],
    "train_prec": [
        0.30448717948717946,
        0.9330357142857143,
        0.8892857142857142,
        0.9166666666666666,
        1.0,
        1.0,
        1.0,
        1.0,
        1.0,
        1.0,
        1.0,
        1.0,
        1.0,
        1.0,
        1.0,
        1.0,
        1.0,
        1.0,
        1.0,
        1.0
    ],
    "val_loss": [
        1.3189489500863212,
        1.1731440084321159,
        0.9244717529841832,
        0.8829280755349568,
        0.6130480617284775,
        0.4657880227480616,
        0.4704022524612291,
        0.4832127115556172,
        0.40937238718782154,
        0.37165724113583565,
        0.42532998270222117,
        0.3883118075983865,
        0.35338385429765495,
        0.21643589836146152,
        0.17947077165756906,
        0.2356256108198847,
        0.2216536791196891,
        0.2144754161792142,
        0.18279830579246795,
        0.23719312782798493
    ],
    "val_acc": [
        0.2857142857142857,
        0.5714285714285714,
        0.5714285714285714,
        0.5714285714285714,
        0.8571428571428571,
        0.8571428571428571,
        0.8571428571428571,
        0.8571428571428571,
        0.8571428571428571,
        0.8571428571428571,
        0.8571428571428571,
        0.8571428571428571,
        0.8571428571428571,
        1.0,
        1.0,
        0.8571428571428571,
        0.8571428571428571,
        0.8571428571428571,
        1.0,
        0.8571428571428571
    ],
    "val_recall": [
        0.25,
        0.625,
        0.5,
        0.625,
        0.875,
        0.875,
        0.875,
        0.875,
        0.875,
        0.875,
        0.875,
        0.875,
        0.875,
        1.0,
        1.0,
        0.875,
        0.875,
        0.875,
        1.0,
        0.875
    ],
    "val_f1": [
        0.25,
        0.5416666666666666,
        0.475,
        0.4916666666666667,
        0.8666666666666666,
        0.8666666666666666,
        0.8666666666666666,
        0.8666666666666666,
        0.8666666666666666,
        0.8666666666666666,
        0.8666666666666666,
        0.8666666666666666,
        0.8666666666666666,
        1.0,
        1.0,
        0.8666666666666666,
        0.8666666666666666,
        0.8666666666666666,
        1.0,
        0.8666666666666666
    ],
    "val_prec": [
        0.25,
        0.5833333333333333,
        0.4583333333333333,
        0.41666666666666663,
        0.9166666666666666,
        0.9166666666666666,
        0.9166666666666666,
        0.9166666666666666,
        0.9166666666666666,
        0.9166666666666666,
        0.9166666666666666,
        0.9166666666666666,
        0.9166666666666666,
        1.0,
        1.0,
        0.9166666666666666,
        0.9166666666666666,
        0.9166666666666666,
        1.0,
        0.9166666666666666
    ],
    "final_test": {
        "loss": 0.06379093392752111,
        "acc": 1.0,
        "recall": 1.0,
        "f1": 1.0,
        "prec": 1.0
    }
}