{
    "train_loss": [
        1.5318310046195984,
        1.4465790557861329,
        1.3744659757614135,
        1.3722866773605347,
        1.2779219579696655,
        1.2422594320774079,
        1.1435610258579254,
        1.0328972721099854,
        1.1480192202329635,
        1.075561946630478,
        1.0830126810073852
    ],
    "train_acc": [
        0.24,
        0.24,
        0.32,
        0.28,
        0.52,
        0.4,
        0.48,
        0.52,
        0.44,
        0.4,
        0.48
    ],
    "train_recall": [
        0.21428571428571427,
        0.2142857142857143,
        0.2916666666666667,
        0.2738095238095238,
        0.47023809523809523,
        0.3571428571428571,
        0.4547619047619047,
        0.4642857142857143,
        0.4107142857142857,
        0.3630952380952381,
        0.4583333333333333
    ],
    "train_f1": [
        0.10344827586206896,
        0.1417624521072797,
        0.17962962962962964,
        0.2278138528138528,
        0.3907563025210084,
        0.28205128205128205,
        0.42222222222222217,
        0.3653846153846154,
        0.34129901960784315,
        0.35317460317460314,
        0.3834776334776334
    ],
    "train_prec": [
        0.06818181818181818,
        0.18181818181818182,
        0.15,
        0.24166666666666664,
        0.5071428571428571,
        0.2789473684210526,
        0.47916666666666663,
        0.34210526315789475,
        0.3,
        0.3658008658008658,
        0.4174107142857143
    ],
    "val_loss": [
        1.5063961744308472,
        1.3850149256842477,
        1.3647853646959578,
        1.3137233768190657,
        1.3807384712355477,
        1.1330092677048273,
        1.1567565883908952,
        1.430702805519104,
        1.449287039893014,
        1.1446947242532457,
        1.3834223917552404
    ],
    "val_acc": [
        0.0,
        0.2857142857142857,
        0.2857142857142857,
        0.2857142857142857,
        0.14285714285714285,
        0.42857142857142855,
        0.14285714285714285,
        0.14285714285714285,
        0.2857142857142857,
        0.42857142857142855,
        0.5714285714285714
    ],
    "val_recall": [
        0.0,
        0.5,
        0.375,
        0.5,
        0.25,
        0.625,
        0.25,
        0.25,
        0.375,
        0.625,
        0.375
    ],
    "val_f1": [
        0.0,
        0.25,
        0.29166666666666663,
        0.3214285714285714,
        0.0625,
        0.43333333333333335,
        0.08333333333333333,
        0.07142857142857142,
        0.225,
        0.43333333333333335,
        0.3392857142857143
    ],
    "val_prec": [
        0.0,
        0.175,
        0.25,
        0.2916666666666667,
        0.03571428571428571,
        0.4375,
        0.05,
        0.041666666666666664,
        0.1875,
        0.4375,
        0.3125
    ],
    "final_test": {
        "loss": 1.848545253276825,
        "acc": 0.0,
        "recall": 0.0,
        "f1": 0.0,
        "prec": 0.0
    }
}