{
    "train_loss": [
        1.4837538194656372,
        1.4332897567749023,
        1.4274471092224121,
        1.3954570150375367,
        1.459272150993347,
        1.4037916994094848,
        1.3643944001197814,
        1.3968189811706544,
        1.3686630654335021,
        1.3050631022453307,
        1.2551131784915923,
        1.1915625524520874,
        1.1232078963518142,
        1.1377869355678558,
        0.9551389646530152,
        1.0823044502735137,
        0.9266507321596146,
        0.9080333909392357,
        0.9349555222690106,
        0.9467327788472175,
        0.9465974029898644
    ],
    "train_acc": [
        0.16,
        0.24,
        0.24,
        0.28,
        0.12,
        0.16,
        0.32,
        0.24,
        0.24,
        0.36,
        0.4,
        0.52,
        0.48,
        0.32,
        0.52,
        0.32,
        0.52,
        0.56,
        0.44,
        0.48,
        0.48
    ],
    "train_recall": [
        0.16666666666666666,
        0.21428571428571427,
        0.22619047619047616,
        0.2857142857142857,
        0.125,
        0.15476190476190477,
        0.3273809523809524,
        0.25,
        0.22619047619047616,
        0.35714285714285715,
        0.40476190476190477,
        0.5357142857142857,
        0.488095238095238,
        0.32738095238095233,
        0.5357142857142857,
        0.33333333333333337,
        0.5357142857142857,
        0.5595238095238095,
        0.4464285714285714,
        0.494047619047619,
        0.49404761904761907
    ],
    "train_f1": [
        0.10625,
        0.0967741935483871,
        0.15555555555555556,
        0.24607843137254903,
        0.06818181818181818,
        0.11666666666666667,
        0.23309523809523808,
        0.2114260008996851,
        0.17424242424242425,
        0.2826797385620915,
        0.358974358974359,
        0.49511599511599513,
        0.41634615384615387,
        0.3373737373737374,
        0.47005772005772006,
        0.32867132867132864,
        0.5125874125874126,
        0.5105042016806722,
        0.4354260935143288,
        0.46713286713286717,
        0.49404761904761907
    ],
    "train_prec": [
        0.07857142857142857,
        0.0625,
        0.11858974358974358,
        0.21944444444444441,
        0.046875,
        0.09401709401709402,
        0.37894736842105264,
        0.21245421245421248,
        0.15,
        0.2625,
        0.3244047619047619,
        0.5178571428571428,
        0.3650793650793651,
        0.3701388888888889,
        0.6041666666666667,
        0.3285714285714286,
        0.5101190476190476,
        0.475,
        0.4847402597402597,
        0.46011904761904765,
        0.49404761904761907
    ],
    "val_loss": [
        1.3798985821860177,
        1.4074616943086897,
        1.3813808134623937,
        1.4059371777943201,
        1.3669347763061523,
        1.3815758058003016,
        1.3650555270058768,
        1.349566033908299,
        1.1246203184127808,
        1.304945400782994,
        1.5006547910826546,
        1.5015640684536524,
        0.9611725296292987,
        1.0417778406824385,
        1.8353679605892725,
        0.9441885756594794,
        1.8710449934005737,
        1.118159994482994,
        1.9733285052435738,
        1.1742995296205794,
        1.7331449900354658
    ],
    "val_acc": [
        0.14285714285714285,
        0.14285714285714285,
        0.42857142857142855,
        0.14285714285714285,
        0.14285714285714285,
        0.2857142857142857,
        0.2857142857142857,
        0.14285714285714285,
        0.7142857142857143,
        0.42857142857142855,
        0.2857142857142857,
        0.2857142857142857,
        0.5714285714285714,
        0.42857142857142855,
        0.2857142857142857,
        0.5714285714285714,
        0.2857142857142857,
        0.7142857142857143,
        0.2857142857142857,
        0.5714285714285714,
        0.42857142857142855
    ],
    "val_recall": [
        0.125,
        0.25,
        0.5,
        0.25,
        0.25,
        0.25,
        0.25,
        0.25,
        0.75,
        0.5,
        0.25,
        0.25,
        0.5,
        0.375,
        0.25,
        0.5,
        0.25,
        0.75,
        0.25,
        0.5,
        0.375
    ],
    "val_f1": [
        0.08333333333333333,
        0.0625,
        0.29166666666666663,
        0.0625,
        0.0625,
        0.1111111111111111,
        0.16666666666666666,
        0.0625,
        0.6666666666666666,
        0.35,
        0.125,
        0.1111111111111111,
        0.45,
        0.29166666666666663,
        0.1111111111111111,
        0.4,
        0.1111111111111111,
        0.6166666666666667,
        0.1111111111111111,
        0.45833333333333326,
        0.26666666666666666
    ],
    "val_prec": [
        0.0625,
        0.03571428571428571,
        0.20833333333333331,
        0.03571428571428571,
        0.03571428571428571,
        0.07142857142857142,
        0.125,
        0.03571428571428571,
        0.625,
        0.3125,
        0.08333333333333333,
        0.07142857142857142,
        0.41666666666666663,
        0.25,
        0.07142857142857142,
        0.3333333333333333,
        0.07142857142857142,
        0.5416666666666666,
        0.07142857142857142,
        0.5,
        0.20833333333333331
    ],
    "final_test": {
        "loss": 2.5033764243125916,
        "acc": 0.25,
        "recall": 0.25,
        "f1": 0.25,
        "prec": 0.25
    }
}