{
    "train_loss": [
        1.3927556705474853,
        1.1997796630859374,
        0.8632608008384705,
        0.5412349742650986,
        0.2591057002544403,
        0.140232842117548,
        0.08902575731277466,
        0.06511948645114898,
        0.049699163250625136,
        0.030387926027178765,
        0.022058820612728597,
        0.019816394094377757,
        0.015653741639107467,
        0.014074332043528558,
        0.012331696962937712,
        0.008722441950812936,
        0.00943777539767325,
        0.008926523085683584,
        0.006760987560264766,
        0.00609675717074424,
        0.0060070296050980685,
        0.004646518514491617,
        0.003867376949638128,
        0.003845296404324472,
        0.0030123378545977176,
        0.0033257681387476624
    ],
    "train_acc": [
        0.36,
        0.6,
        0.92,
        0.96,
        1.0,
        1.0,
        1.0,
        1.0,
        1.0,
        1.0,
        1.0,
        1.0,
        1.0,
        1.0,
        1.0,
        1.0,
        1.0,
        1.0,
        1.0,
        1.0,
        1.0,
        1.0,
        1.0,
        1.0,
        1.0,
        1.0
    ],
    "train_recall": [
        0.3452380952380953,
        0.5952380952380952,
        0.9166666666666667,
        0.9583333333333334,
        1.0,
        1.0,
        1.0,
        1.0,
        1.0,
        1.0,
        1.0,
        1.0,
        1.0,
        1.0,
        1.0,
        1.0,
        1.0,
        1.0,
        1.0,
        1.0,
        1.0,
        1.0,
        1.0,
        1.0,
        1.0,
        1.0
    ],
    "train_f1": [
        0.28863636363636364,
        0.5637362637362637,
        0.9186480186480186,
        0.9606060606060606,
        1.0,
        1.0,
        1.0,
        1.0,
        1.0,
        1.0,
        1.0,
        1.0,
        1.0,
        1.0,
        1.0,
        1.0,
        1.0,
        1.0,
        1.0,
        1.0,
        1.0,
        1.0,
        1.0,
        1.0,
        1.0,
        1.0
    ],
    "train_prec": [
        0.2708333333333333,
        0.6959325396825398,
        0.9330357142857143,
        0.96875,
        1.0,
        1.0,
        1.0,
        1.0,
        1.0,
        1.0,
        1.0,
        1.0,
        1.0,
        1.0,
        1.0,
        1.0,
        1.0,
        1.0,
        1.0,
        1.0,
        1.0,
        1.0,
        1.0,
        1.0,
        1.0,
        1.0
    ],
    "val_loss": [
        1.3182000858443124,
        1.1064680218696594,
        0.8485833023275647,
        0.5705098509788513,
        0.5928150096109935,
        0.4480570831469127,
        0.47287072773490635,
        0.3453067104731287,
        0.2833896784910134,
        0.3607426365571363,
        0.2701733319887093,
        0.38071378719593796,
        0.2018427602680666,
        0.2464939383789897,
        0.33597317923392567,
        0.04111562908760139,
        0.03781619894185236,
        0.06567421502300672,
        0.0396653250125902,
        0.05192486642460738,
        0.0373907469412578,
        0.09716197096609644,
        0.04871115820216281,
        0.05040051981008479,
        0.04681604012979993,
        0.04346408645090248
    ],
    "val_acc": [
        0.2857142857142857,
        1.0,
        1.0,
        1.0,
        0.7142857142857143,
        1.0,
        0.7142857142857143,
        1.0,
        1.0,
        0.8571428571428571,
        1.0,
        0.7142857142857143,
        1.0,
        1.0,
        0.7142857142857143,
        1.0,
        1.0,
        1.0,
        1.0,
        1.0,
        1.0,
        1.0,
        1.0,
        1.0,
        1.0,
        1.0
    ],
    "val_recall": [
        0.375,
        1.0,
        1.0,
        1.0,
        0.75,
        1.0,
        0.75,
        1.0,
        1.0,
        0.875,
        1.0,
        0.75,
        1.0,
        1.0,
        0.75,
        1.0,
        1.0,
        1.0,
        1.0,
        1.0,
        1.0,
        1.0,
        1.0,
        1.0,
        1.0,
        1.0
    ],
    "val_f1": [
        0.20833333333333331,
        1.0,
        1.0,
        1.0,
        0.7416666666666667,
        1.0,
        0.6666666666666666,
        1.0,
        1.0,
        0.8666666666666666,
        1.0,
        0.6666666666666666,
        1.0,
        1.0,
        0.6666666666666666,
        1.0,
        1.0,
        1.0,
        1.0,
        1.0,
        1.0,
        1.0,
        1.0,
        1.0,
        1.0,
        1.0
    ],
    "val_prec": [
        0.175,
        1.0,
        1.0,
        1.0,
        0.7916666666666666,
        1.0,
        0.625,
        1.0,
        1.0,
        0.9166666666666666,
        1.0,
        0.625,
        1.0,
        1.0,
        0.625,
        1.0,
        1.0,
        1.0,
        1.0,
        1.0,
        1.0,
        1.0,
        1.0,
        1.0,
        1.0,
        1.0
    ],
    "final_test": {
        "loss": 0.22535067040007561,
        "acc": 1.0,
        "recall": 1.0,
        "f1": 1.0,
        "prec": 1.0
    }
}