{
    "train_loss": [
        1.4716752370198567,
        1.4289825804093306,
        1.4031177747483348,
        1.4363414353015376,
        1.4129235534106983,
        1.3503667583652572
    ],
    "train_acc": [
        0.23529411764705882,
        0.2549019607843137,
        0.27450980392156865,
        0.27450980392156865,
        0.19607843137254902,
        0.27450980392156865
    ],
    "train_recall": [
        0.22997835497835495,
        0.2418831168831169,
        0.27380952380952384,
        0.25297619047619047,
        0.18641774891774893,
        0.2637987012987013
    ],
    "train_f1": [
        0.194017094017094,
        0.21408668730650154,
        0.23173076923076924,
        0.16867690058479531,
        0.17417920656634744,
        0.24032062915910463
    ],
    "train_prec": [
        0.22523041474654376,
        0.21354166666666666,
        0.38657407407407407,
        0.1875,
        0.38297413793103446,
        0.2822128851540616
    ],
    "val_loss": [
        1.4887133928445668,
        1.5392192602157593,
        1.7120417448190541,
        1.5317508624150202,
        1.5683714976677527,
        1.6989529407941377
    ],
    "val_acc": [
        0.07692307692307693,
        0.15384615384615385,
        0.07692307692307693,
        0.07692307692307693,
        0.07692307692307693,
        0.07692307692307693
    ],
    "val_recall": [
        0.125,
        0.25,
        0.125,
        0.125,
        0.125,
        0.125
    ],
    "val_f1": [
        0.038461538461538464,
        0.12878787878787878,
        0.05,
        0.045454545454545456,
        0.041666666666666664,
        0.041666666666666664
    ],
    "val_prec": [
        0.022727272727272728,
        0.09027777777777778,
        0.03125,
        0.027777777777777776,
        0.025,
        0.025
    ],
    "final_test": {
        "loss": 1.3950737317403157,
        "acc": 0.3333333333333333,
        "recall": 0.3125,
        "f1": 0.2159090909090909,
        "prec": 0.16517857142857142
    }
}