{
    "train_loss": [
        1.4517218732833863,
        1.4108379316329955,
        1.3942223596572876,
        1.425428695678711,
        1.3450382089614867,
        1.285984170436859,
        1.1894898867607118,
        1.1810791909694671,
        1.1442795026302337,
        1.13116770029068,
        1.2446316480636597
    ],
    "train_acc": [
        0.28,
        0.16,
        0.24,
        0.24,
        0.28,
        0.36,
        0.36,
        0.4,
        0.32,
        0.36,
        0.44
    ],
    "train_recall": [
        0.22916666666666666,
        0.1294642857142857,
        0.1919642857142857,
        0.20535714285714285,
        0.2232142857142857,
        0.3125,
        0.4151785714285714,
        0.4107142857142857,
        0.34375,
        0.40625,
        0.4166666666666667
    ],
    "train_f1": [
        0.16269841269841268,
        0.09855072463768116,
        0.15833333333333333,
        0.14945652173913043,
        0.1525974025974026,
        0.22126436781609193,
        0.36601307189542487,
        0.3371212121212121,
        0.31845238095238093,
        0.3068181818181818,
        0.3648148148148148
    ],
    "train_prec": [
        0.15833333333333333,
        0.08125,
        0.13541666666666669,
        0.125,
        0.1375,
        0.22023809523809523,
        0.3287878787878788,
        0.30625,
        0.328125,
        0.24702380952380953,
        0.41776315789473684
    ],
    "val_loss": [
        1.5839567865644182,
        1.6974506037575858,
        1.58956207547869,
        1.4892858948026384,
        1.678612470626831,
        1.3671847326414925,
        1.5333257402692522,
        1.6161761752196722,
        1.6306980039392198,
        1.8159800853048051,
        1.7286513532911028
    ],
    "val_acc": [
        0.0,
        0.14285714285714285,
        0.14285714285714285,
        0.14285714285714285,
        0.0,
        0.2857142857142857,
        0.2857142857142857,
        0.2857142857142857,
        0.2857142857142857,
        0.2857142857142857,
        0.2857142857142857
    ],
    "val_recall": [
        0.0,
        0.3333333333333333,
        0.3333333333333333,
        0.3333333333333333,
        0.0,
        0.125,
        0.125,
        0.125,
        0.125,
        0.125,
        0.125
    ],
    "val_f1": [
        0.0,
        0.08333333333333333,
        0.08333333333333333,
        0.08333333333333333,
        0.0,
        0.14285714285714285,
        0.16666666666666666,
        0.14285714285714285,
        0.14285714285714285,
        0.14285714285714285,
        0.14285714285714285
    ],
    "val_prec": [
        0.0,
        0.047619047619047616,
        0.047619047619047616,
        0.047619047619047616,
        0.0,
        0.16666666666666666,
        0.25,
        0.16666666666666666,
        0.16666666666666666,
        0.16666666666666666,
        0.16666666666666666
    ],
    "final_test": {
        "loss": 1.4393858686089516,
        "acc": 0.375,
        "recall": 0.375,
        "f1": 0.3214285714285714,
        "prec": 0.3
    }
}