{
    "train_loss": [
        1.5895977020263672,
        1.420886116027832,
        1.4235448789596559,
        1.4201714754104615,
        1.2903060364723205,
        1.2067244505882264,
        1.313261251449585,
        1.1313826060295105,
        1.0912913715839385,
        1.1764192700386047,
        1.1795281171798706,
        1.1846542501449584,
        1.0810490834712982,
        1.074320502281189
    ],
    "train_acc": [
        0.28,
        0.24,
        0.28,
        0.24,
        0.48,
        0.56,
        0.48,
        0.6,
        0.56,
        0.56,
        0.48,
        0.56,
        0.56,
        0.52
    ],
    "train_recall": [
        0.28125,
        0.20535714285714285,
        0.21875,
        0.23809523809523808,
        0.4181547619047619,
        0.4642857142857143,
        0.40625,
        0.53125,
        0.46875,
        0.4791666666666667,
        0.40625,
        0.474702380952381,
        0.46875,
        0.4375
    ],
    "train_f1": [
        0.2003968253968254,
        0.15079365079365079,
        0.11290322580645161,
        0.1709090909090909,
        0.38125,
        0.35416666666666663,
        0.30657894736842106,
        0.47682416267942584,
        0.3508771929824561,
        0.4056390977443609,
        0.3138888888888889,
        0.40476190476190477,
        0.35353535353535354,
        0.3373015873015873
    ],
    "train_prec": [
        0.1625,
        0.12142857142857143,
        0.07608695652173914,
        0.17763157894736842,
        0.3680555555555556,
        0.29166666666666663,
        0.24825174825174823,
        0.4520833333333334,
        0.28044871794871795,
        0.5208333333333334,
        0.2596153846153846,
        0.5209790209790209,
        0.28409090909090906,
        0.2744755244755245
    ],
    "val_loss": [
        1.584360156740461,
        1.701848336628505,
        1.648863639150347,
        1.5700488601412093,
        1.6537806221417017,
        1.9677752980164118,
        1.722731249673026,
        1.6809573258672441,
        1.565009159701211,
        1.6863209775515966,
        1.8273655346461706,
        1.7258632183074951,
        1.5988983341625758,
        1.8883451563971383
    ],
    "val_acc": [
        0.0,
        0.0,
        0.14285714285714285,
        0.14285714285714285,
        0.14285714285714285,
        0.14285714285714285,
        0.14285714285714285,
        0.14285714285714285,
        0.14285714285714285,
        0.14285714285714285,
        0.14285714285714285,
        0.14285714285714285,
        0.14285714285714285,
        0.14285714285714285
    ],
    "val_recall": [
        0.0,
        0.0,
        0.125,
        0.3333333333333333,
        0.3333333333333333,
        0.3333333333333333,
        0.3333333333333333,
        0.3333333333333333,
        0.3333333333333333,
        0.3333333333333333,
        0.3333333333333333,
        0.3333333333333333,
        0.3333333333333333,
        0.3333333333333333
    ],
    "val_f1": [
        0.0,
        0.0,
        0.07142857142857142,
        0.08333333333333333,
        0.08333333333333333,
        0.08333333333333333,
        0.08333333333333333,
        0.08333333333333333,
        0.08333333333333333,
        0.08333333333333333,
        0.08333333333333333,
        0.08333333333333333,
        0.08333333333333333,
        0.08333333333333333
    ],
    "val_prec": [
        0.0,
        0.0,
        0.05,
        0.047619047619047616,
        0.047619047619047616,
        0.047619047619047616,
        0.047619047619047616,
        0.047619047619047616,
        0.047619047619047616,
        0.047619047619047616,
        0.047619047619047616,
        0.047619047619047616,
        0.047619047619047616,
        0.047619047619047616
    ],
    "final_test": {
        "loss": 1.156146265566349,
        "acc": 0.5,
        "recall": 0.5,
        "f1": 0.375,
        "prec": 0.3333333333333333
    }
}