{
    "train_loss": [
        1.4284721472684074,
        1.1738186385117324,
        0.8809680135226717,
        0.4622192199469781,
        0.2110328019834032,
        0.17233201351893299,
        0.05564556858849292,
        0.032138843153256415,
        0.023691513639527793,
        0.016170735087464836,
        0.01297761939977314,
        0.008853449344671532,
        0.006614783929441781,
        0.0065698849594257045,
        0.0061026709222727835,
        0.004493492892852016,
        0.0037893789350146464,
        0.0030956110213974527,
        0.0027305014595827635,
        0.0026467023297514327
    ],
    "train_acc": [
        0.27450980392156865,
        0.5294117647058824,
        0.6470588235294118,
        0.9019607843137255,
        0.9607843137254902,
        0.9607843137254902,
        1.0,
        1.0,
        1.0,
        1.0,
        1.0,
        1.0,
        1.0,
        1.0,
        1.0,
        1.0,
        1.0,
        1.0,
        1.0,
        1.0
    ],
    "train_recall": [
        0.26082251082251084,
        0.5625,
        0.6317640692640691,
        0.9009740259740261,
        0.9594155844155845,
        0.9594155844155845,
        1.0,
        1.0,
        1.0,
        1.0,
        1.0,
        1.0,
        1.0,
        1.0,
        1.0,
        1.0,
        1.0,
        1.0,
        1.0,
        1.0
    ],
    "train_f1": [
        0.23074932314062746,
        0.5162878787878789,
        0.6168053914049337,
        0.9031746031746032,
        0.9594155844155845,
        0.9594155844155845,
        1.0,
        1.0,
        1.0,
        1.0,
        1.0,
        1.0,
        1.0,
        1.0,
        1.0,
        1.0,
        1.0,
        1.0,
        1.0,
        1.0
    ],
    "train_prec": [
        0.3008116883116883,
        0.6323275862068966,
        0.7678571428571428,
        0.9088942307692307,
        0.9594155844155845,
        0.9594155844155845,
        1.0,
        1.0,
        1.0,
        1.0,
        1.0,
        1.0,
        1.0,
        1.0,
        1.0,
        1.0,
        1.0,
        1.0,
        1.0,
        1.0
    ],
    "val_loss": [
        1.2904104865514314,
        1.3150896086142614,
        0.7556517290381285,
        0.7248796379336944,
        0.7390845042581742,
        1.015764968469739,
        0.6990681658857144,
        0.8248940293605511,
        0.7564099746254774,
        0.8601927233573335,
        0.5896077249199152,
        0.7786587204139394,
        0.71945691613767,
        0.6284133410260367,
        0.5446201297275436,
        0.5629509867777904,
        0.6305860569969249,
        0.7141065567893048,
        0.6622475824193456,
        0.5877074617041776
    ],
    "val_acc": [
        0.6153846153846154,
        0.46153846153846156,
        0.8461538461538461,
        0.6923076923076923,
        0.6153846153846154,
        0.5384615384615384,
        0.6153846153846154,
        0.6923076923076923,
        0.6153846153846154,
        0.6923076923076923,
        0.7692307692307693,
        0.6923076923076923,
        0.6923076923076923,
        0.7692307692307693,
        0.7692307692307693,
        0.7692307692307693,
        0.7692307692307693,
        0.7692307692307693,
        0.7692307692307693,
        0.7692307692307693
    ],
    "val_recall": [
        0.6375,
        0.5,
        0.75,
        0.6875,
        0.725,
        0.4375,
        0.6375,
        0.6875,
        0.6375,
        0.6875,
        0.75,
        0.6875,
        0.6875,
        0.75,
        0.75,
        0.75,
        0.75,
        0.75,
        0.75,
        0.75
    ],
    "val_f1": [
        0.6,
        0.3222222222222222,
        0.6722222222222223,
        0.6333333333333334,
        0.6706349206349207,
        0.37564102564102564,
        0.5936507936507935,
        0.6333333333333334,
        0.5936507936507935,
        0.6333333333333334,
        0.7166666666666667,
        0.6333333333333334,
        0.6333333333333334,
        0.7166666666666667,
        0.7166666666666667,
        0.7166666666666667,
        0.7166666666666667,
        0.7166666666666667,
        0.7166666666666667,
        0.7166666666666667
    ],
    "val_prec": [
        0.7678571428571428,
        0.2625,
        0.6166666666666667,
        0.7291666666666666,
        0.8214285714285714,
        0.46875,
        0.7166666666666667,
        0.7291666666666666,
        0.7166666666666667,
        0.7291666666666666,
        0.75,
        0.7291666666666666,
        0.7291666666666666,
        0.75,
        0.75,
        0.75,
        0.75,
        0.75,
        0.75,
        0.75
    ],
    "final_test": {
        "loss": 1.8082399104411404,
        "acc": 0.43333333333333335,
        "recall": 0.4419642857142857,
        "f1": 0.4214932126696832,
        "prec": 0.4749999999999999
    }
}