{
    "train_loss": [
        1.5109972643852234,
        1.4256420850753784,
        1.4432199883460999,
        1.4077368927001954,
        1.3428963804244995,
        1.2868894863128661
    ],
    "train_acc": [
        0.12,
        0.2,
        0.08,
        0.32,
        0.48,
        0.6
    ],
    "train_recall": [
        0.10714285714285714,
        0.20714285714285713,
        0.07142857142857142,
        0.2857142857142857,
        0.43452380952380953,
        0.5476190476190477
    ],
    "train_f1": [
        0.08513931888544891,
        0.14285714285714285,
        0.043478260869565216,
        0.19444444444444442,
        0.375,
        0.47091503267973855
    ],
    "train_prec": [
        0.07083333333333333,
        0.10912698412698413,
        0.03125,
        0.175,
        0.5168067226890757,
        0.4340909090909091
    ],
    "val_loss": [
        1.338581647191729,
        1.4616145065852575,
        1.4981601749147688,
        1.4893339702061243,
        1.4723703009741647,
        1.4400207485471452
    ],
    "val_acc": [
        0.14285714285714285,
        0.14285714285714285,
        0.14285714285714285,
        0.14285714285714285,
        0.2857142857142857,
        0.2857142857142857
    ],
    "val_recall": [
        0.08333333333333333,
        0.25,
        0.25,
        0.25,
        0.5,
        0.5
    ],
    "val_f1": [
        0.08333333333333333,
        0.0625,
        0.0625,
        0.1,
        0.225,
        0.225
    ],
    "val_prec": [
        0.08333333333333333,
        0.03571428571428571,
        0.03571428571428571,
        0.0625,
        0.14583333333333331,
        0.14583333333333331
    ],
    "final_test": {
        "loss": 1.3474684953689575,
        "acc": 0.25,
        "recall": 0.25,
        "f1": 0.16666666666666666,
        "prec": 0.125
    }
}