{
    "train_loss": [
        1.4755399963435005,
        1.3846315753226186,
        1.4065926682715322,
        1.334317684173584,
        1.2756684101095386,
        1.3631745179494221,
        1.2652048404310263,
        1.2077036301294963
    ],
    "train_acc": [
        0.17647058823529413,
        0.3137254901960784,
        0.29411764705882354,
        0.39215686274509803,
        0.3333333333333333,
        0.29411764705882354,
        0.43137254901960786,
        0.45098039215686275
    ],
    "train_recall": [
        0.17637362637362636,
        0.2898351648351648,
        0.2774725274725275,
        0.36813186813186816,
        0.3230769230769231,
        0.2804945054945055,
        0.4096153846153846,
        0.42747252747252745
    ],
    "train_f1": [
        0.1427180527383367,
        0.21176948051948052,
        0.22017045454545453,
        0.3378673835125448,
        0.2831585081585082,
        0.24242424242424243,
        0.32336335048599196,
        0.36540623627580154
    ],
    "train_prec": [
        0.12214912280701753,
        0.2919207317073171,
        0.278673835125448,
        0.31974153297682706,
        0.30568181818181817,
        0.4242424242424242,
        0.4988344988344988,
        0.5847222222222221
    ],
    "val_loss": [
        1.564602228311392,
        1.50509224488185,
        1.4664564682887151,
        1.55314079614786,
        1.5602102279663086,
        1.5869088906508226,
        1.6616073113221388,
        1.8370285676075861
    ],
    "val_acc": [
        0.15384615384615385,
        0.0,
        0.0,
        0.0,
        0.46153846153846156,
        0.07692307692307693,
        0.07692307692307693,
        0.0
    ],
    "val_recall": [
        0.25,
        0.0,
        0.0,
        0.0,
        0.33333333333333337,
        0.125,
        0.125,
        0.0
    ],
    "val_f1": [
        0.06666666666666667,
        0.0,
        0.0,
        0.0,
        0.32291666666666663,
        0.041666666666666664,
        0.041666666666666664,
        0.0
    ],
    "val_prec": [
        0.038461538461538464,
        0.0,
        0.0,
        0.0,
        0.375,
        0.025,
        0.025,
        0.0
    ],
    "final_test": {
        "loss": 1.3838231285413107,
        "acc": 0.13333333333333333,
        "recall": 0.14285714285714285,
        "f1": 0.09090909090909091,
        "prec": 0.06666666666666667
    }
}