{
    "train_loss": [
        1.3717863279230453,
        1.0578408451641308,
        0.7025097605644488,
        0.41523443104005325,
        0.18383203680608787,
        0.07959665635637209,
        0.049216161555081024,
        0.04374925604126617,
        0.2263680641155909,
        0.07410319742984046,
        0.0823085017995361,
        0.031018991863318517,
        0.011713636568838767,
        0.008008052846051607,
        0.00775690410998376,
        0.006909762077745707,
        0.00660129459163941,
        0.004977764365464157
    ],
    "train_acc": [
        0.29411764705882354,
        0.6862745098039216,
        0.8235294117647058,
        0.8627450980392157,
        1.0,
        1.0,
        1.0,
        1.0,
        0.9215686274509803,
        0.9803921568627451,
        0.9607843137254902,
        1.0,
        1.0,
        1.0,
        1.0,
        1.0,
        1.0,
        1.0
    ],
    "train_recall": [
        0.27499999999999997,
        0.6642857142857143,
        0.7958333333333333,
        0.8488095238095238,
        1.0,
        1.0,
        1.0,
        1.0,
        0.9166666666666666,
        0.9821428571428572,
        0.9571428571428571,
        1.0,
        1.0,
        1.0,
        1.0,
        1.0,
        1.0,
        1.0
    ],
    "train_f1": [
        0.2657364081996435,
        0.6730209129106188,
        0.7912845622119816,
        0.8504820170559881,
        1.0,
        1.0,
        1.0,
        1.0,
        0.9179975801572898,
        0.9788359788359788,
        0.9571428571428571,
        1.0,
        1.0,
        1.0,
        1.0,
        1.0,
        1.0,
        1.0
    ],
    "train_prec": [
        0.4860294117647059,
        0.7617647058823529,
        0.859107905982906,
        0.8608193277310925,
        1.0,
        1.0,
        1.0,
        1.0,
        0.9231150793650793,
        0.9772727272727273,
        0.9571428571428571,
        1.0,
        1.0,
        1.0,
        1.0,
        1.0,
        1.0,
        1.0
    ],
    "val_loss": [
        1.2698548069367042,
        1.165470159970797,
        0.6683435921485608,
        0.5054497409325379,
        0.48256203532218933,
        0.4293678437287991,
        0.3640365331218793,
        0.6748685987236408,
        0.6353603082780654,
        0.40564734445741546,
        0.319579483081515,
        0.412649495813709,
        0.17467531697967878,
        0.5150352955365983,
        0.4431056547909975,
        0.49794198816212326,
        0.3843582848874995,
        0.5451275111319354
    ],
    "val_acc": [
        0.15384615384615385,
        0.38461538461538464,
        0.9230769230769231,
        0.9230769230769231,
        0.8461538461538461,
        0.8461538461538461,
        0.8461538461538461,
        0.6923076923076923,
        0.7692307692307693,
        0.7692307692307693,
        0.9230769230769231,
        0.8461538461538461,
        0.9230769230769231,
        0.7692307692307693,
        0.8461538461538461,
        0.8461538461538461,
        0.8461538461538461,
        0.8461538461538461
    ],
    "val_recall": [
        0.25,
        0.4375,
        0.75,
        0.75,
        0.7083333333333334,
        0.7083333333333334,
        0.7083333333333334,
        0.625,
        0.5833333333333334,
        0.875,
        0.9583333333333334,
        0.7083333333333334,
        0.9583333333333334,
        0.5833333333333334,
        0.7083333333333334,
        0.7083333333333334,
        0.7083333333333334,
        0.7083333333333334
    ],
    "val_f1": [
        0.14285714285714285,
        0.38095238095238093,
        0.7307692307692308,
        0.7307692307692308,
        0.6494949494949496,
        0.6805555555555556,
        0.6805555555555556,
        0.5317460317460316,
        0.5757575757575757,
        0.8055555555555555,
        0.9494949494949495,
        0.6772727272727272,
        0.9494949494949495,
        0.5757575757575757,
        0.6772727272727272,
        0.6772727272727272,
        0.6772727272727272,
        0.6772727272727272
    ],
    "val_prec": [
        0.1,
        0.375,
        0.7142857142857143,
        0.7142857142857143,
        0.6166666666666667,
        0.6583333333333333,
        0.6583333333333333,
        0.55,
        0.6428571428571428,
        0.825,
        0.95,
        0.6666666666666666,
        0.95,
        0.6428571428571428,
        0.6666666666666666,
        0.6666666666666666,
        0.6666666666666666,
        0.6666666666666666
    ],
    "final_test": {
        "loss": 1.6674678295850753,
        "acc": 0.5666666666666667,
        "recall": 0.5803571428571428,
        "f1": 0.5503267973856208,
        "prec": 0.65
    }
}