{
    "train_loss": [
        1.468652617931366,
        1.1945710253715516,
        0.9238732099533081,
        0.5687384134531022,
        0.30079648971557615,
        0.1419680155813694,
        0.0924550485610962,
        0.04990199901163578,
        0.03441776264458895,
        0.028669489584863185,
        0.021513516679406167,
        0.02041848996654153,
        0.01764367623254657,
        0.01199542548507452,
        0.0110187398083508,
        0.01098262338899076,
        0.008831541985273361,
        0.00779142496176064,
        0.007250032173469662,
        0.006352741429582238,
        0.005865006800740957,
        0.0049963533086702224
    ],
    "train_acc": [
        0.16,
        0.52,
        0.84,
        0.92,
        1.0,
        1.0,
        1.0,
        1.0,
        1.0,
        1.0,
        1.0,
        1.0,
        1.0,
        1.0,
        1.0,
        1.0,
        1.0,
        1.0,
        1.0,
        1.0,
        1.0,
        1.0
    ],
    "train_recall": [
        0.1488095238095238,
        0.513095238095238,
        0.8452380952380952,
        0.9226190476190477,
        1.0,
        1.0,
        1.0,
        1.0,
        1.0,
        1.0,
        1.0,
        1.0,
        1.0,
        1.0,
        1.0,
        1.0,
        1.0,
        1.0,
        1.0,
        1.0,
        1.0,
        1.0
    ],
    "train_f1": [
        0.12394957983193278,
        0.538510101010101,
        0.8415584415584415,
        0.9248917748917749,
        1.0,
        1.0,
        1.0,
        1.0,
        1.0,
        1.0,
        1.0,
        1.0,
        1.0,
        1.0,
        1.0,
        1.0,
        1.0,
        1.0,
        1.0,
        1.0,
        1.0,
        1.0
    ],
    "train_prec": [
        0.10625,
        0.6666666666666666,
        0.8601190476190477,
        0.9330357142857143,
        1.0,
        1.0,
        1.0,
        1.0,
        1.0,
        1.0,
        1.0,
        1.0,
        1.0,
        1.0,
        1.0,
        1.0,
        1.0,
        1.0,
        1.0,
        1.0,
        1.0,
        1.0
    ],
    "val_loss": [
        1.3639026709965296,
        1.1855717386518205,
        1.0941699487822396,
        0.8104191507611956,
        0.5962240397930145,
        0.4863672809941428,
        0.4060760246855872,
        0.3547563339982714,
        0.43792795070580076,
        0.5743931925722531,
        0.4013762186680521,
        0.6059799236910683,
        0.329222460942609,
        0.2454752347299031,
        0.26935635187796186,
        0.24533363644565856,
        0.1636542800281729,
        0.20110068789550237,
        0.2727937198110989,
        0.2952587253281048,
        0.1991840505174228,
        0.2258853100772415
    ],
    "val_acc": [
        0.2857142857142857,
        0.8571428571428571,
        0.5714285714285714,
        0.7142857142857143,
        1.0,
        1.0,
        1.0,
        1.0,
        0.7142857142857143,
        0.7142857142857143,
        0.8571428571428571,
        0.7142857142857143,
        1.0,
        1.0,
        1.0,
        1.0,
        1.0,
        1.0,
        1.0,
        1.0,
        1.0,
        1.0
    ],
    "val_recall": [
        0.5,
        0.75,
        0.6666666666666666,
        0.625,
        1.0,
        1.0,
        1.0,
        1.0,
        0.8333333333333333,
        0.8333333333333333,
        0.9166666666666666,
        0.8333333333333333,
        1.0,
        1.0,
        1.0,
        1.0,
        1.0,
        1.0,
        1.0,
        1.0,
        1.0,
        1.0
    ],
    "val_f1": [
        0.225,
        0.7,
        0.55,
        0.5416666666666666,
        1.0,
        1.0,
        1.0,
        1.0,
        0.7916666666666666,
        0.7916666666666666,
        0.9,
        0.7916666666666666,
        1.0,
        1.0,
        1.0,
        1.0,
        1.0,
        1.0,
        1.0,
        1.0,
        1.0,
        1.0
    ],
    "val_prec": [
        0.14583333333333331,
        0.6666666666666666,
        0.5625,
        0.5,
        1.0,
        1.0,
        1.0,
        1.0,
        0.875,
        0.875,
        0.9166666666666666,
        0.875,
        1.0,
        1.0,
        1.0,
        1.0,
        1.0,
        1.0,
        1.0,
        1.0,
        1.0,
        1.0
    ],
    "final_test": {
        "loss": 0.21888768952339888,
        "acc": 0.875,
        "recall": 0.875,
        "f1": 0.8666666666666667,
        "prec": 0.9166666666666666
    }
}