{
    "train_loss": [
        1.4529972882831799,
        1.195369138437159,
        1.0510126664942385,
        0.7658459327238447,
        0.4969927447610626,
        0.2812332666533835,
        0.13294265488637427,
        0.07149289149389255,
        0.02967108092636016,
        0.02420922383373859,
        0.019895871557916205,
        0.016092823923328052,
        0.010583366176076964,
        0.009155842480158397,
        0.007679831186382502,
        0.00905821371969639,
        0.0060683851308353685,
        0.004970406387549113
    ],
    "train_acc": [
        0.23529411764705882,
        0.5294117647058824,
        0.5490196078431373,
        0.6862745098039216,
        0.9607843137254902,
        0.9803921568627451,
        1.0,
        1.0,
        1.0,
        1.0,
        1.0,
        1.0,
        1.0,
        1.0,
        1.0,
        1.0,
        1.0,
        1.0
    ],
    "train_recall": [
        0.21952214452214452,
        0.5127039627039627,
        0.5374417249417249,
        0.672027972027972,
        0.9580419580419581,
        0.9833333333333334,
        1.0,
        1.0,
        1.0,
        1.0,
        1.0,
        1.0,
        1.0,
        1.0,
        1.0,
        1.0,
        1.0,
        1.0
    ],
    "train_f1": [
        0.20842105263157895,
        0.5012265512265512,
        0.5224122807017544,
        0.6629848688672219,
        0.9607999527354367,
        0.9821200510855683,
        1.0,
        1.0,
        1.0,
        1.0,
        1.0,
        1.0,
        1.0,
        1.0,
        1.0,
        1.0,
        1.0,
        1.0
    ],
    "train_prec": [
        0.21722706641184902,
        0.5612794612794613,
        0.5588704773487382,
        0.6978715728715729,
        0.9651442307692308,
        0.9821428571428572,
        1.0,
        1.0,
        1.0,
        1.0,
        1.0,
        1.0,
        1.0,
        1.0,
        1.0,
        1.0,
        1.0,
        1.0
    ],
    "val_loss": [
        1.3886549472808838,
        1.0807920029530158,
        0.8604911313607142,
        0.7204935991993318,
        0.5302227245500455,
        0.5523570806074601,
        0.4468606892400063,
        0.22748274520899242,
        0.750246362366642,
        0.11170509575794522,
        0.601463093350713,
        0.6958110257266805,
        0.043259316589683294,
        0.7714784284337208,
        0.13509454497566017,
        0.594918865406026,
        0.6303213691482177,
        0.19206107425718352
    ],
    "val_acc": [
        0.23076923076923078,
        0.6923076923076923,
        0.9230769230769231,
        0.7692307692307693,
        0.8461538461538461,
        0.6923076923076923,
        0.8461538461538461,
        0.9230769230769231,
        0.6153846153846154,
        1.0,
        0.6923076923076923,
        0.7692307692307693,
        1.0,
        0.7692307692307693,
        0.9230769230769231,
        0.7692307692307693,
        0.7692307692307693,
        0.9230769230769231
    ],
    "val_recall": [
        0.375,
        0.5666666666666667,
        0.9166666666666666,
        0.65,
        0.7,
        0.7,
        0.9,
        0.95,
        0.6833333333333333,
        1.0,
        0.7,
        0.7833333333333333,
        1.0,
        0.7833333333333333,
        0.95,
        0.7833333333333333,
        0.7833333333333333,
        0.95
    ],
    "val_f1": [
        0.20833333333333331,
        0.5541666666666667,
        0.8666666666666667,
        0.625,
        0.6597222222222222,
        0.5555555555555556,
        0.8125,
        0.8888888888888888,
        0.5892857142857142,
        1.0,
        0.5555555555555556,
        0.6972222222222222,
        1.0,
        0.6972222222222222,
        0.8888888888888888,
        0.6972222222222222,
        0.6972222222222222,
        0.8888888888888888
    ],
    "val_prec": [
        0.2727272727272727,
        0.625,
        0.875,
        0.65,
        0.65,
        0.55,
        0.8333333333333333,
        0.875,
        0.7916666666666667,
        1.0,
        0.55,
        0.8125,
        1.0,
        0.8125,
        0.875,
        0.8125,
        0.8125,
        0.875
    ],
    "final_test": {
        "loss": 2.1608875135270256,
        "acc": 0.4666666666666667,
        "recall": 0.46875,
        "f1": 0.4144736842105263,
        "prec": 0.39242424242424245
    }
}