{
    "train_loss": [
        1.49477210521698,
        1.4411475706100463,
        1.4151507568359376,
        1.3594924783706666,
        1.3347845697402954,
        1.2267873656749726,
        1.3050953650474548,
        1.312857251763344,
        1.2677417755126954
    ],
    "train_acc": [
        0.2,
        0.28,
        0.24,
        0.36,
        0.4,
        0.48,
        0.4,
        0.44,
        0.36
    ],
    "train_recall": [
        0.20833333333333334,
        0.23958333333333331,
        0.1875,
        0.3020833333333333,
        0.34375,
        0.4375,
        0.34375,
        0.39583333333333337,
        0.33333333333333337
    ],
    "train_f1": [
        0.10416666666666667,
        0.17083333333333334,
        0.0967741935483871,
        0.24166666666666667,
        0.29166666666666663,
        0.3342857142857143,
        0.29166666666666663,
        0.29166666666666663,
        0.242296918767507
    ],
    "train_prec": [
        0.06944444444444445,
        0.13368055555555555,
        0.06521739130434782,
        0.32954545454545453,
        0.3375,
        0.2757352941176471,
        0.3375,
        0.2326388888888889,
        0.19055944055944057
    ],
    "val_loss": [
        1.5236480576651437,
        1.5157088211604528,
        1.5024306603840418,
        1.4855565002986364,
        1.6204149212156023,
        1.9043433836528234,
        1.8950516155787878,
        2.027235269546509,
        1.963039449283055
    ],
    "val_acc": [
        0.2857142857142857,
        0.0,
        0.0,
        0.14285714285714285,
        0.0,
        0.0,
        0.14285714285714285,
        0.0,
        0.0
    ],
    "val_recall": [
        0.3333333333333333,
        0.0,
        0.0,
        0.125,
        0.0,
        0.0,
        0.125,
        0.0,
        0.0
    ],
    "val_f1": [
        0.14814814814814814,
        0.0,
        0.0,
        0.1,
        0.0,
        0.0,
        0.1,
        0.0,
        0.0
    ],
    "val_prec": [
        0.09523809523809523,
        0.0,
        0.0,
        0.08333333333333333,
        0.0,
        0.0,
        0.08333333333333333,
        0.0,
        0.0
    ],
    "final_test": {
        "loss": 1.4449489116668701,
        "acc": 0.0,
        "recall": 0.0,
        "f1": 0.0,
        "prec": 0.0
    }
}