{
    "train_loss": [
        1.470100769996643,
        1.1741899013519288,
        0.8242077159881592,
        0.5456909400224685,
        0.29199355840682983,
        0.263589044213295,
        0.12769224733114243,
        0.1143825776875019,
        0.07993248268961907,
        0.0342975751683116,
        0.02834074404090643,
        0.023251577690243722,
        0.020963670276105403,
        0.01523417629301548,
        0.01579888758249581,
        0.01569249615073204,
        0.01131557765416801,
        0.01067209055647254,
        0.010077846394851804,
        0.008049177788197994,
        0.008849878627806902,
        0.006175332069396973,
        0.006556812124326825,
        0.0048141956143081185,
        0.005746676553972065,
        0.004748455816879869,
        0.004380433629266918,
        0.004160422226414084,
        0.004217906249687075,
        0.0029785259580239654,
        0.0034460726706311107,
        0.003043129334691912,
        0.002862618661019951,
        0.0031277240300551057,
        0.0024941172427497805,
        0.002699917706195265,
        0.0025168031291104855,
        0.0021263662865385414,
        0.002075532467570156,
        0.002943048558663577,
        0.0018272051541134715,
        0.001899110060185194,
        0.00198483977583237,
        0.0016712687630206346,
        0.001500740977935493,
        0.0017602530366275459,
        0.0014339465997181833,
        0.0012297609238885344,
        0.001341399592347443,
        0.0011862591526005416
    ],
    "train_acc": [
        0.24,
        0.64,
        0.96,
        0.92,
        1.0,
        0.96,
        1.0,
        0.96,
        1.0,
        1.0,
        1.0,
        1.0,
        1.0,
        1.0,
        1.0,
        1.0,
        1.0,
        1.0,
        1.0,
        1.0,
        1.0,
        1.0,
        1.0,
        1.0,
        1.0,
        1.0,
        1.0,
        1.0,
        1.0,
        1.0,
        1.0,
        1.0,
        1.0,
        1.0,
        1.0,
        1.0,
        1.0,
        1.0,
        1.0,
        1.0,
        1.0,
        1.0,
        1.0,
        1.0,
        1.0,
        1.0,
        1.0,
        1.0,
        1.0,
        1.0
    ],
    "train_recall": [
        0.20833333333333331,
        0.6208333333333333,
        0.9583333333333334,
        0.91875,
        1.0,
        0.96875,
        1.0,
        0.9583333333333334,
        1.0,
        1.0,
        1.0,
        1.0,
        1.0,
        1.0,
        1.0,
        1.0,
        1.0,
        1.0,
        1.0,
        1.0,
        1.0,
        1.0,
        1.0,
        1.0,
        1.0,
        1.0,
        1.0,
        1.0,
        1.0,
        1.0,
        1.0,
        1.0,
        1.0,
        1.0,
        1.0,
        1.0,
        1.0,
        1.0,
        1.0,
        1.0,
        1.0,
        1.0,
        1.0,
        1.0,
        1.0,
        1.0,
        1.0,
        1.0,
        1.0,
        1.0
    ],
    "train_f1": [
        0.16025641025641024,
        0.6261904761904762,
        0.9625668449197862,
        0.9198412698412699,
        1.0,
        0.9641025641025642,
        1.0,
        0.9625668449197862,
        1.0,
        1.0,
        1.0,
        1.0,
        1.0,
        1.0,
        1.0,
        1.0,
        1.0,
        1.0,
        1.0,
        1.0,
        1.0,
        1.0,
        1.0,
        1.0,
        1.0,
        1.0,
        1.0,
        1.0,
        1.0,
        1.0,
        1.0,
        1.0,
        1.0,
        1.0,
        1.0,
        1.0,
        1.0,
        1.0,
        1.0,
        1.0,
        1.0,
        1.0,
        1.0,
        1.0,
        1.0,
        1.0,
        1.0,
        1.0,
        1.0,
        1.0
    ],
    "train_prec": [
        0.1388888888888889,
        0.7263888888888889,
        0.9722222222222222,
        0.9375,
        1.0,
        0.9642857142857143,
        1.0,
        0.9722222222222222,
        1.0,
        1.0,
        1.0,
        1.0,
        1.0,
        1.0,
        1.0,
        1.0,
        1.0,
        1.0,
        1.0,
        1.0,
        1.0,
        1.0,
        1.0,
        1.0,
        1.0,
        1.0,
        1.0,
        1.0,
        1.0,
        1.0,
        1.0,
        1.0,
        1.0,
        1.0,
        1.0,
        1.0,
        1.0,
        1.0,
        1.0,
        1.0,
        1.0,
        1.0,
        1.0,
        1.0,
        1.0,
        1.0,
        1.0,
        1.0,
        1.0,
        1.0
    ],
    "val_loss": [
        1.368189913885934,
        1.3324777909687586,
        0.9276118704250881,
        0.6068012288638523,
        0.558717497757503,
        0.5145855333123889,
        0.23356298250811441,
        0.4307047256401607,
        0.18121979385614395,
        0.17035975360444613,
        0.19614417318786895,
        0.17902539457593644,
        0.09988612548581191,
        0.08929526513176304,
        0.09974444657564163,
        0.13904727729303495,
        0.1391668939696891,
        0.0896540635398456,
        0.06812886587743248,
        0.05042696185410023,
        0.08112940511533193,
        0.07729857108954873,
        0.07162982664470162,
        0.06253344060054847,
        0.04989183860431824,
        0.06718745987330164,
        0.04443664423057011,
        0.038743433742118735,
        0.0394276457705668,
        0.03728046780452132,
        0.036200671922415495,
        0.03454372226925833,
        0.0341066740054105,
        0.027544688499931778,
        0.02538350597023964,
        0.0273058343944805,
        0.02592218796988683,
        0.02452627107101892,
        0.023339108430913517,
        0.017192654477964555,
        0.02569102479277977,
        0.024077167634719183,
        0.017578782946137444,
        0.014347528440079518,
        0.01854022445955447,
        0.021642345303137387,
        0.01614253768431289,
        0.015001700525837285,
        0.01216380504359092,
        0.012015163116822285
    ],
    "val_acc": [
        0.14285714285714285,
        0.2857142857142857,
        0.7142857142857143,
        1.0,
        1.0,
        1.0,
        1.0,
        1.0,
        1.0,
        1.0,
        1.0,
        1.0,
        1.0,
        1.0,
        1.0,
        1.0,
        1.0,
        1.0,
        1.0,
        1.0,
        1.0,
        1.0,
        1.0,
        1.0,
        1.0,
        1.0,
        1.0,
        1.0,
        1.0,
        1.0,
        1.0,
        1.0,
        1.0,
        1.0,
        1.0,
        1.0,
        1.0,
        1.0,
        1.0,
        1.0,
        1.0,
        1.0,
        1.0,
        1.0,
        1.0,
        1.0,
        1.0,
        1.0,
        1.0,
        1.0
    ],
    "val_recall": [
        0.08333333333333333,
        0.25,
        0.7777777777777777,
        1.0,
        1.0,
        1.0,
        1.0,
        1.0,
        1.0,
        1.0,
        1.0,
        1.0,
        1.0,
        1.0,
        1.0,
        1.0,
        1.0,
        1.0,
        1.0,
        1.0,
        1.0,
        1.0,
        1.0,
        1.0,
        1.0,
        1.0,
        1.0,
        1.0,
        1.0,
        1.0,
        1.0,
        1.0,
        1.0,
        1.0,
        1.0,
        1.0,
        1.0,
        1.0,
        1.0,
        1.0,
        1.0,
        1.0,
        1.0,
        1.0,
        1.0,
        1.0,
        1.0,
        1.0,
        1.0,
        1.0
    ],