{
    "train_loss": [
        1.4698423334196502,
        1.4059339551364674,
        1.4139754456632279,
        1.3787652324227726,
        1.3659315342996634,
        1.3070355361583186,
        1.272049178679784
    ],
    "train_acc": [
        0.11764705882352941,
        0.21568627450980393,
        0.29411764705882354,
        0.35294117647058826,
        0.35294117647058826,
        0.3333333333333333,
        0.37254901960784315
    ],
    "train_recall": [
        0.11506410256410257,
        0.2098776223776224,
        0.25,
        0.33237179487179486,
        0.3185897435897436,
        0.32564102564102565,
        0.3490384615384615
    ],
    "train_f1": [
        0.09786036036036036,
        0.20728637728637728,
        0.11538461538461539,
        0.2559311702925732,
        0.2661782661782662,
        0.2797802197802198,
        0.2748640248640249
    ],
    "train_prec": [
        0.08712121212121213,
        0.2287878787878788,
        0.075,
        0.24791666666666667,
        0.2894144144144144,
        0.26006493506493505,
        0.24465811965811965
    ],
    "val_loss": [
        1.4994298403079693,
        1.426781755227309,
        1.4953389717982366,
        1.4736376450611994,
        1.4671144760571992,
        1.6807295450797448,
        1.8741796704439015
    ],
    "val_acc": [
        0.07692307692307693,
        0.07692307692307693,
        0.07692307692307693,
        0.23076923076923078,
        0.23076923076923078,
        0.23076923076923078,
        0.23076923076923078
    ],
    "val_recall": [
        0.25,
        0.25,
        0.25,
        0.25,
        0.25,
        0.25,
        0.25
    ],
    "val_f1": [
        0.03571428571428571,
        0.03571428571428571,
        0.05,
        0.13636363636363635,
        0.125,
        0.125,
        0.125
    ],
    "val_prec": [
        0.019230769230769232,
        0.019230769230769232,
        0.027777777777777776,
        0.09375,
        0.08333333333333333,
        0.08333333333333333,
        0.08333333333333333
    ],
    "final_test": {
        "loss": 1.379724415143331,
        "acc": 0.3333333333333333,
        "recall": 0.34375,
        "f1": 0.24867724867724866,
        "prec": 0.25416666666666665
    }
}