{
    "train_loss": [
        1.377603588104248,
        1.157186758518219,
        0.8591423034667969,
        0.4766716575622559,
        0.25152348548173903,
        0.16021712213754655,
        0.09850464530289173,
        0.06144449684768915,
        0.04357690662145615,
        0.032272595185786485,
        0.02385987214744091,
        0.018223794531077146,
        0.016424620058387518,
        0.01150976337492466,
        0.00962689428590238,
        0.010722944932058453,
        0.007462624260224402,
        0.00788835808634758,
        0.006171881253831089,
        0.00635996975004673
    ],
    "train_acc": [
        0.4,
        0.56,
        0.84,
        0.96,
        1.0,
        1.0,
        1.0,
        1.0,
        1.0,
        1.0,
        1.0,
        1.0,
        1.0,
        1.0,
        1.0,
        1.0,
        1.0,
        1.0,
        1.0,
        1.0
    ],
    "train_recall": [
        0.3357142857142857,
        0.46875,
        0.8142857142857143,
        0.95,
        1.0,
        1.0,
        1.0,
        1.0,
        1.0,
        1.0,
        1.0,
        1.0,
        1.0,
        1.0,
        1.0,
        1.0,
        1.0,
        1.0,
        1.0,
        1.0
    ],
    "train_f1": [
        0.2679301374953549,
        0.3592105263157894,
        0.8301844354475933,
        0.9575163398692811,
        1.0,
        1.0,
        1.0,
        1.0,
        1.0,
        1.0,
        1.0,
        1.0,
        1.0,
        1.0,
        1.0,
        1.0,
        1.0,
        1.0,
        1.0,
        1.0
    ],
    "train_prec": [
        0.2895833333333333,
        0.2937062937062937,
        0.8693181818181819,
        0.9722222222222222,
        1.0,
        1.0,
        1.0,
        1.0,
        1.0,
        1.0,
        1.0,
        1.0,
        1.0,
        1.0,
        1.0,
        1.0,
        1.0,
        1.0,
        1.0,
        1.0
    ],
    "val_loss": [
        1.5017462628228324,
        1.6249130283083235,
        1.2191530125481742,
        1.045081956045968,
        1.0882234232766288,
        0.7110640321459089,
        1.1453593288149153,
        0.5476921434913363,
        0.5076859646609851,
        0.5576157197356224,
        0.42054955661296844,
        0.5022155780877385,
        0.5398985275200435,
        0.5796702429652214,
        0.40739455659474644,
        0.4549288097769022,
        0.5334243167723928,
        0.614427055365273,
        0.48121361806988716,
        0.4749108739197254
    ],
    "val_acc": [
        0.0,
        0.0,
        0.42857142857142855,
        0.5714285714285714,
        0.5714285714285714,
        0.8571428571428571,
        0.5714285714285714,
        0.8571428571428571,
        0.8571428571428571,
        0.8571428571428571,
        0.8571428571428571,
        0.8571428571428571,
        0.8571428571428571,
        0.8571428571428571,
        0.8571428571428571,
        0.8571428571428571,
        0.8571428571428571,
        0.8571428571428571,
        0.8571428571428571,
        0.8571428571428571
    ],
    "val_recall": [
        0.0,
        0.0,
        0.25,
        0.6666666666666666,
        0.6666666666666666,
        0.8888888888888888,
        0.6666666666666666,
        0.8888888888888888,
        0.8888888888888888,
        0.8888888888888888,
        0.8888888888888888,
        0.8888888888888888,
        0.8888888888888888,
        0.8888888888888888,
        0.8888888888888888,
        0.8888888888888888,
        0.8888888888888888,
        0.8888888888888888,
        0.8888888888888888,
        0.8888888888888888
    ],
    "val_f1": [
        0.0,
        0.0,
        0.29166666666666663,
        0.5555555555555555,
        0.5555555555555555,
        0.8857142857142858,
        0.5555555555555555,
        0.8857142857142858,
        0.8857142857142858,
        0.8857142857142858,
        0.8857142857142858,
        0.8857142857142858,
        0.8857142857142858,
        0.8857142857142858,
        0.8857142857142858,
        0.8857142857142858,
        0.8857142857142858,
        0.8857142857142858,
        0.8857142857142858,
        0.8857142857142858
    ],
    "val_prec": [
        0.0,
        0.0,
        0.41666666666666663,
        0.5,
        0.5,
        0.9166666666666666,
        0.5,
        0.9166666666666666,
        0.9166666666666666,
        0.9166666666666666,
        0.9166666666666666,
        0.9166666666666666,
        0.9166666666666666,
        0.9166666666666666,
        0.9166666666666666,
        0.9166666666666666,
        0.9166666666666666,
        0.9166666666666666,
        0.9166666666666666,
        0.9166666666666666
    ],
    "final_test": {
        "loss": 0.5063434769399464,
        "acc": 0.75,
        "recall": 0.75,
        "f1": 0.6666666666666666,
        "prec": 0.625
    }
}