{
    "train_loss": [
        1.4412436041177488,
        1.307959022475224,
        0.9291017955424739,
        0.5758496562347692,
        0.41416748306330514,
        0.14441715042088546,
        0.11759381781460024,
        0.3220831277944586,
        0.179716492090009,
        0.050842582595114615,
        0.04209031697873976,
        0.019854734793268873,
        0.014638554811587228,
        0.011602182164970859,
        0.010174981220260117,
        0.011732934138682835,
        0.008027153279102755,
        0.007485849593364287,
        0.008956187792743245,
        0.00667532113170726
    ],
    "train_acc": [
        0.2549019607843137,
        0.4117647058823529,
        0.7254901960784313,
        0.8235294117647058,
        0.9215686274509803,
        1.0,
        0.9803921568627451,
        0.8627450980392157,
        0.9607843137254902,
        1.0,
        1.0,
        1.0,
        1.0,
        1.0,
        1.0,
        1.0,
        1.0,
        1.0,
        1.0,
        1.0
    ],
    "train_recall": [
        0.25,
        0.4267399267399268,
        0.7403846153846154,
        0.8280677655677655,
        0.9228479853479854,
        1.0,
        0.9791666666666666,
        0.8573717948717948,
        0.9615384615384616,
        1.0,
        1.0,
        1.0,
        1.0,
        1.0,
        1.0,
        1.0,
        1.0,
        1.0,
        1.0,
        1.0
    ],
    "train_f1": [
        0.21448412698412697,
        0.40780242141403666,
        0.7108016652196175,
        0.8167566915842778,
        0.9228479853479854,
        1.0,
        0.9798711755233493,
        0.8587564983741895,
        0.9599358974358974,
        1.0,
        1.0,
        1.0,
        1.0,
        1.0,
        1.0,
        1.0,
        1.0,
        1.0,
        1.0,
        1.0
    ],
    "train_prec": [
        0.20064102564102565,
        0.444047619047619,
        0.7398391812865497,
        0.8202686202686202,
        0.9285714285714286,
        1.0,
        0.9821428571428572,
        0.8666666666666667,
        0.9642857142857143,
        1.0,
        1.0,
        1.0,
        1.0,
        1.0,
        1.0,
        1.0,
        1.0,
        1.0,
        1.0,
        1.0
    ],
    "val_loss": [
        1.2913503921948946,
        1.0859362207926238,
        0.7683268487453461,
        0.7178863670963508,
        0.9100217068424592,
        0.7110932142688677,
        0.4870013611821028,
        0.6051236504259018,
        1.2272607555183082,
        1.060646093522127,
        1.2813486801460385,
        0.2704502665795959,
        0.463427879417745,
        0.2757871113001154,
        0.06383100983041984,
        0.596238339606386,
        1.4868183407144477,
        1.909563999193219,
        1.2816093244518225,
        1.0084247014377838
    ],
    "val_acc": [
        0.7692307692307693,
        0.7692307692307693,
        0.6923076923076923,
        0.6153846153846154,
        0.6923076923076923,
        0.7692307692307693,
        0.7692307692307693,
        0.7692307692307693,
        0.5384615384615384,
        0.5384615384615384,
        0.5384615384615384,
        0.8461538461538461,
        0.8461538461538461,
        0.8461538461538461,
        1.0,
        0.8461538461538461,
        0.5384615384615384,
        0.5384615384615384,
        0.6153846153846154,
        0.7692307692307693
    ],
    "val_recall": [
        0.6875,
        0.6666666666666666,
        0.6041666666666666,
        0.5208333333333333,
        0.6041666666666666,
        0.6875,
        0.7916666666666666,
        0.75,
        0.47916666666666663,
        0.5,
        0.5,
        0.75,
        0.75,
        0.75,
        1.0,
        0.75,
        0.5,
        0.5,
        0.5625,
        0.6875
    ],
    "val_f1": [
        0.6309523809523809,
        0.6318181818181818,
        0.580952380952381,
        0.4857142857142857,
        0.5627705627705628,
        0.6285714285714286,
        0.7555555555555555,
        0.6818181818181819,
        0.40681818181818186,
        0.375,
        0.375,
        0.7,
        0.7,
        0.7,
        1.0,
        0.7,
        0.375,
        0.375,
        0.48636363636363633,
        0.6309523809523809
    ],
    "val_prec": [
        0.625,
        0.6428571428571428,
        0.5833333333333333,
        0.47916666666666663,
        0.5595238095238095,
        0.6041666666666666,
        0.825,
        0.6428571428571428,
        0.4928571428571429,
        0.3333333333333333,
        0.3333333333333333,
        0.6666666666666666,
        0.6666666666666666,
        0.6666666666666666,
        1.0,
        0.6666666666666666,
        0.3333333333333333,
        0.3333333333333333,
        0.59375,
        0.625
    ],
    "final_test": {
        "loss": 1.6825197353959083,
        "acc": 0.43333333333333335,
        "recall": 0.42410714285714285,
        "f1": 0.373015873015873,
        "prec": 0.33901098901098903
    }
}