{
    "train_loss": [
        1.5911980366706848,
        1.408495545387268,
        1.3458247089385986,
        1.3457012724876405,
        1.256691930294037,
        1.1543699812889099,
        1.1386488747596741,
        1.305736243724823,
        1.1969882822036744,
        1.1205302608013152,
        0.9836528331041337,
        0.9715036991238594,
        1.1307546988129615,
        0.8616863453388214,
        0.9106441736221313,
        0.857557238638401,
        0.7740195824205875,
        0.7943730118870735,
        0.7777919760346412,
        0.7467310105264187
    ],
    "train_acc": [
        0.24,
        0.28,
        0.36,
        0.44,
        0.44,
        0.52,
        0.48,
        0.24,
        0.36,
        0.6,
        0.56,
        0.36,
        0.48,
        0.52,
        0.48,
        0.56,
        0.68,
        0.52,
        0.6,
        0.76
    ],
    "train_recall": [
        0.27142857142857146,
        0.2619047619047619,
        0.3214285714285714,
        0.39880952380952384,
        0.3988095238095238,
        0.530952380952381,
        0.4833333333333333,
        0.23452380952380952,
        0.3476190476190476,
        0.5928571428571429,
        0.5547619047619048,
        0.3416666666666667,
        0.44047619047619047,
        0.5392857142857143,
        0.4809523809523809,
        0.5726190476190476,
        0.6714285714285715,
        0.5083333333333333,
        0.6047619047619047,
        0.7511904761904762
    ],
    "train_f1": [
        0.16233766233766234,
        0.18571428571428572,
        0.22552447552447552,
        0.3374218374218374,
        0.33758169934640525,
        0.4598039215686275,
        0.4851540616246498,
        0.25376984126984126,
        0.30952380952380953,
        0.5021367521367521,
        0.5252525252525253,
        0.36489898989898994,
        0.3822624743677375,
        0.47884615384615387,
        0.48056110556110554,
        0.5362637362637364,
        0.6654761904761906,
        0.5007665945165944,
        0.5777914895561954,
        0.7461538461538462
    ],
    "train_prec": [
        0.13025210084033612,
        0.14484126984126983,
        0.21710526315789475,
        0.525,
        0.3034090909090909,
        0.4111111111111111,
        0.5416666666666666,
        0.32670454545454547,
        0.32386363636363635,
        0.4507575757575757,
        0.6174242424242424,
        0.40795454545454546,
        0.3529761904761905,
        0.4375,
        0.5,
        0.5416666666666667,
        0.6803571428571429,
        0.5446428571428571,
        0.6291666666666667,
        0.7452380952380951
    ],
    "val_loss": [
        1.4267438309533256,
        1.4194438627788,
        1.3559568779809135,
        1.2364575607436044,
        1.1272108895438058,
        1.0078290488038744,
        1.0442137633051192,
        1.1461056556020464,
        1.160927802324295,
        1.514546011175428,
        0.9531150566680091,
        0.9343913176230022,
        0.9461924987179893,
        0.9200771131685802,
        0.9084481682096209,
        1.1214791099940027,
        1.1166538266198975,
        1.2308866163449628,
        1.2276551334985666,
        1.0173339737313134
    ],
    "val_acc": [
        0.14285714285714285,
        0.2857142857142857,
        0.2857142857142857,
        0.2857142857142857,
        0.2857142857142857,
        0.7142857142857143,
        0.5714285714285714,
        0.42857142857142855,
        0.5714285714285714,
        0.42857142857142855,
        0.7142857142857143,
        0.7142857142857143,
        0.8571428571428571,
        0.7142857142857143,
        0.8571428571428571,
        0.5714285714285714,
        0.7142857142857143,
        0.5714285714285714,
        0.7142857142857143,
        0.7142857142857143
    ],
    "val_recall": [
        0.25,
        0.5,
        0.5,
        0.5,
        0.375,
        0.625,
        0.5,
        0.625,
        0.5,
        0.25,
        0.625,
        0.625,
        0.875,
        0.625,
        0.875,
        0.5,
        0.75,
        0.5,
        0.75,
        0.625
    ],
    "val_f1": [
        0.125,
        0.25,
        0.25,
        0.3214285714285714,
        0.41666666666666663,
        0.6041666666666666,
        0.4375,
        0.49999999999999994,
        0.3392857142857143,
        0.16666666666666666,
        0.6041666666666666,
        0.6041666666666666,
        0.8809523809523809,
        0.6041666666666666,
        0.8809523809523809,
        0.41666666666666663,
        0.6309523809523809,
        0.38095238095238093,
        0.6309523809523809,
        0.6041666666666666
    ],
    "val_prec": [
        0.08333333333333333,
        0.175,
        0.175,
        0.2916666666666667,
        0.5,
        0.65,
        0.4,
        0.55,
        0.2708333333333333,
        0.125,
        0.65,
        0.65,
        0.9375,
        0.65,
        0.9375,
        0.375,
        0.5625,
        0.3125,
        0.5625,
        0.65
    ],
    "final_test": {
        "loss": 2.855958476662636,
        "acc": 0.25,
        "recall": 0.25,
        "f1": 0.16666666666666666,
        "prec": 0.125
    }
}