{
    "train_loss": [
        1.5169267749786377,
        1.3814570808410644,
        1.4061409902572632,
        1.307066388130188,
        1.2205707466602325,
        1.0771738350391389
    ],
    "train_acc": [
        0.04,
        0.28,
        0.28,
        0.48,
        0.36,
        0.44
    ],
    "train_recall": [
        0.03571428571428571,
        0.2232142857142857,
        0.21875,
        0.4017857142857143,
        0.2901785714285714,
        0.37202380952380953
    ],
    "train_f1": [
        0.022727272727272728,
        0.14890282131661442,
        0.109375,
        0.32,
        0.21464646464646464,
        0.3436085972850679
    ],
    "train_prec": [
        0.016666666666666666,
        0.13392857142857142,
        0.07291666666666667,
        0.2976190476190476,
        0.17045454545454547,
        0.3232142857142857
    ],
    "val_loss": [
        1.5801130022321428,
        1.7381282023021154,
        1.6615281445639474,
        1.7281698158809118,
        1.8754968813487463,
        1.940509523664202
    ],
    "val_acc": [
        0.14285714285714285,
        0.0,
        0.14285714285714285,
        0.0,
        0.14285714285714285,
        0.14285714285714285
    ],
    "val_recall": [
        0.25,
        0.0,
        0.25,
        0.0,
        0.25,
        0.25
    ],
    "val_f1": [
        0.125,
        0.0,
        0.125,
        0.0,
        0.1,
        0.1
    ],
    "val_prec": [
        0.08333333333333333,
        0.0,
        0.08333333333333333,
        0.0,
        0.0625,
        0.0625
    ],
    "final_test": {
        "loss": 1.406141236424446,
        "acc": 0.25,
        "recall": 0.25,
        "f1": 0.125,
        "prec": 0.08333333333333333
    }
}