{
    "train_loss": [
        1.4495388666788738,
        1.2580156524976094,
        0.9499851491521386,
        0.5957786319594757,
        0.27002770895613176,
        0.07664935875172708,
        0.047283703461289406,
        0.027449251307795446,
        0.018932286800597522,
        0.015327220476762044,
        0.014315037248546587,
        0.009704832012728587,
        0.008392883464694023,
        0.007951988909375287
    ],
    "train_acc": [
        0.21568627450980393,
        0.39215686274509803,
        0.6078431372549019,
        0.7647058823529411,
        0.9411764705882353,
        1.0,
        1.0,
        1.0,
        1.0,
        1.0,
        1.0,
        1.0,
        1.0,
        1.0
    ],
    "train_recall": [
        0.2015873015873016,
        0.34798534798534797,
        0.5535103785103785,
        0.7205128205128205,
        0.9337606837606838,
        1.0,
        1.0,
        1.0,
        1.0,
        1.0,
        1.0,
        1.0,
        1.0,
        1.0
    ],
    "train_f1": [
        0.17418546365914786,
        0.2951538338912801,
        0.5235426929392446,
        0.7170754366406541,
        0.940215094658553,
        1.0,
        1.0,
        1.0,
        1.0,
        1.0,
        1.0,
        1.0,
        1.0,
        1.0
    ],
    "train_prec": [
        0.16025641025641027,
        0.29615384615384616,
        0.555,
        0.7729166666666667,
        0.9539215686274509,
        1.0,
        1.0,
        1.0,
        1.0,
        1.0,
        1.0,
        1.0,
        1.0,
        1.0
    ],
    "val_loss": [
        1.5896399021148682,
        1.4801770998881414,
        1.3447501625006015,
        0.7397565893255748,
        0.5245402678847313,
        0.4998140646001467,
        0.5503887766255782,
        0.7038069705550487,
        0.38852036815996355,
        0.6729777975079532,
        0.9111093588603231,
        0.6572854526949903,
        0.43239906661284083,
        0.5861176044608538
    ],
    "val_acc": [
        0.07692307692307693,
        0.3076923076923077,
        0.23076923076923078,
        0.7692307692307693,
        0.8461538461538461,
        0.7692307692307693,
        0.8461538461538461,
        0.6923076923076923,
        0.8461538461538461,
        0.6923076923076923,
        0.6153846153846154,
        0.8461538461538461,
        0.8461538461538461,
        0.8461538461538461
    ],
    "val_recall": [
        0.25,
        0.5833333333333333,
        0.5,
        0.7976190476190476,
        0.8809523809523809,
        0.8452380952380952,
        0.8809523809523809,
        0.8095238095238095,
        0.8809523809523809,
        0.8095238095238095,
        0.7738095238095237,
        0.8809523809523809,
        0.8809523809523809,
        0.8809523809523809
    ],
    "val_f1": [
        0.03571428571428571,
        0.3839285714285714,
        0.2625,
        0.6974358974358974,
        0.8474358974358975,
        0.8011904761904762,
        0.8474358974358975,
        0.7568181818181818,
        0.8474358974358975,
        0.7568181818181818,
        0.7111111111111111,
        0.8474358974358975,
        0.8474358974358975,
        0.8474358974358975
    ],
    "val_prec": [
        0.019230769230769232,
        0.3482142857142857,
        0.20238095238095238,
        0.6666666666666666,
        0.8333333333333333,
        0.7916666666666666,
        0.8333333333333333,
        0.7666666666666666,
        0.8333333333333333,
        0.7666666666666666,
        0.75,
        0.8333333333333333,
        0.8333333333333333,
        0.8333333333333333
    ],
    "final_test": {
        "loss": 1.2531302766253551,
        "acc": 0.4666666666666667,
        "recall": 0.47767857142857145,
        "f1": 0.47904040404040404,
        "prec": 0.5243506493506493
    }
}