{
    "train_loss": [
        1.4874189437604417,
        1.4239780879488178,
        1.4135721781674553,
        1.412746791746102,
        1.3551076931111954,
        1.3892982485247594,
        1.3344670534133911,
        1.3230070775630427
    ],
    "train_acc": [
        0.1568627450980392,
        0.3333333333333333,
        0.21568627450980393,
        0.29411764705882354,
        0.29411764705882354,
        0.3137254901960784,
        0.3333333333333333,
        0.35294117647058826
    ],
    "train_recall": [
        0.15773809523809523,
        0.3571428571428571,
        0.19642857142857142,
        0.2708333333333333,
        0.26785714285714285,
        0.29058441558441556,
        0.30654761904761907,
        0.3333333333333333
    ],
    "train_f1": [
        0.12765879953379955,
        0.26489095078120833,
        0.1389602053915276,
        0.21769015298427064,
        0.2,
        0.18560835351089588,
        0.23835807050092764,
        0.2923280423280423
    ],
    "train_prec": [
        0.10964912280701754,
        0.3192460317460317,
        0.1076388888888889,
        0.20142857142857143,
        0.18308080808080807,
        0.2861111111111111,
        0.24196428571428572,
        0.26471861471861474
    ],
    "val_loss": [
        1.4424292582731981,
        1.4715035328498254,
        1.4397739355380719,
        1.4565113140986516,
        1.4992175652430608,
        1.6870521582089937,
        1.6879548934789805,
        1.9145975021215587
    ],
    "val_acc": [
        0.15384615384615385,
        0.15384615384615385,
        0.15384615384615385,
        0.15384615384615385,
        0.15384615384615385,
        0.15384615384615385,
        0.15384615384615385,
        0.15384615384615385
    ],
    "val_recall": [
        0.25,
        0.25,
        0.25,
        0.25,
        0.25,
        0.25,
        0.25,
        0.25
    ],
    "val_f1": [
        0.08333333333333333,
        0.09090909090909091,
        0.11805555555555555,
        0.1,
        0.07692307692307693,
        0.08333333333333333,
        0.08333333333333333,
        0.08333333333333333
    ],
    "val_prec": [
        0.05,
        0.05555555555555555,
        0.07738095238095238,
        0.0625,
        0.045454545454545456,
        0.05,
        0.05,
        0.05
    ],
    "final_test": {
        "loss": 1.3777541319529216,
        "acc": 0.26666666666666666,
        "recall": 0.25,
        "f1": 0.18253968253968253,
        "prec": 0.15000000000000002
    }
}