{
    "train_loss": [
        1.4268962834395615,
        1.1644202038353564,
        0.8112348849866905,
        0.5659513004562434,
        0.1905797465028716,
        0.2538134907098377,
        0.06287482393649864,
        0.032040940177645166,
        0.023362338862509702,
        0.017666006022516417,
        0.013361733511784206,
        0.01179066778836297,
        0.009839717910497212,
        0.008063678885353547
    ],
    "train_acc": [
        0.29411764705882354,
        0.5882352941176471,
        0.7058823529411765,
        0.8235294117647058,
        1.0,
        0.9411764705882353,
        1.0,
        1.0,
        1.0,
        1.0,
        1.0,
        1.0,
        1.0,
        1.0
    ],
    "train_recall": [
        0.2711538461538462,
        0.5729603729603729,
        0.6994463869463869,
        0.827913752913753,
        1.0,
        0.9448717948717948,
        1.0,
        1.0,
        1.0,
        1.0,
        1.0,
        1.0,
        1.0,
        1.0
    ],
    "train_f1": [
        0.2322472848788638,
        0.5772102293841423,
        0.6702519379844962,
        0.827639751552795,
        1.0,
        0.9458064516129032,
        1.0,
        1.0,
        1.0,
        1.0,
        1.0,
        1.0,
        1.0,
        1.0
    ],
    "train_prec": [
        0.22710803689064557,
        0.6178571428571429,
        0.8353174603174602,
        0.833041958041958,
        1.0,
        0.9479166666666666,
        1.0,
        1.0,
        1.0,
        1.0,
        1.0,
        1.0,
        1.0,
        1.0
    ],
    "val_loss": [
        1.2840564250946045,
        1.3388407780573919,
        1.1516626133368566,
        1.00670564862398,
        1.0793432495914972,
        1.0985402525044405,
        0.8650331113200921,
        0.9440486809382072,
        0.6357333478159629,
        1.0539329736851728,
        0.7095587532967329,
        0.904140879973196,
        0.6438294739748996,
        0.7445669591498489
    ],
    "val_acc": [
        0.5384615384615384,
        0.23076923076923078,
        0.5384615384615384,
        0.6923076923076923,
        0.6153846153846154,
        0.6923076923076923,
        0.6923076923076923,
        0.6923076923076923,
        0.7692307692307693,
        0.6923076923076923,
        0.7692307692307693,
        0.6923076923076923,
        0.8461538461538461,
        0.6923076923076923
    ],
    "val_recall": [
        0.6666666666666666,
        0.375,
        0.43333333333333335,
        0.7666666666666666,
        0.7166666666666667,
        0.7666666666666666,
        0.7666666666666666,
        0.7666666666666666,
        0.8166666666666667,
        0.7666666666666666,
        0.8166666666666667,
        0.7666666666666666,
        0.8666666666666667,
        0.7666666666666666
    ],
    "val_f1": [
        0.5928571428571429,
        0.22619047619047616,
        0.4305555555555555,
        0.7595238095238095,
        0.6871794871794873,
        0.6761904761904762,
        0.6805555555555555,
        0.6805555555555555,
        0.8055555555555555,
        0.6916666666666667,
        0.7555555555555555,
        0.6845238095238095,
        0.8666666666666667,
        0.6805555555555555
    ],
    "val_prec": [
        0.6,
        0.21666666666666667,
        0.44999999999999996,
        0.875,
        0.8611111111111112,
        0.7083333333333333,
        0.6583333333333333,
        0.6583333333333333,
        0.8041666666666667,
        0.7083333333333333,
        0.7625,
        0.6666666666666666,
        0.8666666666666667,
        0.6583333333333333
    ],
    "final_test": {
        "loss": 1.217532833168904,
        "acc": 0.5666666666666667,
        "recall": 0.5758928571428572,
        "f1": 0.5474880382775119,
        "prec": 0.664918414918415
    }
}