{
    "train_loss": [
        1.5113996076583862,
        1.3328127717971803,
        1.265943284034729,
        1.0551301789283754,
        0.9603434348106384,
        0.9092281079292297,
        0.8618873453140259,
        0.8512930715084076,
        0.9287260055541993,
        0.768714896440506,
        0.8546113657951355,
        0.7659219670295715,
        0.6685041224956513
    ],
    "train_acc": [
        0.16,
        0.32,
        0.48,
        0.52,
        0.48,
        0.52,
        0.52,
        0.6,
        0.52,
        0.64,
        0.56,
        0.56,
        0.76
    ],
    "train_recall": [
        0.1607142857142857,
        0.2916666666666667,
        0.4583333333333333,
        0.5,
        0.4583333333333333,
        0.5,
        0.5,
        0.5892857142857142,
        0.5059523809523809,
        0.6249999999999999,
        0.5476190476190477,
        0.5416666666666667,
        0.75
    ],
    "train_f1": [
        0.10714285714285714,
        0.19128787878787878,
        0.36476608187134507,
        0.4645909645909646,
        0.4380252100840336,
        0.46825396825396826,
        0.46629901960784315,
        0.5651515151515152,
        0.4807692307692308,
        0.604295051353875,
        0.49375,
        0.5174512987012987,
        0.7428758741258742
    ],
    "train_prec": [
        0.08571428571428572,
        0.15294117647058825,
        0.32916666666666666,
        0.5995670995670995,
        0.51875,
        0.5028409090909091,
        0.5,
        0.6027777777777779,
        0.5059523809523809,
        0.6333333333333334,
        0.47916666666666663,
        0.5069444444444444,
        0.760515873015873
    ],
    "val_loss": [
        1.3851606334958757,
        1.281786322593689,
        1.3768864614622933,
        1.2720161506107874,
        1.4797710691179549,
        1.3753953916685921,
        1.4292289103780473,
        1.24268616097314,
        1.338381358555385,
        1.2658019321305412,
        1.8835575069699968,
        1.5009940479482924,
        1.4209415316581726
    ],
    "val_acc": [
        0.2857142857142857,
        0.42857142857142855,
        0.2857142857142857,
        0.2857142857142857,
        0.2857142857142857,
        0.42857142857142855,
        0.2857142857142857,
        0.5714285714285714,
        0.2857142857142857,
        0.2857142857142857,
        0.2857142857142857,
        0.42857142857142855,
        0.2857142857142857
    ],
    "val_recall": [
        0.375,
        0.5,
        0.25,
        0.25,
        0.25,
        0.375,
        0.25,
        0.625,
        0.25,
        0.25,
        0.25,
        0.375,
        0.25
    ],
    "val_f1": [
        0.2,
        0.30952380952380953,
        0.125,
        0.125,
        0.1111111111111111,
        0.29166666666666663,
        0.14285714285714285,
        0.5,
        0.14285714285714285,
        0.14285714285714285,
        0.125,
        0.29166666666666663,
        0.14285714285714285
    ],
    "val_prec": [
        0.14583333333333331,
        0.225,
        0.08333333333333333,
        0.08333333333333333,
        0.07142857142857142,
        0.3333333333333333,
        0.1,
        0.5,
        0.1,
        0.1,
        0.08333333333333333,
        0.3333333333333333,
        0.1
    ],
    "final_test": {
        "loss": 2.332216203212738,
        "acc": 0.25,
        "recall": 0.25,
        "f1": 0.25,
        "prec": 0.25
    }
}