{
    "train_loss": [
        1.4186868948094986,
        1.111534500238942,
        0.7189771185318629,
        0.4646640073727159,
        0.29340983700810697,
        0.27074398264727173,
        0.0925987292190685,
        0.06061861607446974,
        0.028343892939315708,
        0.020627065561711788,
        0.017440297147806955,
        0.013497298962308788,
        0.01183688420090167,
        0.009982676117443572
    ],
    "train_acc": [
        0.29411764705882354,
        0.5882352941176471,
        0.6862745098039216,
        0.8823529411764706,
        0.8823529411764706,
        0.9019607843137255,
        1.0,
        1.0,
        1.0,
        1.0,
        1.0,
        1.0,
        1.0,
        1.0
    ],
    "train_recall": [
        0.28296703296703296,
        0.5680569430569431,
        0.6705794205794207,
        0.872002997002997,
        0.8768731268731269,
        0.8863636363636364,
        1.0,
        1.0,
        1.0,
        1.0,
        1.0,
        1.0,
        1.0,
        1.0
    ],
    "train_f1": [
        0.26143039591315453,
        0.5458333333333333,
        0.6653021442495126,
        0.8713601532567049,
        0.8762626262626262,
        0.8844198969910546,
        1.0,
        1.0,
        1.0,
        1.0,
        1.0,
        1.0,
        1.0,
        1.0
    ],
    "train_prec": [
        0.24512160633484165,
        0.7346256684491979,
        0.7250000000000001,
        0.8753968253968254,
        0.8768731268731269,
        0.9225490196078431,
        1.0,
        1.0,
        1.0,
        1.0,
        1.0,
        1.0,
        1.0,
        1.0
    ],
    "val_loss": [
        1.319663011110746,
        1.0558744072914124,
        0.9757565007759974,
        0.5987883771841342,
        1.1579084903574908,
        0.7225155116846929,
        0.7864455970434042,
        0.4116172320567645,
        0.16154915688989255,
        0.6840345681859896,
        0.8752667469402345,
        0.24858959936178648,
        0.5715874729749675,
        0.8578441053843842
    ],
    "val_acc": [
        0.38461538461538464,
        0.38461538461538464,
        0.5384615384615384,
        0.8461538461538461,
        0.38461538461538464,
        0.7692307692307693,
        0.6153846153846154,
        0.8461538461538461,
        1.0,
        0.6923076923076923,
        0.6923076923076923,
        0.9230769230769231,
        0.8461538461538461,
        0.6923076923076923
    ],
    "val_recall": [
        0.49999999999999994,
        0.5,
        0.6666666666666666,
        0.9,
        0.5,
        0.75,
        0.65,
        0.8333333333333334,
        1.0,
        0.7,
        0.7,
        0.9166666666666666,
        0.8333333333333334,
        0.7
    ],
    "val_f1": [
        0.4083333333333333,
        0.3333333333333333,
        0.5059523809523809,
        0.875,
        0.2875,
        0.6666666666666666,
        0.5375000000000001,
        0.8125,
        1.0,
        0.5888888888888888,
        0.6222222222222222,
        0.9142857142857144,
        0.8125,
        0.6222222222222222
    ],
    "val_prec": [
        0.55,
        0.3,
        0.4125,
        0.9,
        0.2125,
        0.625,
        0.5238095238095238,
        0.9,
        1.0,
        0.5416666666666666,
        0.6071428571428572,
        0.9375,
        0.9,
        0.6071428571428572
    ],
    "final_test": {
        "loss": 1.092204736918211,
        "acc": 0.6666666666666666,
        "recall": 0.6607142857142857,
        "f1": 0.657516339869281,
        "prec": 0.7287157287157287
    }
}