{
    "train_loss": [
        1.403144874572754,
        1.1755786633491516,
        0.9284643030166626,
        0.6437473529577256,
        0.3603460901975632,
        0.1795170536637306,
        0.10388428434729576,
        0.07119754172861575,
        0.051020729057490825,
        0.038171891421079636,
        0.029389361627399923,
        0.027456246428191663,
        0.023903383128345012,
        0.019078335203230382
    ],
    "train_acc": [
        0.28,
        0.64,
        0.64,
        0.96,
        0.96,
        1.0,
        1.0,
        1.0,
        1.0,
        1.0,
        1.0,
        1.0,
        1.0,
        1.0
    ],
    "train_recall": [
        0.24553571428571427,
        0.5788690476190476,
        0.5684523809523809,
        0.96875,
        0.96875,
        1.0,
        1.0,
        1.0,
        1.0,
        1.0,
        1.0,
        1.0,
        1.0,
        1.0
    ],
    "train_f1": [
        0.1488095238095238,
        0.580952380952381,
        0.5453416149068323,
        0.9641025641025641,
        0.9641025641025641,
        1.0,
        1.0,
        1.0,
        1.0,
        1.0,
        1.0,
        1.0,
        1.0,
        1.0
    ],
    "train_prec": [
        0.13392857142857142,
        0.7239010989010989,
        0.8208333333333333,
        0.9642857142857143,
        0.9642857142857143,
        1.0,
        1.0,
        1.0,
        1.0,
        1.0,
        1.0,
        1.0,
        1.0,
        1.0
    ],
    "val_loss": [
        1.5475383826664515,
        1.2474032981055123,
        1.109645196369716,
        0.8046509070055825,
        0.7298230166946139,
        0.477555262190955,
        0.3319450978721891,
        0.36488288960286547,
        0.2774147811744894,
        0.3016649026955877,
        0.4410645881933825,
        0.4320115015975067,
        0.3471929800829717,
        0.28434400473322186
    ],
    "val_acc": [
        0.0,
        0.14285714285714285,
        0.2857142857142857,
        0.8571428571428571,
        0.8571428571428571,
        0.8571428571428571,
        0.8571428571428571,
        0.8571428571428571,
        0.8571428571428571,
        0.8571428571428571,
        0.8571428571428571,
        0.8571428571428571,
        0.8571428571428571,
        0.8571428571428571
    ],
    "val_recall": [
        0.0,
        0.3333333333333333,
        0.5,
        0.9166666666666666,
        0.9166666666666666,
        0.9166666666666666,
        0.9166666666666666,
        0.9166666666666666,
        0.9166666666666666,
        0.9166666666666666,
        0.9166666666666666,
        0.9166666666666666,
        0.9166666666666666,
        0.9166666666666666
    ],
    "val_f1": [
        0.0,
        0.08333333333333333,
        0.31746031746031744,
        0.8412698412698413,
        0.8412698412698413,
        0.8412698412698413,
        0.8412698412698413,
        0.8412698412698413,
        0.8412698412698413,
        0.8412698412698413,
        0.8412698412698413,
        0.8412698412698413,
        0.8412698412698413,
        0.8412698412698413
    ],
    "val_prec": [
        0.0,
        0.047619047619047616,
        0.3888888888888889,
        0.8333333333333334,
        0.8333333333333334,
        0.8333333333333334,
        0.8333333333333334,
        0.8333333333333334,
        0.8333333333333334,
        0.8333333333333334,
        0.8333333333333334,
        0.8333333333333334,
        0.8333333333333334,
        0.8333333333333334
    ],
    "final_test": {
        "loss": 0.15607782313600183,
        "acc": 1.0,
        "recall": 1.0,
        "f1": 1.0,
        "prec": 1.0
    }
}