{
    "train_loss": [
        1.4443896150588988,
        1.17894376039505,
        0.894107723236084,
        0.5792020010948181,
        0.3245832884311676,
        0.15811616837978362,
        0.07804933905601502,
        0.05421978503465653,
        0.041003685742616654,
        0.029624657407402992,
        0.02419923596084118,
        0.022408292256295682,
        0.01942189034074545,
        0.01603097576647997,
        0.014669142998754978,
        0.012558328974992037,
        0.011403237842023373,
        0.010418852716684341,
        0.009798649065196514,
        0.00974160885438323,
        0.007143102576956153,
        0.005886414609849453
    ],
    "train_acc": [
        0.24,
        0.68,
        0.96,
        1.0,
        1.0,
        1.0,
        1.0,
        1.0,
        1.0,
        1.0,
        1.0,
        1.0,
        1.0,
        1.0,
        1.0,
        1.0,
        1.0,
        1.0,
        1.0,
        1.0,
        1.0,
        1.0
    ],
    "train_recall": [
        0.23541666666666666,
        0.6416666666666666,
        0.9583333333333334,
        1.0,
        1.0,
        1.0,
        1.0,
        1.0,
        1.0,
        1.0,
        1.0,
        1.0,
        1.0,
        1.0,
        1.0,
        1.0,
        1.0,
        1.0,
        1.0,
        1.0,
        1.0,
        1.0
    ],
    "train_f1": [
        0.2095238095238095,
        0.6761904761904762,
        0.9625668449197861,
        1.0,
        1.0,
        1.0,
        1.0,
        1.0,
        1.0,
        1.0,
        1.0,
        1.0,
        1.0,
        1.0,
        1.0,
        1.0,
        1.0,
        1.0,
        1.0,
        1.0,
        1.0,
        1.0
    ],
    "train_prec": [
        0.3576923076923077,
        0.875,
        0.9722222222222222,
        1.0,
        1.0,
        1.0,
        1.0,
        1.0,
        1.0,
        1.0,
        1.0,
        1.0,
        1.0,
        1.0,
        1.0,
        1.0,
        1.0,
        1.0,
        1.0,
        1.0,
        1.0,
        1.0
    ],
    "val_loss": [
        1.3799535376685006,
        1.1597741331372942,
        1.2233683126313346,
        0.7645347203527179,
        0.5631102983440671,
        0.36045223687376293,
        0.5075250629867826,
        0.6564917819840568,
        0.3010581965957369,
        0.4667840280703136,
        0.5951857960649899,
        0.31451395952275824,
        0.15666630544832774,
        0.27108744265777723,
        0.2530326896480152,
        0.24976516009441443,
        0.10051244989569698,
        0.2691151603524174,
        0.166429293874119,
        0.15699416186128343,
        0.24279103268470084,
        0.392780475584524
    ],
    "val_acc": [
        0.2857142857142857,
        1.0,
        0.2857142857142857,
        0.8571428571428571,
        0.8571428571428571,
        0.8571428571428571,
        0.8571428571428571,
        0.8571428571428571,
        0.8571428571428571,
        0.8571428571428571,
        0.8571428571428571,
        0.8571428571428571,
        1.0,
        0.8571428571428571,
        0.8571428571428571,
        0.8571428571428571,
        1.0,
        0.8571428571428571,
        1.0,
        1.0,
        0.8571428571428571,
        0.8571428571428571
    ],
    "val_recall": [
        0.25,
        1.0,
        0.25,
        0.6666666666666666,
        0.6666666666666666,
        0.6666666666666666,
        0.6666666666666666,
        0.6666666666666666,
        0.6666666666666666,
        0.6666666666666666,
        0.6666666666666666,
        0.6666666666666666,
        1.0,
        0.6666666666666666,
        0.6666666666666666,
        0.6666666666666666,
        1.0,
        0.6666666666666666,
        1.0,
        1.0,
        0.6666666666666666,
        0.6666666666666666
    ],
    "val_f1": [
        0.25,
        1.0,
        0.25,
        0.7,
        0.7,
        0.7,
        0.7,
        0.7,
        0.7,
        0.7,
        0.7,
        0.7,
        1.0,
        0.7,
        0.7,
        0.7,
        1.0,
        0.7,
        1.0,
        1.0,
        0.7,
        0.7
    ],
    "val_prec": [
        0.25,
        1.0,
        0.25,
        0.75,
        0.75,
        0.75,
        0.75,
        0.75,
        0.75,
        0.75,
        0.75,
        0.75,
        1.0,
        0.75,
        0.75,
        0.75,
        1.0,
        0.75,
        1.0,
        1.0,
        0.75,
        0.75
    ],
    "final_test": {
        "loss": 0.048943311092443764,
        "acc": 1.0,
        "recall": 1.0,
        "f1": 1.0,
        "prec": 1.0
    }
}