{
    "train_loss": [
        1.5671112060546875,
        1.4048490667343139,
        1.388247137069702,
        1.3509886598587035,
        1.3053257155418396,
        1.2337240922451018,
        1.1876499450206757,
        1.1850108444690703,
        1.0924763429164885
    ],
    "train_acc": [
        0.28,
        0.32,
        0.28,
        0.4,
        0.28,
        0.48,
        0.48,
        0.48,
        0.48
    ],
    "train_recall": [
        0.21875,
        0.2544642857142857,
        0.21875,
        0.3392857142857143,
        0.23809523809523808,
        0.40625,
        0.4017857142857143,
        0.4017857142857143,
        0.3973214285714286
    ],
    "train_f1": [
        0.11290322580645161,
        0.17032967032967034,
        0.109375,
        0.24808184143222506,
        0.23125,
        0.2982456140350877,
        0.3069053708439898,
        0.32,
        0.3269230769230769
    ],
    "train_prec": [
        0.07608695652173914,
        0.13293650793650794,
        0.07291666666666667,
        0.2048611111111111,
        0.27499999999999997,
        0.23863636363636365,
        0.25,
        0.2757352941176471,
        0.3055555555555556
    ],
    "val_loss": [
        1.735395806176322,
        1.6705294166292464,
        1.7320441859109061,
        1.6132380621773856,
        1.6513018608093262,
        1.6241963079997472,
        1.6945437363215856,
        1.7406844752175468,
        1.7412114654268538
    ],
    "val_acc": [
        0.0,
        0.0,
        0.0,
        0.0,
        0.0,
        0.0,
        0.0,
        0.0,
        0.0
    ],
    "val_recall": [
        0.0,
        0.0,
        0.0,
        0.0,
        0.0,
        0.0,
        0.0,
        0.0,
        0.0
    ],
    "val_f1": [
        0.0,
        0.0,
        0.0,
        0.0,
        0.0,
        0.0,
        0.0,
        0.0,
        0.0
    ],
    "val_prec": [
        0.0,
        0.0,
        0.0,
        0.0,
        0.0,
        0.0,
        0.0,
        0.0,
        0.0
    ],
    "final_test": {
        "loss": 1.5758506208658218,
        "acc": 0.0,
        "recall": 0.0,
        "f1": 0.0,
        "prec": 0.0
    }
}