{
    "train_loss": [
        1.5261282698780883,
        1.4537490092071832,
        1.4430885595433853,
        1.397824259365306,
        1.3702478513998144,
        1.3534088134765625
    ],
    "train_acc": [
        0.17647058823529413,
        0.21568627450980393,
        0.2549019607843137,
        0.2549019607843137,
        0.3137254901960784,
        0.29411764705882354
    ],
    "train_recall": [
        0.17628205128205127,
        0.21153846153846156,
        0.2532051282051282,
        0.25,
        0.3205128205128205,
        0.298076923076923
    ],
    "train_f1": [
        0.11794634597594819,
        0.14444444444444443,
        0.22301177346549397,
        0.23504968383017164,
        0.2725609756097561,
        0.2644212523719165
    ],
    "train_prec": [
        0.09692513368983957,
        0.10990338164251207,
        0.3146681749622926,
        0.2589285714285714,
        0.2767577250335871,
        0.28430451127819545
    ],
    "val_loss": [
        1.3996727099785438,
        1.4161992164758535,
        1.415686616530785,
        1.4188997653814464,
        1.6772411144696748,
        1.5952279200920692
    ],
    "val_acc": [
        0.23076923076923078,
        0.23076923076923078,
        0.23076923076923078,
        0.15384615384615385,
        0.15384615384615385,
        0.23076923076923078
    ],
    "val_recall": [
        0.25,
        0.25,
        0.25,
        0.125,
        0.16666666666666666,
        0.25
    ],
    "val_f1": [
        0.09375,
        0.09375,
        0.20833333333333331,
        0.06666666666666667,
        0.08333333333333333,
        0.125
    ],
    "val_prec": [
        0.057692307692307696,
        0.057692307692307696,
        0.3055555555555556,
        0.045454545454545456,
        0.05555555555555555,
        0.08333333333333333
    ],
    "final_test": {
        "loss": 1.4038113872210185,
        "acc": 0.26666666666666666,
        "recall": 0.25,
        "f1": 0.10526315789473684,
        "prec": 0.06666666666666667
    }
}