{
    "train_loss": [
        1.3093590759763531,
        0.9564919115281573,
        0.5476456786341527,
        0.3199345052388369,
        0.2763678183523463,
        0.10236511014255822,
        0.0445977465486994,
        0.02482158774692638,
        0.019995051796785464,
        0.015713403403174644,
        0.012614627966803372,
        0.009400034661167393,
        0.009073525448055828
    ],
    "train_acc": [
        0.4117647058823529,
        0.6078431372549019,
        0.8823529411764706,
        0.9607843137254902,
        0.8823529411764706,
        1.0,
        1.0,
        1.0,
        1.0,
        1.0,
        1.0,
        1.0,
        1.0
    ],
    "train_recall": [
        0.40086996336996333,
        0.5922619047619048,
        0.880952380952381,
        0.9583333333333334,
        0.8839285714285714,
        1.0,
        1.0,
        1.0,
        1.0,
        1.0,
        1.0,
        1.0,
        1.0
    ],
    "train_f1": [
        0.39142129422301836,
        0.5786155821218935,
        0.8807692307692307,
        0.9580419580419581,
        0.8839285714285714,
        1.0,
        1.0,
        1.0,
        1.0,
        1.0,
        1.0,
        1.0,
        1.0
    ],
    "train_prec": [
        0.4577380952380952,
        0.5732004923181394,
        0.8846153846153846,
        0.9642857142857143,
        0.8839285714285714,
        1.0,
        1.0,
        1.0,
        1.0,
        1.0,
        1.0,
        1.0,
        1.0
    ],
    "val_loss": [
        1.3538720516058116,
        1.0085914822725148,
        0.7402612750346844,
        0.8685432013410789,
        0.5893006321902459,
        0.5826717609396348,
        0.6663890272522202,
        0.45524496506326473,
        0.5860138275803854,
        0.46468421924286163,
        0.5071484975588436,
        0.5923739353266473,
        0.5496947071873225
    ],
    "val_acc": [
        0.23076923076923078,
        0.7692307692307693,
        0.8461538461538461,
        0.7692307692307693,
        0.9230769230769231,
        0.8461538461538461,
        0.8461538461538461,
        0.9230769230769231,
        0.8461538461538461,
        0.9230769230769231,
        0.9230769230769231,
        0.8461538461538461,
        0.9230769230769231
    ],
    "val_recall": [
        0.3125,
        0.6875,
        0.875,
        0.75,
        0.9375,
        0.875,
        0.875,
        0.9375,
        0.875,
        0.9375,
        0.9375,
        0.875,
        0.9375
    ],
    "val_f1": [
        0.17142857142857143,
        0.6517857142857143,
        0.8388888888888888,
        0.7410714285714286,
        0.9142857142857144,
        0.8428571428571427,
        0.8428571428571427,
        0.9142857142857144,
        0.8428571428571427,
        0.9142857142857144,
        0.9142857142857144,
        0.8428571428571427,
        0.9142857142857144
    ],
    "val_prec": [
        0.2916666666666667,
        0.65,
        0.8666666666666666,
        0.775,
        0.9166666666666666,
        0.8541666666666666,
        0.8541666666666666,
        0.9166666666666666,
        0.8541666666666666,
        0.9166666666666666,
        0.9166666666666666,
        0.8541666666666666,
        0.9166666666666666
    ],
    "final_test": {
        "loss": 0.9655284620821476,
        "acc": 0.5666666666666667,
        "recall": 0.5803571428571428,
        "f1": 0.5620039682539681,
        "prec": 0.5778409090909091
    }
}