{
    "train_loss": [
        1.4772496667562747,
        1.4277942531249102,
        1.3460496734170353,
        1.4102076584217595,
        1.3676751548168706,
        1.3238039051785189
    ],
    "train_acc": [
        0.23529411764705882,
        0.2549019607843137,
        0.3137254901960784,
        0.2549019607843137,
        0.3137254901960784,
        0.29411764705882354
    ],
    "train_recall": [
        0.23076923076923078,
        0.25,
        0.3076923076923077,
        0.25961538461538464,
        0.3076923076923077,
        0.2884615384615385
    ],
    "train_f1": [
        0.17916666666666664,
        0.18295940170940173,
        0.1926683716965047,
        0.23891059920471686,
        0.24034201665780613,
        0.23382594417077177
    ],
    "train_prec": [
        0.25032467532467534,
        0.24743589743589745,
        0.16052631578947368,
        0.2746212121212121,
        0.23540706605222733,
        0.21469907407407407
    ],
    "val_loss": [
        1.394390344619751,
        1.4592228027490468,
        1.4286123697574322,
        1.5009050781910236,
        1.4839230225636408,
        1.5193899869918823
    ],
    "val_acc": [
        0.38461538461538464,
        0.23076923076923078,
        0.07692307692307693,
        0.23076923076923078,
        0.23076923076923078,
        0.38461538461538464
    ],
    "val_recall": [
        0.41666666666666663,
        0.25,
        0.08333333333333333,
        0.25,
        0.25,
        0.41666666666666663
    ],
    "val_f1": [
        0.30714285714285716,
        0.09375,
        0.038461538461538464,
        0.09375,
        0.09375,
        0.30714285714285716
    ],
    "val_prec": [
        0.3181818181818182,
        0.057692307692307696,
        0.025,
        0.057692307692307696,
        0.057692307692307696,
        0.3181818181818182
    ],
    "final_test": {
        "loss": 1.3893381079037985,
        "acc": 0.3333333333333333,
        "recall": 0.33035714285714285,
        "f1": 0.2361111111111111,
        "prec": 0.1846590909090909
    }
}