{
    "train_loss": [
        1.482879732169357,
        1.4330335691863416,
        1.4237796150001825,
        1.367229326098573,
        1.3744104750016157,
        1.3713980118433635,
        1.3581274443981695
    ],
    "train_acc": [
        0.11764705882352941,
        0.2549019607843137,
        0.21568627450980393,
        0.35294117647058826,
        0.23529411764705882,
        0.27450980392156865,
        0.3137254901960784
    ],
    "train_recall": [
        0.12179487179487179,
        0.25,
        0.21153846153846156,
        0.35416666666666674,
        0.23557692307692307,
        0.2692307692307693,
        0.3076923076923077
    ],
    "train_f1": [
        0.10057471264367816,
        0.20422647527910687,
        0.18886699507389162,
        0.34630790665273425,
        0.2175499362999363,
        0.22851335656213706,
        0.2392857142857143
    ],
    "train_prec": [
        0.08835227272727272,
        0.18437908496732028,
        0.17566287878787878,
        0.38741830065359484,
        0.256547619047619,
        0.22483766233766234,
        0.20616883116883117
    ],
    "val_loss": [
        1.4366926229917085,
        1.4205219837335439,
        1.4322871886766875,
        1.5131714802521925,
        1.509729532095102,
        1.5857722209050105,
        1.7414501722042377
    ],
    "val_acc": [
        0.07692307692307693,
        0.23076923076923078,
        0.23076923076923078,
        0.23076923076923078,
        0.23076923076923078,
        0.23076923076923078,
        0.23076923076923078
    ],
    "val_recall": [
        0.08333333333333333,
        0.25,
        0.25,
        0.25,
        0.20833333333333331,
        0.25,
        0.25
    ],
    "val_f1": [
        0.03571428571428571,
        0.10714285714285714,
        0.10714285714285714,
        0.10714285714285714,
        0.14583333333333331,
        0.125,
        0.125
    ],
    "val_prec": [
        0.022727272727272728,
        0.06818181818181818,
        0.06818181818181818,
        0.06818181818181818,
        0.1125,
        0.08333333333333333,
        0.08333333333333333
    ],
    "final_test": {
        "loss": 1.3851451476414998,
        "acc": 0.26666666666666666,
        "recall": 0.2589285714285714,
        "f1": 0.17555555555555555,
        "prec": 0.13368983957219252
    }
}