{
    "train_loss": [
        1.4894801121132046,
        1.4098664989658432,
        1.4492497759706833,
        1.4057958570181155,
        1.3702525356236626,
        1.3494836080308055
    ],
    "train_acc": [
        0.19607843137254902,
        0.23529411764705882,
        0.21568627450980393,
        0.35294117647058826,
        0.27450980392156865,
        0.23529411764705882
    ],
    "train_recall": [
        0.1923076923076923,
        0.23237179487179488,
        0.21153846153846156,
        0.34615384615384615,
        0.27083333333333337,
        0.23237179487179488
    ],
    "train_f1": [
        0.14224924012158055,
        0.2144230769230769,
        0.19269603986362444,
        0.2982875264270613,
        0.2620091896407686,
        0.2109061015710632
    ],
    "train_prec": [
        0.21507352941176472,
        0.25466200466200467,
        0.2363095238095238,
        0.2972222222222222,
        0.3383333333333334,
        0.3731060606060606
    ],
    "val_loss": [
        1.3997428784003625,
        1.433650622001061,
        1.4516531137319713,
        1.490599357164823,
        1.5974284868973951,
        1.7116582852143507
    ],
    "val_acc": [
        0.07692307692307693,
        0.23076923076923078,
        0.3076923076923077,
        0.23076923076923078,
        0.15384615384615385,
        0.15384615384615385
    ],
    "val_recall": [
        0.08333333333333333,
        0.25,
        0.3333333333333333,
        0.25,
        0.16666666666666666,
        0.16666666666666666
    ],
    "val_f1": [
        0.03571428571428571,
        0.09375,
        0.20555555555555555,
        0.10714285714285714,
        0.12698412698412698,
        0.07692307692307693
    ],
    "val_prec": [
        0.022727272727272728,
        0.057692307692307696,
        0.1488095238095238,
        0.06818181818181818,
        0.10416666666666666,
        0.05
    ],
    "final_test": {
        "loss": 1.3894312262535096,
        "acc": 0.2,
        "recall": 0.19642857142857142,
        "f1": 0.1369047619047619,
        "prec": 0.10633484162895929
    }
}