{
    "train_loss": [
        1.4318028419625526,
        1.374044329512353,
        1.4130898188142216,
        1.26222965296577,
        1.2958862506875806,
        1.2586976266374774
    ],
    "train_acc": [
        0.21568627450980393,
        0.3333333333333333,
        0.27450980392156865,
        0.43137254901960786,
        0.39215686274509803,
        0.47058823529411764
    ],
    "train_recall": [
        0.18333333333333332,
        0.3256118881118881,
        0.2512820512820513,
        0.40279720279720277,
        0.3736596736596737,
        0.4566142191142191
    ],
    "train_f1": [
        0.09322033898305085,
        0.30876187216565415,
        0.20016339869281047,
        0.34395175753228124,
        0.31434687514542325,
        0.41599412331119645
    ],
    "train_prec": [
        0.0625,
        0.3738251879699248,
        0.16819221967963388,
        0.3324898785425101,
        0.2932692307692308,
        0.6148809523809524
    ],
    "val_loss": [
        1.4464992193075328,
        1.48988833794227,
        1.5764080836222722,
        1.7543162657664373,
        1.7776470321875353,
        1.8849332607709444
    ],
    "val_acc": [
        0.0,
        0.0,
        0.23076923076923078,
        0.3076923076923077,
        0.23076923076923078,
        0.3076923076923077
    ],
    "val_recall": [
        0.0,
        0.0,
        0.25,
        0.3,
        0.25,
        0.3
    ],
    "val_f1": [
        0.0,
        0.0,
        0.125,
        0.21969696969696967,
        0.125,
        0.21969696969696967
    ],
    "val_prec": [
        0.0,
        0.0,
        0.08333333333333333,
        0.34375,
        0.08333333333333333,
        0.34375
    ],
    "final_test": {
        "loss": 1.4033472339312236,
        "acc": 0.26666666666666666,
        "recall": 0.26785714285714285,
        "f1": 0.18218623481781376,
        "prec": 0.14354066985645933
    }
}