{
    "train_loss": [
        1.3953251957893371,
        1.0922794938087463,
        0.7910215413570404,
        0.4176863479614258,
        0.2290171980857849,
        0.10159750536084175,
        0.06662296921014786,
        0.0478543446958065,
        0.04635255753993988,
        0.03148307275027037,
        0.0266621320694685,
        0.018625190034508705,
        0.016997677851468326,
        0.013170097395777703,
        0.01421786766499281,
        0.011995939649641513,
        0.011254616379737854,
        0.00961924584582448,
        0.006934820516034961,
        0.007352691395208239,
        0.008390633082017302,
        0.006184115917421878
    ],
    "train_acc": [
        0.24,
        0.6,
        0.84,
        0.96,
        1.0,
        1.0,
        1.0,
        1.0,
        1.0,
        1.0,
        1.0,
        1.0,
        1.0,
        1.0,
        1.0,
        1.0,
        1.0,
        1.0,
        1.0,
        1.0,
        1.0,
        1.0
    ],
    "train_recall": [
        0.23214285714285715,
        0.5833333333333334,
        0.8333333333333334,
        0.9583333333333334,
        1.0,
        1.0,
        1.0,
        1.0,
        1.0,
        1.0,
        1.0,
        1.0,
        1.0,
        1.0,
        1.0,
        1.0,
        1.0,
        1.0,
        1.0,
        1.0,
        1.0,
        1.0
    ],
    "train_f1": [
        0.20714285714285713,
        0.5705128205128205,
        0.8285714285714286,
        0.9580419580419581,
        1.0,
        1.0,
        1.0,
        1.0,
        1.0,
        1.0,
        1.0,
        1.0,
        1.0,
        1.0,
        1.0,
        1.0,
        1.0,
        1.0,
        1.0,
        1.0,
        1.0,
        1.0
    ],
    "train_prec": [
        0.19047619047619047,
        0.7678571428571428,
        0.875,
        0.9642857142857143,
        1.0,
        1.0,
        1.0,
        1.0,
        1.0,
        1.0,
        1.0,
        1.0,
        1.0,
        1.0,
        1.0,
        1.0,
        1.0,
        1.0,
        1.0,
        1.0,
        1.0,
        1.0
    ],
    "val_loss": [
        1.3593523502349854,
        1.0392792991229467,
        0.8413629404136113,
        0.5262007628168378,
        0.34885454390730175,
        0.16942262330225535,
        0.17757162132433482,
        0.18372283769505365,
        0.16403036271887167,
        0.16881440074316093,
        0.22443210306976522,
        0.11023522594145366,
        0.12992182107908384,
        0.058374994567462375,
        0.07383410286690507,
        0.07816171246979918,
        0.026414416198219572,
        0.02789843188864844,
        0.07448721437581948,
        0.09651561700073737,
        0.043789125446762354,
        0.05350660093660865
    ],
    "val_acc": [
        0.2857142857142857,
        1.0,
        1.0,
        0.8571428571428571,
        1.0,
        1.0,
        1.0,
        1.0,
        1.0,
        1.0,
        1.0,
        1.0,
        1.0,
        1.0,
        1.0,
        1.0,
        1.0,
        1.0,
        1.0,
        1.0,
        1.0,
        1.0
    ],
    "val_recall": [
        0.375,
        1.0,
        1.0,
        0.875,
        1.0,
        1.0,
        1.0,
        1.0,
        1.0,
        1.0,
        1.0,
        1.0,
        1.0,
        1.0,
        1.0,
        1.0,
        1.0,
        1.0,
        1.0,
        1.0,
        1.0,
        1.0
    ],
    "val_f1": [
        0.23809523809523808,
        1.0,
        1.0,
        0.8666666666666667,
        1.0,
        1.0,
        1.0,
        1.0,
        1.0,
        1.0,
        1.0,
        1.0,
        1.0,
        1.0,
        1.0,
        1.0,
        1.0,
        1.0,
        1.0,
        1.0,
        1.0,
        1.0
    ],
    "val_prec": [
        0.2916666666666667,
        1.0,
        1.0,
        0.9166666666666666,
        1.0,
        1.0,
        1.0,
        1.0,
        1.0,
        1.0,
        1.0,
        1.0,
        1.0,
        1.0,
        1.0,
        1.0,
        1.0,
        1.0,
        1.0,
        1.0,
        1.0,
        1.0
    ],
    "final_test": {
        "loss": 0.05842855735681951,
        "acc": 1.0,
        "recall": 1.0,
        "f1": 1.0,
        "prec": 1.0
    }
}