{
    "train_loss": [
        1.4891706609725952,
        1.0808156037330627,
        0.7288449203968048,
        0.3835041457414627,
        0.18509338825941085,
        0.08951251283288002,
        0.05885488614439964,
        0.047186630219221114,
        0.0321453146636486,
        0.028907694071531296,
        0.022957977019250394,
        0.02201169352978468,
        0.0209447081387043,
        0.016315666679292917,
        0.014333382155746222,
        0.012709577940404415,
        0.011385757550597191,
        0.011054292330518365,
        0.007115489458665252,
        0.007260374203324318,
        0.0064912135247141125
    ],
    "train_acc": [
        0.32,
        0.72,
        0.88,
        1.0,
        1.0,
        1.0,
        1.0,
        1.0,
        1.0,
        1.0,
        1.0,
        1.0,
        1.0,
        1.0,
        1.0,
        1.0,
        1.0,
        1.0,
        1.0,
        1.0,
        1.0
    ],
    "train_recall": [
        0.25,
        0.75,
        0.85,
        1.0,
        1.0,
        1.0,
        1.0,
        1.0,
        1.0,
        1.0,
        1.0,
        1.0,
        1.0,
        1.0,
        1.0,
        1.0,
        1.0,
        1.0,
        1.0,
        1.0,
        1.0
    ],
    "train_f1": [
        0.13793103448275862,
        0.7409982174688057,
        0.8533834586466165,
        1.0,
        1.0,
        1.0,
        1.0,
        1.0,
        1.0,
        1.0,
        1.0,
        1.0,
        1.0,
        1.0,
        1.0,
        1.0,
        1.0,
        1.0,
        1.0,
        1.0,
        1.0
    ],
    "train_prec": [
        0.09523809523809523,
        0.8541666666666666,
        0.9318181818181819,
        1.0,
        1.0,
        1.0,
        1.0,
        1.0,
        1.0,
        1.0,
        1.0,
        1.0,
        1.0,
        1.0,
        1.0,
        1.0,
        1.0,
        1.0,
        1.0,
        1.0,
        1.0
    ],
    "val_loss": [
        1.2835965326854162,
        1.1555387207439967,
        0.7868630545479911,
        0.7060132622718811,
        0.5798248127102852,
        0.527929289000375,
        0.5741872398981026,
        0.6096737901014941,
        0.5425191904817309,
        0.5056345782109669,
        0.5473232093666281,
        0.3771294185093471,
        0.4307186167154993,
        0.4049453559730734,
        0.4315944532198565,
        0.3034665572590062,
        0.3284553862842066,
        0.37316383620990173,
        0.5463130392932466,
        0.4090789443414126,
        0.4727746608134891
    ],
    "val_acc": [
        0.5714285714285714,
        0.42857142857142855,
        0.8571428571428571,
        0.7142857142857143,
        0.8571428571428571,
        0.8571428571428571,
        0.8571428571428571,
        0.7142857142857143,
        0.8571428571428571,
        0.8571428571428571,
        0.7142857142857143,
        0.8571428571428571,
        0.8571428571428571,
        0.8571428571428571,
        0.8571428571428571,
        0.8571428571428571,
        0.8571428571428571,
        0.8571428571428571,
        0.7142857142857143,
        0.8571428571428571,
        0.8571428571428571
    ],
    "val_recall": [
        0.5555555555555555,
        0.375,
        0.8888888888888888,
        0.5416666666666666,
        0.8888888888888888,
        0.8888888888888888,
        0.8888888888888888,
        0.5833333333333334,
        0.8888888888888888,
        0.8888888888888888,
        0.5833333333333334,
        0.8888888888888888,
        0.8888888888888888,
        0.8888888888888888,
        0.8888888888888888,
        0.8888888888888888,
        0.8888888888888888,
        0.8888888888888888,
        0.5833333333333334,
        0.8888888888888888,
        0.8888888888888888
    ],
    "val_f1": [
        0.45714285714285713,
        0.375,
        0.8666666666666667,
        0.575,
        0.8666666666666667,
        0.8666666666666667,
        0.8666666666666667,
        0.575,
        0.8666666666666667,
        0.8666666666666667,
        0.575,
        0.8666666666666667,
        0.8666666666666667,
        0.8666666666666667,
        0.8666666666666667,
        0.8666666666666667,
        0.8666666666666667,
        0.8666666666666667,
        0.575,
        0.8666666666666667,
        0.8666666666666667
    ],
    "val_prec": [
        0.4666666666666666,
        0.375,
        0.8888888888888888,
        0.625,
        0.8888888888888888,
        0.8888888888888888,
        0.8888888888888888,
        0.6666666666666666,
        0.8888888888888888,
        0.8888888888888888,
        0.6666666666666666,
        0.8888888888888888,
        0.8888888888888888,
        0.8888888888888888,
        0.8888888888888888,
        0.8888888888888888,
        0.8888888888888888,
        0.8888888888888888,
        0.6666666666666666,
        0.8888888888888888,
        0.8888888888888888
    ],
    "final_test": {
        "loss": 0.15782583272084594,
        "acc": 1.0,
        "recall": 1.0,
        "f1": 1.0,
        "prec": 1.0
    }
}