{
    "train_loss": [
        1.353934340617236,
        0.9473355576103809,
        0.4749891702450958,
        0.26235068830497127,
        0.15632092865074382,
        0.06996621604205347,
        0.04205262310364667,
        0.02681079311478956,
        0.020683915819972754,
        0.014698446417848269,
        0.011189189566043662,
        0.00824578057098038,
        0.007911105247616184
    ],
    "train_acc": [
        0.2549019607843137,
        0.6274509803921569,
        0.9215686274509803,
        0.9803921568627451,
        1.0,
        1.0,
        1.0,
        1.0,
        1.0,
        1.0,
        1.0,
        1.0,
        1.0
    ],
    "train_recall": [
        0.252518315018315,
        0.6231684981684982,
        0.9285714285714286,
        0.9807692307692308,
        1.0,
        1.0,
        1.0,
        1.0,
        1.0,
        1.0,
        1.0,
        1.0,
        1.0
    ],
    "train_f1": [
        0.25538946347769875,
        0.5908088235294118,
        0.9226190476190477,
        0.98,
        1.0,
        1.0,
        1.0,
        1.0,
        1.0,
        1.0,
        1.0,
        1.0,
        1.0
    ],
    "train_prec": [
        0.2870421245421245,
        0.7827777777777778,
        0.9375,
        0.9807692307692308,
        1.0,
        1.0,
        1.0,
        1.0,
        1.0,
        1.0,
        1.0,
        1.0,
        1.0
    ],
    "val_loss": [
        1.2363212429560149,
        0.8902688897573031,
        0.8569608433888509,
        0.958954182954935,
        0.8516627406844726,
        0.723910281004814,
        0.7858763976165881,
        0.6537159525144559,
        0.7568775769323111,
        0.7622386823909787,
        0.7357609380179873,
        0.8395251692272723,
        0.9492971715875543
    ],
    "val_acc": [
        0.38461538461538464,
        0.6923076923076923,
        0.6153846153846154,
        0.5384615384615384,
        0.6923076923076923,
        0.7692307692307693,
        0.7692307692307693,
        0.7692307692307693,
        0.7692307692307693,
        0.7692307692307693,
        0.6923076923076923,
        0.7692307692307693,
        0.6923076923076923
    ],
    "val_recall": [
        0.375,
        0.625,
        0.5625,
        0.5,
        0.625,
        0.7083333333333334,
        0.7083333333333334,
        0.7291666666666666,
        0.7083333333333334,
        0.7083333333333334,
        0.6458333333333334,
        0.7083333333333334,
        0.6458333333333334
    ],
    "val_f1": [
        0.2722222222222222,
        0.575,
        0.5079365079365079,
        0.45138888888888884,
        0.5833333333333333,
        0.7,
        0.7,
        0.7321428571428572,
        0.7,
        0.7,
        0.6476190476190476,
        0.7,
        0.6476190476190475
    ],
    "val_prec": [
        0.23125,
        0.5416666666666666,
        0.5,
        0.4916666666666667,
        0.5625,
        0.7083333333333333,
        0.7083333333333333,
        0.75,
        0.7083333333333333,
        0.7083333333333333,
        0.6666666666666666,
        0.7083333333333333,
        0.6875
    ],
    "final_test": {
        "loss": 1.1727985464657347,
        "acc": 0.5666666666666667,
        "recall": 0.5669642857142858,
        "f1": 0.5759049773755657,
        "prec": 0.685042735042735
    }
}