{
    "train_loss": [
        1.4138260717485465,
        1.0487602288816489,
        0.5896971276869961,
        0.2312030939056593,
        0.14646382432650118,
        0.05131119591932671,
        0.026432177891918256,
        0.02055571661056841,
        0.014851997688631801,
        0.011631232394161178,
        0.008563275307453438,
        0.007497140169874125,
        0.00663902607801206,
        0.0054842529352754354,
        0.0043046695257847505,
        0.003678604325863953,
        0.0035478521946488936,
        0.0030626876361887247,
        0.002871011792426454,
        0.0029348898450752684,
        0.0024445885758134812
    ],
    "train_acc": [
        0.3137254901960784,
        0.7254901960784313,
        0.9215686274509803,
        1.0,
        0.9607843137254902,
        1.0,
        1.0,
        1.0,
        1.0,
        1.0,
        1.0,
        1.0,
        1.0,
        1.0,
        1.0,
        1.0,
        1.0,
        1.0,
        1.0,
        1.0,
        1.0
    ],
    "train_recall": [
        0.29716117216117216,
        0.7083333333333334,
        0.9166666666666666,
        1.0,
        0.9583333333333333,
        1.0,
        1.0,
        1.0,
        1.0,
        1.0,
        1.0,
        1.0,
        1.0,
        1.0,
        1.0,
        1.0,
        1.0,
        1.0,
        1.0,
        1.0,
        1.0
    ],
    "train_f1": [
        0.27190585454039773,
        0.6980056980056981,
        0.9221661490683231,
        1.0,
        0.9583333333333333,
        1.0,
        1.0,
        1.0,
        1.0,
        1.0,
        1.0,
        1.0,
        1.0,
        1.0,
        1.0,
        1.0,
        1.0,
        1.0,
        1.0,
        1.0,
        1.0
    ],
    "train_prec": [
        0.35700757575757575,
        0.7888095238095238,
        0.9444444444444444,
        1.0,
        0.9583333333333333,
        1.0,
        1.0,
        1.0,
        1.0,
        1.0,
        1.0,
        1.0,
        1.0,
        1.0,
        1.0,
        1.0,
        1.0,
        1.0,
        1.0,
        1.0,
        1.0
    ],
    "val_loss": [
        1.3161104917526245,
        1.0574105106867278,
        0.6556322609002774,
        0.5702571582335693,
        0.46165212229467356,
        0.42712325817690444,
        0.2215626874508766,
        0.45437552959013444,
        0.2010654039824238,
        0.20082091350251666,
        0.5540416195558814,
        0.401240530782021,
        0.42504578803737575,
        0.23637682011422628,
        0.18979747351617193,
        0.1273793974497284,
        0.23824740897935742,
        0.4308045224214976,
        0.48626343273701,
        0.28508429644772637,
        0.6918548115958961
    ],
    "val_acc": [
        0.6153846153846154,
        0.6153846153846154,
        0.9230769230769231,
        0.8461538461538461,
        0.8461538461538461,
        0.8461538461538461,
        0.9230769230769231,
        0.8461538461538461,
        0.9230769230769231,
        0.9230769230769231,
        0.8461538461538461,
        0.8461538461538461,
        0.8461538461538461,
        0.9230769230769231,
        0.9230769230769231,
        0.9230769230769231,
        0.8461538461538461,
        0.8461538461538461,
        0.8461538461538461,
        0.9230769230769231,
        0.8461538461538461
    ],
    "val_recall": [
        0.6875,
        0.6875,
        0.9375,
        0.875,
        0.875,
        0.875,
        0.9375,
        0.875,
        0.9375,
        0.9375,
        0.875,
        0.875,
        0.875,
        0.9375,
        0.9375,
        0.9375,
        0.875,
        0.875,
        0.875,
        0.9375,
        0.875
    ],
    "val_f1": [
        0.5446428571428571,
        0.625,
        0.9142857142857144,
        0.8333333333333333,
        0.8333333333333333,
        0.8333333333333333,
        0.9142857142857144,
        0.8333333333333333,
        0.9142857142857144,
        0.9142857142857144,
        0.8333333333333333,
        0.8333333333333333,
        0.8333333333333333,
        0.9142857142857144,
        0.9142857142857144,
        0.9142857142857144,
        0.8333333333333333,
        0.8333333333333333,
        0.8333333333333333,
        0.9142857142857144,
        0.8333333333333333
    ],
    "val_prec": [
        0.5,
        0.7083333333333333,
        0.9166666666666666,
        0.875,
        0.875,
        0.875,
        0.9166666666666666,
        0.875,
        0.9166666666666666,
        0.9166666666666666,
        0.875,
        0.875,
        0.875,
        0.9166666666666666,
        0.9166666666666666,
        0.9166666666666666,
        0.875,
        0.875,
        0.875,
        0.9166666666666666,
        0.875
    ],
    "final_test": {
        "loss": 2.345311995455995,
        "acc": 0.4,
        "recall": 0.40625,
        "f1": 0.4075187969924812,
        "prec": 0.4342532467532467
    }
}