{
    "train_loss": [
        1.3487482164420335,
        1.0253074566523235,
        0.7683035643661723,
        0.4681331256002772,
        0.25162918887594166,
        0.11608314192762562,
        0.04686396159962112,
        0.024961237384773353,
        0.018665831052132098,
        0.014551146512887641,
        0.011727621587102903,
        0.008380975122289622,
        0.007454121537853544,
        0.0056828915178045334,
        0.005390302127446322,
        0.005288527630196482,
        0.0041889564942239835,
        0.0035733920430728035,
        0.002934466709620228,
        0.0028296028624526133,
        0.0030095724117321274
    ],
    "train_acc": [
        0.4117647058823529,
        0.5490196078431373,
        0.6862745098039216,
        0.8627450980392157,
        0.9607843137254902,
        1.0,
        1.0,
        1.0,
        1.0,
        1.0,
        1.0,
        1.0,
        1.0,
        1.0,
        1.0,
        1.0,
        1.0,
        1.0,
        1.0,
        1.0,
        1.0
    ],
    "train_recall": [
        0.4249084249084249,
        0.5327380952380952,
        0.6861263736263736,
        0.863095238095238,
        0.9613095238095238,
        1.0,
        1.0,
        1.0,
        1.0,
        1.0,
        1.0,
        1.0,
        1.0,
        1.0,
        1.0,
        1.0,
        1.0,
        1.0,
        1.0,
        1.0,
        1.0
    ],
    "train_f1": [
        0.3526229977116705,
        0.4858585858585858,
        0.6628130154445944,
        0.8637997469519209,
        0.9613095238095238,
        1.0,
        1.0,
        1.0,
        1.0,
        1.0,
        1.0,
        1.0,
        1.0,
        1.0,
        1.0,
        1.0,
        1.0,
        1.0,
        1.0,
        1.0,
        1.0
    ],
    "train_prec": [
        0.4108391608391609,
        0.5678030303030303,
        0.669327731092437,
        0.8660714285714286,
        0.9613095238095238,
        1.0,
        1.0,
        1.0,
        1.0,
        1.0,
        1.0,
        1.0,
        1.0,
        1.0,
        1.0,
        1.0,
        1.0,
        1.0,
        1.0,
        1.0,
        1.0
    ],
    "val_loss": [
        1.2329500867770269,
        0.8417929135836087,
        0.8331879812937516,
        0.9547874107956886,
        0.1998670224386912,
        0.1307149572441211,
        0.12497367767187265,
        0.06172098441479298,
        0.14588386809023526,
        0.05998494422349792,
        0.03883264443049064,
        0.037455829755904585,
        0.059150186009131946,
        0.0632803258844293,
        0.02229866052332979,
        0.013043937577794377,
        0.042683603743521065,
        0.01549461161574492,
        0.023670891675954826,
        0.06622153683565557,
        0.027606878232640717
    ],
    "val_acc": [
        0.23076923076923078,
        0.8461538461538461,
        0.6923076923076923,
        0.6153846153846154,
        1.0,
        1.0,
        1.0,
        1.0,
        1.0,
        1.0,
        1.0,
        1.0,
        1.0,
        1.0,
        1.0,
        1.0,
        1.0,
        1.0,
        1.0,
        1.0,
        1.0
    ],
    "val_recall": [
        0.25,
        0.75,
        0.5833333333333333,
        0.5625,
        1.0,
        1.0,
        1.0,
        1.0,
        1.0,
        1.0,
        1.0,
        1.0,
        1.0,
        1.0,
        1.0,
        1.0,
        1.0,
        1.0,
        1.0,
        1.0,
        1.0
    ],
    "val_f1": [
        0.125,
        0.7,
        0.5416666666666666,
        0.5128968253968254,
        1.0,
        1.0,
        1.0,
        1.0,
        1.0,
        1.0,
        1.0,
        1.0,
        1.0,
        1.0,
        1.0,
        1.0,
        1.0,
        1.0,
        1.0,
        1.0,
        1.0
    ],
    "val_prec": [
        0.08333333333333333,
        0.6666666666666666,
        0.625,
        0.5,
        1.0,
        1.0,
        1.0,
        1.0,
        1.0,
        1.0,
        1.0,
        1.0,
        1.0,
        1.0,
        1.0,
        1.0,
        1.0,
        1.0,
        1.0,
        1.0,
        1.0
    ],
    "final_test": {
        "loss": 1.2646895884691427,
        "acc": 0.5666666666666667,
        "recall": 0.5625,
        "f1": 0.5613636363636363,
        "prec": 0.5875
    }
}