{
    "train_loss": [
        1.3685037279129029,
        1.0166327214241029,
        0.7124260878562927,
        0.35344012260437013,
        0.16066971868276597,
        0.1004439003765583,
        0.0602321957051754,
        0.0433170473575592,
        0.03537277646362782,
        0.025796514116227628,
        0.02207876157015562,
        0.01754394007846713,
        0.016722163800150156,
        0.01607639480382204,
        0.012406909056007862,
        0.01121325047686696,
        0.009213533969596028,
        0.010669893668964505,
        0.007472210312262178,
        0.007692017108201981,
        0.0071688141860067845,
        0.004815820134244859,
        0.005022879699245095
    ],
    "train_acc": [
        0.28,
        0.8,
        0.88,
        1.0,
        1.0,
        1.0,
        1.0,
        1.0,
        1.0,
        1.0,
        1.0,
        1.0,
        1.0,
        1.0,
        1.0,
        1.0,
        1.0,
        1.0,
        1.0,
        1.0,
        1.0,
        1.0,
        1.0
    ],
    "train_recall": [
        0.25,
        0.7410714285714286,
        0.8660714285714286,
        1.0,
        1.0,
        1.0,
        1.0,
        1.0,
        1.0,
        1.0,
        1.0,
        1.0,
        1.0,
        1.0,
        1.0,
        1.0,
        1.0,
        1.0,
        1.0,
        1.0,
        1.0,
        1.0,
        1.0
    ],
    "train_f1": [
        0.23290598290598288,
        0.7394993894993895,
        0.8785714285714287,
        1.0,
        1.0,
        1.0,
        1.0,
        1.0,
        1.0,
        1.0,
        1.0,
        1.0,
        1.0,
        1.0,
        1.0,
        1.0,
        1.0,
        1.0,
        1.0,
        1.0,
        1.0,
        1.0,
        1.0
    ],
    "train_prec": [
        0.3504901960784314,
        0.8733766233766234,
        0.9017857142857143,
        1.0,
        1.0,
        1.0,
        1.0,
        1.0,
        1.0,
        1.0,
        1.0,
        1.0,
        1.0,
        1.0,
        1.0,
        1.0,
        1.0,
        1.0,
        1.0,
        1.0,
        1.0,
        1.0,
        1.0
    ],
    "val_loss": [
        1.3459962095533098,
        1.268161850316184,
        1.0448767457689558,
        0.6774145066738129,
        0.5337695692266736,
        0.46880232436316355,
        0.43396063468285967,
        0.389203601117645,
        0.34014905776296345,
        0.3440107772392886,
        0.35337192645030363,
        0.3103782728846584,
        0.2904958603903651,
        0.19180835597217083,
        0.24181885671402728,
        0.21748080450509275,
        0.2581111396263753,
        0.17560049212936843,
        0.20741398825443216,
        0.21999066289780395,
        0.22479082757074917,
        0.19976041998182023,
        0.3433695843310228
    ],
    "val_acc": [
        0.42857142857142855,
        0.42857142857142855,
        0.42857142857142855,
        0.5714285714285714,
        1.0,
        1.0,
        1.0,
        1.0,
        1.0,
        1.0,
        1.0,
        1.0,
        1.0,
        1.0,
        1.0,
        1.0,
        1.0,
        1.0,
        1.0,
        1.0,
        1.0,
        1.0,
        0.8571428571428571
    ],
    "val_recall": [
        0.75,
        0.75,
        0.75,
        0.8125,
        1.0,
        1.0,
        1.0,
        1.0,
        1.0,
        1.0,
        1.0,
        1.0,
        1.0,
        1.0,
        1.0,
        1.0,
        1.0,
        1.0,
        1.0,
        1.0,
        1.0,
        1.0,
        0.9375
    ],
    "val_f1": [
        0.5833333333333333,
        0.5833333333333333,
        0.5833333333333333,
        0.7,
        1.0,
        1.0,
        1.0,
        1.0,
        1.0,
        1.0,
        1.0,
        1.0,
        1.0,
        1.0,
        1.0,
        1.0,
        1.0,
        1.0,
        1.0,
        1.0,
        1.0,
        1.0,
        0.8809523809523809
    ],
    "val_prec": [
        0.55,
        0.55,
        0.55,
        0.8125,
        1.0,
        1.0,
        1.0,
        1.0,
        1.0,
        1.0,
        1.0,
        1.0,
        1.0,
        1.0,
        1.0,
        1.0,
        1.0,
        1.0,
        1.0,
        1.0,
        1.0,
        1.0,
        0.875
    ],
    "final_test": {
        "loss": 0.1839841263135895,
        "acc": 1.0,
        "recall": 1.0,
        "f1": 1.0,
        "prec": 1.0
    }
}