{
    "train_loss": [
        1.3425197911262512,
        0.9233376860618592,
        0.5721899211406708,
        0.36223321318626406,
        0.196422475874424,
        0.10648948341608047,
        0.06960439443588257,
        0.051958474069833754,
        0.036252974942326543,
        0.030869455821812154,
        0.025592833533883096,
        0.01916709803044796,
        0.018567481264472007,
        0.014094179607927798,
        0.014307941440492869,
        0.010849018823355436,
        0.012821206264197827,
        0.010227653104811907,
        0.009585694782435894,
        0.006247240556403994,
        0.007141141863539815
    ],
    "train_acc": [
        0.44,
        0.64,
        0.84,
        0.88,
        1.0,
        1.0,
        1.0,
        1.0,
        1.0,
        1.0,
        1.0,
        1.0,
        1.0,
        1.0,
        1.0,
        1.0,
        1.0,
        1.0,
        1.0,
        1.0,
        1.0
    ],
    "train_recall": [
        0.375,
        0.55,
        0.7999999999999999,
        0.85,
        1.0,
        1.0,
        1.0,
        1.0,
        1.0,
        1.0,
        1.0,
        1.0,
        1.0,
        1.0,
        1.0,
        1.0,
        1.0,
        1.0,
        1.0,
        1.0,
        1.0
    ],
    "train_f1": [
        0.2702020202020202,
        0.4833333333333333,
        0.808939014202172,
        0.8652777777777778,
        1.0,
        1.0,
        1.0,
        1.0,
        1.0,
        1.0,
        1.0,
        1.0,
        1.0,
        1.0,
        1.0,
        1.0,
        1.0,
        1.0,
        1.0,
        1.0,
        1.0
    ],
    "train_prec": [
        0.21666666666666667,
        0.59375,
        0.9005681818181819,
        0.91875,
        1.0,
        1.0,
        1.0,
        1.0,
        1.0,
        1.0,
        1.0,
        1.0,
        1.0,
        1.0,
        1.0,
        1.0,
        1.0,
        1.0,
        1.0,
        1.0,
        1.0
    ],
    "val_loss": [
        1.378008587019784,
        1.0304424592426844,
        0.5941011607646942,
        0.5306269909654345,
        0.6573417165449688,
        0.24951773030417307,
        0.27914866485766004,
        0.2842563103352274,
        0.24727609860045568,
        0.1519915269953864,
        0.31766209192574024,
        0.16138035298458167,
        0.37842888039137634,
        0.35420334126268116,
        0.11197472949113164,
        0.09482604438172919,
        0.15484546284590447,
        0.13857212037380254,
        0.17804680139358556,
        0.38127001162086216,
        0.2569020109783326
    ],
    "val_acc": [
        0.14285714285714285,
        0.7142857142857143,
        0.8571428571428571,
        0.8571428571428571,
        0.7142857142857143,
        0.8571428571428571,
        0.8571428571428571,
        0.8571428571428571,
        0.8571428571428571,
        1.0,
        0.8571428571428571,
        0.8571428571428571,
        0.8571428571428571,
        0.8571428571428571,
        1.0,
        1.0,
        0.8571428571428571,
        0.8571428571428571,
        0.8571428571428571,
        0.8571428571428571,
        0.8571428571428571
    ],
    "val_recall": [
        0.25,
        0.5833333333333334,
        0.8888888888888888,
        0.8888888888888888,
        0.5833333333333334,
        0.8888888888888888,
        0.8888888888888888,
        0.8888888888888888,
        0.8888888888888888,
        1.0,
        0.8888888888888888,
        0.8888888888888888,
        0.8888888888888888,
        0.8888888888888888,
        1.0,
        1.0,
        0.8888888888888888,
        0.8888888888888888,
        0.8888888888888888,
        0.8888888888888888,
        0.8888888888888888
    ],
    "val_f1": [
        0.25,
        0.5416666666666666,
        0.8222222222222223,
        0.8222222222222223,
        0.5416666666666666,
        0.8222222222222223,
        0.8222222222222223,
        0.8222222222222223,
        0.8222222222222223,
        1.0,
        0.8222222222222223,
        0.8222222222222223,
        0.8222222222222223,
        0.8222222222222223,
        1.0,
        1.0,
        0.8222222222222223,
        0.8222222222222223,
        0.8222222222222223,
        0.8222222222222223,
        0.8222222222222223
    ],
    "val_prec": [
        0.25,
        0.625,
        0.8333333333333334,
        0.8333333333333334,
        0.625,
        0.8333333333333334,
        0.8333333333333334,
        0.8333333333333334,
        0.8333333333333334,
        1.0,
        0.8333333333333334,
        0.8333333333333334,
        0.8333333333333334,
        0.8333333333333334,
        1.0,
        1.0,
        0.8333333333333334,
        0.8333333333333334,
        0.8333333333333334,
        0.8333333333333334,
        0.8333333333333334
    ],
    "final_test": {
        "loss": 0.05404080147854984,
        "acc": 1.0,
        "recall": 1.0,
        "f1": 1.0,
        "prec": 1.0
    }
}