{
    "train_loss": [
        1.3890750694274903,
        0.9887715148925781,
        0.5902108079195023,
        0.2839628604054451,
        0.1337231369316578,
        0.08316949173808098,
        0.054466017186641694,
        0.0426728455722332,
        0.03159709125757217,
        0.023673649616539477,
        0.020526643581688403,
        0.019538344889879225,
        0.01565143544226885,
        0.013340497445315123,
        0.012506520450115204,
        0.009380007423460483,
        0.007776607107371092,
        0.008415858000516892,
        0.007231721412390471,
        0.0072011597454547886,
        0.005842715678736568,
        0.0056786352209746834,
        0.004767835233360529,
        0.004205004004761577,
        0.004632233083248139,
        0.0026231459993869065,
        0.0034194709546864033,
        0.0025370668480172755
    ],
    "train_acc": [
        0.36,
        0.8,
        1.0,
        0.96,
        1.0,
        1.0,
        1.0,
        1.0,
        1.0,
        1.0,
        1.0,
        1.0,
        1.0,
        1.0,
        1.0,
        1.0,
        1.0,
        1.0,
        1.0,
        1.0,
        1.0,
        1.0,
        1.0,
        1.0,
        1.0,
        1.0,
        1.0,
        1.0
    ],
    "train_recall": [
        0.3333333333333333,
        0.7833333333333334,
        1.0,
        0.9583333333333334,
        1.0,
        1.0,
        1.0,
        1.0,
        1.0,
        1.0,
        1.0,
        1.0,
        1.0,
        1.0,
        1.0,
        1.0,
        1.0,
        1.0,
        1.0,
        1.0,
        1.0,
        1.0,
        1.0,
        1.0,
        1.0,
        1.0,
        1.0,
        1.0
    ],
    "train_f1": [
        0.26805555555555555,
        0.7669934640522875,
        1.0,
        0.9545454545454546,
        1.0,
        1.0,
        1.0,
        1.0,
        1.0,
        1.0,
        1.0,
        1.0,
        1.0,
        1.0,
        1.0,
        1.0,
        1.0,
        1.0,
        1.0,
        1.0,
        1.0,
        1.0,
        1.0,
        1.0,
        1.0,
        1.0,
        1.0,
        1.0
    ],
    "train_prec": [
        0.2903846153846154,
        0.7916666666666667,
        1.0,
        0.9583333333333334,
        1.0,
        1.0,
        1.0,
        1.0,
        1.0,
        1.0,
        1.0,
        1.0,
        1.0,
        1.0,
        1.0,
        1.0,
        1.0,
        1.0,
        1.0,
        1.0,
        1.0,
        1.0,
        1.0,
        1.0,
        1.0,
        1.0,
        1.0,
        1.0
    ],
    "val_loss": [
        1.275019986288888,
        1.0855623653956823,
        0.8182730461869921,
        0.6266377206359591,
        0.3664926162787846,
        0.41262890824249815,
        0.2269790768623352,
        0.20146522670984268,
        0.23731023605380738,
        0.11094352762613978,
        0.18798387689249857,
        0.0973830558359623,
        0.11275918089917727,
        0.11755683219858579,
        0.08821487320320946,
        0.09038246955190386,
        0.12330797793609756,
        0.07346726980592523,
        0.0827544020222766,
        0.1578747763165406,
        0.15489644504019193,
        0.07161145471036434,
        0.06452212429472379,
        0.10717738313334328,
        0.08150435119335141,
        0.06712390535644122,
        0.066385871996837,
        0.14786405715027026
    ],
    "val_acc": [
        0.42857142857142855,
        0.7142857142857143,
        0.8571428571428571,
        0.8571428571428571,
        1.0,
        0.8571428571428571,
        1.0,
        1.0,
        1.0,
        1.0,
        1.0,
        1.0,
        1.0,
        1.0,
        1.0,
        1.0,
        1.0,
        1.0,
        1.0,
        1.0,
        1.0,
        1.0,
        1.0,
        1.0,
        1.0,
        1.0,
        1.0,
        1.0
    ],
    "val_recall": [
        0.625,
        0.75,
        0.9166666666666666,
        0.9166666666666666,
        1.0,
        0.9166666666666666,
        1.0,
        1.0,
        1.0,
        1.0,
        1.0,
        1.0,
        1.0,
        1.0,
        1.0,
        1.0,
        1.0,
        1.0,
        1.0,
        1.0,
        1.0,
        1.0,
        1.0,
        1.0,
        1.0,
        1.0,
        1.0,
        1.0
    ],
    "val_f1": [
        0.475,
        0.6875,
        0.8999999999999999,
        0.8666666666666667,
        1.0,
        0.8666666666666667,
        1.0,
        1.0,
        1.0,
        1.0,
        1.0,
        1.0,
        1.0,
        1.0,
        1.0,
        1.0,
        1.0,
        1.0,
        1.0,
        1.0,
        1.0,
        1.0,
        1.0,
        1.0,
        1.0,
        1.0,
        1.0,
        1.0
    ],
    "val_prec": [
        0.4375,
        0.65,
        0.9166666666666666,
        0.875,
        1.0,
        0.875,
        1.0,
        1.0,
        1.0,
        1.0,
        1.0,
        1.0,
        1.0,
        1.0,
        1.0,
        1.0,
        1.0,
        1.0,
        1.0,
        1.0,
        1.0,
        1.0,
        1.0,
        1.0,
        1.0,
        1.0,
        1.0,
        1.0
    ],
    "final_test": {
        "loss": 0.050311027094721794,
        "acc": 1.0,
        "recall": 1.0,
        "f1": 1.0,
        "prec": 1.0
    }
}