{
    "train_loss": [
        1.328339297397464,
        0.9648071708632451,
        0.561697300888744,
        0.39114662858785365,
        0.13685033623786533,
        0.07179861842636384,
        0.03368007252905883,
        0.020870804229714705,
        0.016037863049217883,
        0.013169821954387076,
        0.012589491410728763,
        0.009182754794464391,
        0.007566733059802037,
        0.006670977105386555,
        0.0060880885336219385
    ],
    "train_acc": [
        0.37254901960784315,
        0.7254901960784313,
        0.8823529411764706,
        0.8823529411764706,
        0.9803921568627451,
        0.9803921568627451,
        1.0,
        1.0,
        1.0,
        1.0,
        1.0,
        1.0,
        1.0,
        1.0,
        1.0
    ],
    "train_recall": [
        0.3392857142857143,
        0.6970238095238095,
        0.8642857142857143,
        0.8654761904761905,
        0.975,
        0.975,
        1.0,
        1.0,
        1.0,
        1.0,
        1.0,
        1.0,
        1.0,
        1.0,
        1.0
    ],
    "train_f1": [
        0.3008832565284178,
        0.6821280253774532,
        0.869281045751634,
        0.8730936819172113,
        0.9787775891341256,
        0.9787775891341256,
        1.0,
        1.0,
        1.0,
        1.0,
        1.0,
        1.0,
        1.0,
        1.0,
        1.0
    ],
    "train_prec": [
        0.284640522875817,
        0.7560990338164252,
        0.8924233661075767,
        0.8984962406015038,
        0.984375,
        0.984375,
        1.0,
        1.0,
        1.0,
        1.0,
        1.0,
        1.0,
        1.0,
        1.0,
        1.0
    ],
    "val_loss": [
        1.1684948205947876,
        0.9257628550896277,
        0.7971139641908499,
        0.6186661072648488,
        0.5601721845853788,
        0.5089669187481587,
        0.6087072149205667,
        0.4169333652378275,
        0.41541833305158293,
        0.3924267583956512,
        0.657017752671471,
        0.51793201532788,
        0.5609120780673738,
        0.504175030787547,
        0.5477986784759336
    ],
    "val_acc": [
        0.7692307692307693,
        0.6923076923076923,
        0.6923076923076923,
        0.7692307692307693,
        0.8461538461538461,
        0.9230769230769231,
        0.7692307692307693,
        0.9230769230769231,
        0.9230769230769231,
        0.9230769230769231,
        0.7692307692307693,
        0.8461538461538461,
        0.8461538461538461,
        0.8461538461538461,
        0.8461538461538461
    ],
    "val_recall": [
        0.7083333333333334,
        0.6666666666666666,
        0.8333333333333333,
        0.5833333333333334,
        0.9166666666666666,
        0.9583333333333334,
        0.7083333333333334,
        0.9583333333333334,
        0.9583333333333334,
        0.9583333333333334,
        0.7083333333333334,
        0.8333333333333334,
        0.8333333333333334,
        0.8333333333333334,
        0.8333333333333334
    ],
    "val_f1": [
        0.6645299145299145,
        0.5833333333333333,
        0.6805555555555555,
        0.5811965811965811,
        0.8722222222222222,
        0.9494949494949495,
        0.6645299145299145,
        0.9494949494949495,
        0.9494949494949495,
        0.9494949494949495,
        0.6645299145299145,
        0.8472222222222222,
        0.8472222222222222,
        0.8472222222222222,
        0.8472222222222222
    ],
    "val_prec": [
        0.6285714285714286,
        0.5416666666666666,
        0.7,
        0.6285714285714286,
        0.8666666666666666,
        0.95,
        0.6285714285714286,
        0.95,
        0.95,
        0.95,
        0.6285714285714286,
        0.9083333333333333,
        0.9083333333333333,
        0.9083333333333333,
        0.9083333333333333
    ],
    "final_test": {
        "loss": 2.0391324784917138,
        "acc": 0.43333333333333335,
        "recall": 0.44642857142857145,
        "f1": 0.44047619047619047,
        "prec": 0.6964285714285714
    }
}