{
    "train_loss": [
        1.355234811119005,
        1.0434224944488675,
        0.543530130795404,
        0.2303213601311048,
        0.09895405494699291,
        0.04965991966937687,
        0.028826281629210592,
        0.01910809739766752,
        0.015787819838699174
    ],
    "train_acc": [
        0.39215686274509803,
        0.7254901960784313,
        0.9215686274509803,
        0.9607843137254902,
        1.0,
        1.0,
        1.0,
        1.0,
        1.0
    ],
    "train_recall": [
        0.3876123876123876,
        0.723026973026973,
        0.9258241758241759,
        0.9615384615384616,
        1.0,
        1.0,
        1.0,
        1.0,
        1.0
    ],
    "train_f1": [
        0.3916123642439432,
        0.7210144927536232,
        0.921474358974359,
        0.959676411794103,
        1.0,
        1.0,
        1.0,
        1.0,
        1.0
    ],
    "train_prec": [
        0.4345238095238095,
        0.7333333333333333,
        0.9230769230769231,
        0.9624999999999999,
        1.0,
        1.0,
        1.0,
        1.0,
        1.0
    ],
    "val_loss": [
        1.2843426420138433,
        0.8755970803590921,
        0.46328520201719725,
        0.40333667340186924,
        0.7980036331483951,
        0.6688129486372838,
        0.5822714720494472,
        0.4426025672314259,
        0.9754776422364207
    ],
    "val_acc": [
        0.46153846153846156,
        0.7692307692307693,
        0.9230769230769231,
        0.9230769230769231,
        0.6923076923076923,
        0.6923076923076923,
        0.6923076923076923,
        0.7692307692307693,
        0.6153846153846154
    ],
    "val_recall": [
        0.5,
        0.6666666666666666,
        0.9166666666666666,
        0.875,
        0.725,
        0.725,
        0.6916666666666667,
        0.7416666666666667,
        0.6
    ],
    "val_f1": [
        0.32386363636363635,
        0.6201298701298701,
        0.8999999999999999,
        0.8809523809523809,
        0.6904761904761904,
        0.6904761904761904,
        0.6666666666666666,
        0.7281746031746031,
        0.4970238095238095
    ],
    "val_prec": [
        0.24375,
        0.5833333333333334,
        0.9166666666666666,
        0.9375,
        0.8125,
        0.8125,
        0.6916666666666667,
        0.7291666666666666,
        0.525
    ],
    "final_test": {
        "loss": 0.9980386768778166,
        "acc": 0.6,
        "recall": 0.5982142857142858,
        "f1": 0.5952380952380952,
        "prec": 0.6035714285714286
    }
}