{
    "train_loss": [
        1.4191517514341019,
        1.0504019608100255,
        0.5948694435989156,
        0.29966144168785974,
        0.22857109793260985,
        0.06751314698554137,
        0.03994447773541598,
        0.02362380752011257,
        0.015794450435422214,
        0.012592198847628692,
        0.01074336105775015,
        0.008328676146144668,
        0.006573315294386417,
        0.006301599522760394
    ],
    "train_acc": [
        0.2549019607843137,
        0.6274509803921569,
        0.8823529411764706,
        0.9803921568627451,
        0.9607843137254902,
        1.0,
        1.0,
        1.0,
        1.0,
        1.0,
        1.0,
        1.0,
        1.0,
        1.0
    ],
    "train_recall": [
        0.2399891774891775,
        0.600108225108225,
        0.8752705627705628,
        0.9821428571428572,
        0.9583333333333334,
        1.0,
        1.0,
        1.0,
        1.0,
        1.0,
        1.0,
        1.0,
        1.0,
        1.0
    ],
    "train_f1": [
        0.19784407665505227,
        0.5604895104895105,
        0.8785157337788917,
        0.9807407407407407,
        0.9606060606060606,
        1.0,
        1.0,
        1.0,
        1.0,
        1.0,
        1.0,
        1.0,
        1.0,
        1.0
    ],
    "train_prec": [
        0.20509259259259258,
        0.6025610902255638,
        0.8976190476190476,
        0.9807692307692308,
        0.96875,
        1.0,
        1.0,
        1.0,
        1.0,
        1.0,
        1.0,
        1.0,
        1.0,
        1.0
    ],
    "val_loss": [
        1.3965004224043627,
        1.004772955408463,
        0.753615201665805,
        1.1294577350983253,
        0.5996589429963094,
        0.40253425403856313,
        0.37431555348806655,
        0.5096964058108054,
        0.1402292661727048,
        0.7732903875697118,
        0.30663081641810447,
        0.17300379878053299,
        0.8032536810049071,
        0.36970664460498553
    ],
    "val_acc": [
        0.23076923076923078,
        0.6153846153846154,
        0.6923076923076923,
        0.6153846153846154,
        0.6923076923076923,
        0.9230769230769231,
        0.9230769230769231,
        0.8461538461538461,
        1.0,
        0.6923076923076923,
        0.9230769230769231,
        0.9230769230769231,
        0.6923076923076923,
        0.7692307692307693
    ],
    "val_recall": [
        0.375,
        0.75,
        0.7875,
        0.7,
        0.7875,
        0.9375,
        0.9375,
        0.875,
        1.0,
        0.7625,
        0.9375,
        0.9375,
        0.7625,
        0.825
    ],
    "val_f1": [
        0.23809523809523808,
        0.5595238095238095,
        0.7,
        0.5833333333333333,
        0.6904761904761905,
        0.9142857142857143,
        0.9142857142857143,
        0.8333333333333333,
        1.0,
        0.6972222222222222,
        0.9142857142857143,
        0.9142857142857143,
        0.6972222222222222,
        0.7817460317460317
    ],
    "val_prec": [
        0.2916666666666667,
        0.475,
        0.7666666666666666,
        0.5714285714285714,
        0.75,
        0.9166666666666666,
        0.9166666666666666,
        0.875,
        1.0,
        0.8333333333333333,
        0.9166666666666666,
        0.9166666666666666,
        0.8333333333333333,
        0.85
    ],
    "final_test": {
        "loss": 1.5459921579807996,
        "acc": 0.5,
        "recall": 0.5,
        "f1": 0.4287280701754386,
        "prec": 0.5721153846153846
    }
}