{
    "train_loss": [
        1.4407947402374417,
        1.144156653507083,
        0.6543218581115499,
        0.2990751585685739,
        0.21696206090935305,
        0.07702848738899418,
        0.058194580761825335,
        0.03737403934492784,
        0.020971842265377443,
        0.01858765834613758,
        0.013665063717566869,
        0.012236167987187704,
        0.00917312931086795
    ],
    "train_acc": [
        0.35294117647058826,
        0.7450980392156863,
        0.9019607843137255,
        0.9607843137254902,
        0.9607843137254902,
        1.0,
        1.0,
        1.0,
        1.0,
        1.0,
        1.0,
        1.0,
        1.0
    ],
    "train_recall": [
        0.3557692307692307,
        0.7006410256410256,
        0.8865384615384615,
        0.95,
        0.9557692307692308,
        1.0,
        1.0,
        1.0,
        1.0,
        1.0,
        1.0,
        1.0,
        1.0
    ],
    "train_f1": [
        0.3547894125557797,
        0.6528138528138528,
        0.8953773024361259,
        0.9565972222222222,
        0.9612171052631578,
        1.0,
        1.0,
        1.0,
        1.0,
        1.0,
        1.0,
        1.0,
        1.0
    ],
    "train_prec": [
        0.4270833333333333,
        0.8022875816993463,
        0.9226190476190477,
        0.9705882352941176,
        0.9705882352941176,
        1.0,
        1.0,
        1.0,
        1.0,
        1.0,
        1.0,
        1.0,
        1.0
    ],
    "val_loss": [
        1.3628124640538142,
        1.2667341690797072,
        1.0341075567098765,
        0.6431948869274213,
        0.4147238868933458,
        0.437969335856346,
        0.47515935078263283,
        0.3684528938566263,
        0.42888670314389926,
        0.5402522112887639,
        0.4255892627227765,
        0.5457395848173362,
        0.4092874163045333
    ],
    "val_acc": [
        0.5384615384615384,
        0.46153846153846156,
        0.5384615384615384,
        0.7692307692307693,
        0.9230769230769231,
        0.8461538461538461,
        0.8461538461538461,
        0.8461538461538461,
        0.8461538461538461,
        0.7692307692307693,
        0.8461538461538461,
        0.7692307692307693,
        0.8461538461538461
    ],
    "val_recall": [
        0.7083333333333334,
        0.6666666666666666,
        0.75,
        0.8333333333333333,
        0.9583333333333334,
        0.9166666666666666,
        0.9166666666666666,
        0.9166666666666666,
        0.9166666666666666,
        0.875,
        0.9166666666666666,
        0.875,
        0.9166666666666666
    ],
    "val_f1": [
        0.5464285714285715,
        0.45000000000000007,
        0.5208333333333333,
        0.8166666666666667,
        0.9415584415584416,
        0.8309523809523809,
        0.8309523809523809,
        0.8309523809523809,
        0.825,
        0.7708333333333333,
        0.8309523809523809,
        0.7559523809523809,
        0.825
    ],
    "val_prec": [
        0.6904761904761905,
        0.41964285714285715,
        0.44999999999999996,
        0.875,
        0.9375,
        0.8125,
        0.8125,
        0.8125,
        0.8333333333333334,
        0.775,
        0.8125,
        0.7708333333333334,
        0.8333333333333334
    ],
    "final_test": {
        "loss": 0.7586969157059987,
        "acc": 0.7333333333333333,
        "recall": 0.7410714285714286,
        "f1": 0.7175602175602175,
        "prec": 0.7924242424242425
    }
}