{
    "train_loss": [
        1.3333947354672002,
        0.8931212454449897,
        0.3386244709585227,
        0.13284622629483542,
        0.06218289646009604,
        0.03327456697383348,
        0.021415339070646203,
        0.013380142467498196,
        0.01239689996502563,
        0.009016807679561716,
        0.007180180081038498
    ],
    "train_acc": [
        0.45098039215686275,
        0.7843137254901961,
        0.9803921568627451,
        1.0,
        1.0,
        1.0,
        1.0,
        1.0,
        1.0,
        1.0,
        1.0
    ],
    "train_recall": [
        0.4391025641025641,
        0.7788461538461539,
        0.9821428571428572,
        1.0,
        1.0,
        1.0,
        1.0,
        1.0,
        1.0,
        1.0,
        1.0
    ],
    "train_f1": [
        0.38476378693769997,
        0.7665946390903946,
        0.9814814814814814,
        1.0,
        1.0,
        1.0,
        1.0,
        1.0,
        1.0,
        1.0,
        1.0
    ],
    "train_prec": [
        0.420770202020202,
        0.8131526733500417,
        0.9821428571428572,
        1.0,
        1.0,
        1.0,
        1.0,
        1.0,
        1.0,
        1.0,
        1.0
    ],
    "val_loss": [
        1.180972227683434,
        0.871883328144367,
        0.7177550391508982,
        0.42394424545077175,
        0.6905966624617577,
        0.3958766476179545,
        0.7072566508387144,
        0.5401780747880156,
        0.4984631079177444,
        0.6917534033552959,
        0.5887461789668753
    ],
    "val_acc": [
        0.6153846153846154,
        0.6923076923076923,
        0.7692307692307693,
        0.9230769230769231,
        0.7692307692307693,
        0.9230769230769231,
        0.7692307692307693,
        0.8461538461538461,
        0.8461538461538461,
        0.7692307692307693,
        0.8461538461538461
    ],
    "val_recall": [
        0.6666666666666666,
        0.6875,
        0.8125,
        0.9375,
        0.8125,
        0.9375,
        0.8125,
        0.875,
        0.875,
        0.8125,
        0.875
    ],
    "val_f1": [
        0.5666666666666667,
        0.6392857142857143,
        0.75,
        0.9142857142857143,
        0.75,
        0.9142857142857143,
        0.75,
        0.8388888888888889,
        0.8388888888888889,
        0.75,
        0.8388888888888889
    ],
    "val_prec": [
        0.5416666666666666,
        0.7291666666666666,
        0.8333333333333333,
        0.9166666666666666,
        0.8333333333333333,
        0.9166666666666666,
        0.8333333333333333,
        0.8666666666666667,
        0.8666666666666667,
        0.8333333333333333,
        0.8666666666666667
    ],
    "final_test": {
        "loss": 1.7567544762045144,
        "acc": 0.4,
        "recall": 0.41964285714285715,
        "f1": 0.38076923076923075,
        "prec": 0.382051282051282
    }
}