{
    "train_loss": [
        1.4491065214661991,
        1.1980797987358243,
        0.7778601897697822,
        0.38191690551591856,
        0.16916341349190356,
        0.07530135489708069,
        0.033440285992315584,
        0.024671372921005182,
        0.015955665842721276,
        0.012940295565617727,
        0.010267771488311244,
        0.007595432047987832,
        0.006129382611891511
    ],
    "train_acc": [
        0.29411764705882354,
        0.5490196078431373,
        0.7647058823529411,
        0.9411764705882353,
        0.9803921568627451,
        1.0,
        1.0,
        1.0,
        1.0,
        1.0,
        1.0,
        1.0,
        1.0
    ],
    "train_recall": [
        0.28706293706293706,
        0.5233100233100233,
        0.7648018648018649,
        0.9388111888111889,
        0.9791666666666666,
        1.0,
        1.0,
        1.0,
        1.0,
        1.0,
        1.0,
        1.0,
        1.0
    ],
    "train_f1": [
        0.25094939161435326,
        0.4932112890922959,
        0.7346743295019158,
        0.9408143939393939,
        0.9798711755233493,
        1.0,
        1.0,
        1.0,
        1.0,
        1.0,
        1.0,
        1.0,
        1.0
    ],
    "train_prec": [
        0.22478070175438597,
        0.5776515151515151,
        0.7754604872251931,
        0.9478609625668449,
        0.9821428571428572,
        1.0,
        1.0,
        1.0,
        1.0,
        1.0,
        1.0,
        1.0,
        1.0
    ],
    "val_loss": [
        1.430337300667396,
        1.0431290314747736,
        0.9058281286404684,
        0.7793600822870548,
        0.7366737866630921,
        0.8508769653450984,
        0.727783342035344,
        0.6636867240214577,
        0.6779564962937281,
        0.7734786129843157,
        0.7502284007720076,
        0.779238242118691,
        0.7314739387410765
    ],
    "val_acc": [
        0.3076923076923077,
        0.6923076923076923,
        0.5384615384615384,
        0.7692307692307693,
        0.8461538461538461,
        0.7692307692307693,
        0.7692307692307693,
        0.8461538461538461,
        0.8461538461538461,
        0.8461538461538461,
        0.8461538461538461,
        0.8461538461538461,
        0.8461538461538461
    ],
    "val_recall": [
        0.4375,
        0.7,
        0.6,
        0.7833333333333333,
        0.8666666666666666,
        0.7833333333333333,
        0.7833333333333333,
        0.8666666666666666,
        0.8666666666666666,
        0.8666666666666666,
        0.8666666666666666,
        0.8666666666666666,
        0.8666666666666666
    ],
    "val_f1": [
        0.2375,
        0.5472222222222223,
        0.4261904761904762,
        0.6944444444444444,
        0.7972222222222223,
        0.6972222222222222,
        0.6944444444444444,
        0.7972222222222223,
        0.7972222222222223,
        0.7972222222222223,
        0.7972222222222223,
        0.7972222222222223,
        0.7972222222222223
    ],
    "val_prec": [
        0.2152777777777778,
        0.49999999999999994,
        0.4666666666666666,
        0.7833333333333333,
        0.8333333333333334,
        0.8125,
        0.7833333333333333,
        0.8333333333333334,
        0.8333333333333334,
        0.8333333333333334,
        0.8333333333333334,
        0.8333333333333334,
        0.8333333333333334
    ],
    "final_test": {
        "loss": 1.8015994467151661,
        "acc": 0.4,
        "recall": 0.40625,
        "f1": 0.39162679425837316,
        "prec": 0.47916666666666663
    }
}