{
    "train_loss": [
        1.379326368079466,
        1.1253858045035718,
        0.5782202996459662,
        0.25886823375727613,
        0.15835840408416355,
        0.1477429699152708,
        0.06195195051202295,
        0.20704105158573857,
        0.03584573689081213,
        0.016890528155308143,
        0.00990463362769315,
        0.009154036768949499,
        0.007218948784558212,
        0.006578026910075078,
        0.005808833717167669
    ],
    "train_acc": [
        0.3137254901960784,
        0.5294117647058824,
        0.9215686274509803,
        0.9607843137254902,
        0.9803921568627451,
        0.9411764705882353,
        1.0,
        0.9607843137254902,
        1.0,
        1.0,
        1.0,
        1.0,
        1.0,
        1.0,
        1.0
    ],
    "train_recall": [
        0.29716117216117216,
        0.5178571428571428,
        0.9196428571428572,
        0.9583333333333334,
        0.9791666666666666,
        0.9375,
        1.0,
        0.962912087912088,
        1.0,
        1.0,
        1.0,
        1.0,
        1.0,
        1.0,
        1.0
    ],
    "train_f1": [
        0.26111111111111107,
        0.44857142857142857,
        0.9216016991504249,
        0.9606060606060607,
        0.9805097451274363,
        0.937391304347826,
        1.0,
        0.962912087912088,
        1.0,
        1.0,
        1.0,
        1.0,
        1.0,
        1.0,
        1.0
    ],
    "train_prec": [
        0.3319444444444445,
        0.405969030969031,
        0.925,
        0.96875,
        0.9833333333333334,
        0.9388111888111889,
        1.0,
        0.962912087912088,
        1.0,
        1.0,
        1.0,
        1.0,
        1.0,
        1.0,
        1.0
    ],
    "val_loss": [
        1.2883334343249981,
        1.0868614591084993,
        0.6992228363568966,
        0.5233587112564307,
        0.6510824311811191,
        0.5609008924892316,
        0.6627577348397329,
        0.4927828253891606,
        0.5246631347645934,
        0.453844323181189,
        0.6117345660996552,
        0.5609105386627982,
        0.5016773613169789,
        0.5297353086419977,
        0.5306102789651889
    ],
    "val_acc": [
        0.3076923076923077,
        0.5384615384615384,
        0.9230769230769231,
        0.9230769230769231,
        0.7692307692307693,
        0.8461538461538461,
        0.7692307692307693,
        0.8461538461538461,
        0.8461538461538461,
        0.8461538461538461,
        0.7692307692307693,
        0.8461538461538461,
        0.8461538461538461,
        0.8461538461538461,
        0.8461538461538461
    ],
    "val_recall": [
        0.3125,
        0.5833333333333333,
        0.9375,
        0.9375,
        0.8125,
        0.875,
        0.8125,
        0.875,
        0.875,
        0.875,
        0.75,
        0.875,
        0.875,
        0.875,
        0.875
    ],
    "val_f1": [
        0.2153846153846154,
        0.5392857142857143,
        0.9285714285714286,
        0.9285714285714286,
        0.7597222222222222,
        0.8541666666666666,
        0.7642857142857142,
        0.8531746031746031,
        0.8666666666666667,
        0.8531746031746031,
        0.7430555555555555,
        0.8531746031746031,
        0.8531746031746031,
        0.8531746031746031,
        0.8531746031746031
    ],
    "val_prec": [
        0.325,
        0.8125,
        0.9375,
        0.9375,
        0.8500000000000001,
        0.9,
        0.8541666666666666,
        0.8875,
        0.9166666666666666,
        0.8875,
        0.8500000000000001,
        0.8875,
        0.8875,
        0.8875,
        0.8875
    ],
    "final_test": {
        "loss": 1.4568553149079284,
        "acc": 0.5666666666666667,
        "recall": 0.5669642857142857,
        "f1": 0.6004784688995215,
        "prec": 0.7045454545454546
    }
}