{
    "train_loss": [
        1.379999516057033,
        1.1771774338740928,
        0.6780042830927699,
        0.3351972566954061,
        0.18239070749019876,
        0.15110025483676615,
        0.04413005331640735,
        0.037797954892191815,
        0.020186698913355085,
        0.019966548957003682,
        0.015094036416734988,
        0.010595002583702844,
        0.008317088626105995
    ],
    "train_acc": [
        0.3137254901960784,
        0.6078431372549019,
        0.803921568627451,
        0.9215686274509803,
        1.0,
        0.9803921568627451,
        1.0,
        1.0,
        1.0,
        1.0,
        1.0,
        1.0,
        1.0
    ],
    "train_recall": [
        0.2939560439560439,
        0.5774725274725274,
        0.7673076923076922,
        0.9071428571428571,
        1.0,
        0.975,
        1.0,
        1.0,
        1.0,
        1.0,
        1.0,
        1.0,
        1.0
    ],
    "train_f1": [
        0.26782407407407405,
        0.5697563306258959,
        0.7546003016591252,
        0.9111111111111111,
        1.0,
        0.9782214156079855,
        1.0,
        1.0,
        1.0,
        1.0,
        1.0,
        1.0,
        1.0
    ],
    "train_prec": [
        0.24849170437405732,
        0.6283333333333334,
        0.8520833333333334,
        0.921875,
        1.0,
        0.9833333333333334,
        1.0,
        1.0,
        1.0,
        1.0,
        1.0,
        1.0,
        1.0
    ],
    "val_loss": [
        1.4112454927884615,
        1.4626489969400258,
        1.1028739993388836,
        1.2481990089783301,
        0.36651878632031953,
        1.0187717369542673,
        0.340764706237958,
        0.16351883113384247,
        0.37334807059512687,
        0.3661575528004995,
        0.24940810151971304,
        0.5392451991971868,
        0.5580928913102701
    ],
    "val_acc": [
        0.15384615384615385,
        0.3076923076923077,
        0.38461538461538464,
        0.46153846153846156,
        1.0,
        0.6153846153846154,
        0.9230769230769231,
        1.0,
        0.8461538461538461,
        0.9230769230769231,
        0.9230769230769231,
        0.8461538461538461,
        0.8461538461538461
    ],
    "val_recall": [
        0.25,
        0.5,
        0.5833333333333334,
        0.6250000000000001,
        1.0,
        0.7499999999999999,
        0.9166666666666666,
        1.0,
        0.875,
        0.9583333333333334,
        0.9166666666666666,
        0.875,
        0.875
    ],
    "val_f1": [
        0.06666666666666667,
        0.3269230769230769,
        0.37896825396825395,
        0.4642857142857143,
        1.0,
        0.6861111111111111,
        0.8999999999999999,
        1.0,
        0.8272727272727272,
        0.9272727272727272,
        0.8999999999999999,
        0.843939393939394,
        0.843939393939394
    ],
    "val_prec": [
        0.038461538461538464,
        0.29545454545454547,
        0.42142857142857143,
        0.6833333333333333,
        1.0,
        0.8214285714285714,
        0.9166666666666666,
        1.0,
        0.8333333333333333,
        0.9166666666666666,
        0.9166666666666666,
        0.875,
        0.875
    ],
    "final_test": {
        "loss": 0.9421475637083252,
        "acc": 0.7,
        "recall": 0.6919642857142857,
        "f1": 0.6915798017771702,
        "prec": 0.721185064935065
    }
}