{
    "train_loss": [
        1.4964673900604248,
        1.4226073217391968,
        1.4302617406845093,
        1.3743720293045043,
        1.1963383483886718,
        1.33300368309021,
        1.3401218891143798,
        0.9972279262542725,
        0.508301448225975,
        0.2198292374610901,
        0.12100347116589547,
        0.07173548594117164,
        0.06467284053564072,
        0.05163440607488155,
        0.037337325103580954,
        0.0339915058016777,
        0.023989704065024854,
        0.02793081123381853,
        0.01998180855065584,
        0.01903860069811344,
        0.016017372123897075,
        0.015550960153341294,
        0.012860817667096854,
        0.01363256549462676,
        0.00839533275924623,
        0.008870222941040992,
        0.009209997365251183,
        0.006821906557306647,
        0.006348612988367677,
        0.006807512026280165,
        0.006300084013491869,
        0.0067303639184683565,
        0.004651036057621241,
        0.005617694454267621,
        0.004561151321977377,
        0.0051930130738765,
        0.003729514726437628,
        0.003934230911545456,
        0.003315430348739028,
        0.0030594537989236414,
        0.0034217913751490416,
        0.0036304097110405565,
        0.0036018779454752804,
        0.002504994983319193,
        0.002828263295814395,
        0.0027229953627102075,
        0.0019635781936813146,
        0.0024550137063488364,
        0.0017323602165561169,
        0.0014893086941447108
    ],
    "train_acc": [
        0.24,
        0.2,
        0.28,
        0.24,
        0.52,
        0.36,
        0.28,
        0.8,
        1.0,
        1.0,
        1.0,
        1.0,
        1.0,
        1.0,
        1.0,
        1.0,
        1.0,
        1.0,
        1.0,
        1.0,
        1.0,
        1.0,
        1.0,
        1.0,
        1.0,
        1.0,
        1.0,
        1.0,
        1.0,
        1.0,
        1.0,
        1.0,
        1.0,
        1.0,
        1.0,
        1.0,
        1.0,
        1.0,
        1.0,
        1.0,
        1.0,
        1.0,
        1.0,
        1.0,
        1.0,
        1.0,
        1.0,
        1.0,
        1.0,
        1.0
    ],
    "train_recall": [
        0.22023809523809523,
        0.20238095238095238,
        0.25595238095238093,
        0.23809523809523808,
        0.5059523809523809,
        0.3630952380952381,
        0.27380952380952384,
        0.7916666666666667,
        1.0,
        1.0,
        1.0,
        1.0,
        1.0,
        1.0,
        1.0,
        1.0,
        1.0,
        1.0,
        1.0,
        1.0,
        1.0,
        1.0,
        1.0,
        1.0,
        1.0,
        1.0,
        1.0,
        1.0,
        1.0,
        1.0,
        1.0,
        1.0,
        1.0,
        1.0,
        1.0,
        1.0,
        1.0,
        1.0,
        1.0,
        1.0,
        1.0,
        1.0,
        1.0,
        1.0,
        1.0,
        1.0,
        1.0,
        1.0,
        1.0,
        1.0
    ],
    "train_f1": [
        0.15865384615384615,
        0.12028985507246376,
        0.15846153846153846,
        0.221078431372549,
        0.47916666666666663,
        0.38574660633484165,
        0.23154477101845522,
        0.7699849170437405,
        1.0,
        1.0,
        1.0,
        1.0,
        1.0,
        1.0,
        1.0,
        1.0,
        1.0,
        1.0,
        1.0,
        1.0,
        1.0,
        1.0,
        1.0,
        1.0,
        1.0,
        1.0,
        1.0,
        1.0,
        1.0,
        1.0,
        1.0,
        1.0,
        1.0,
        1.0,
        1.0,
        1.0,
        1.0,
        1.0,
        1.0,
        1.0,
        1.0,
        1.0,
        1.0,
        1.0,
        1.0,
        1.0,
        1.0,
        1.0,
        1.0,
        1.0
    ],
    "train_prec": [
        0.1907894736842105,
        0.0900735294117647,
        0.11904761904761904,
        0.21022727272727273,
        0.5113636363636364,
        0.4412878787878788,
        0.20625,
        0.8476190476190476,
        1.0,
        1.0,
        1.0,
        1.0,
        1.0,
        1.0,
        1.0,
        1.0,
        1.0,
        1.0,
        1.0,
        1.0,
        1.0,
        1.0,
        1.0,
        1.0,
        1.0,
        1.0,
        1.0,
        1.0,
        1.0,
        1.0,
        1.0,
        1.0,
        1.0,
        1.0,
        1.0,
        1.0,
        1.0,
        1.0,
        1.0,
        1.0,
        1.0,
        1.0,
        1.0,
        1.0,
        1.0,
        1.0,
        1.0,
        1.0,
        1.0,
        1.0
    ],
    "val_loss": [
        1.4019557748522078,
        1.4187463351658411,
        1.3900221926825387,
        1.3170175552368164,
        1.2100324630737305,
        1.710720990385328,
        1.2395497219903129,
        0.7704369596072606,
        0.3032588948096548,
        0.16589603466647013,
        0.11421931641442436,
        0.08297532051801682,
        0.0781098332788263,
        0.046237108164599965,
        0.03624226738299642,
        0.038135162953819544,
        0.04562074025826795,
        0.026332528463431766,
        0.02539449238351413,
        0.020907267928123474,
        0.015818422926323756,
        0.0198869596102408,
        0.01386276978467192,
        0.014899143550012792,
        0.014819104357489519,
        0.01094746935580458,
        0.008457822459084647,
        0.00790311855130962,
        0.008644410808171545,
        0.007959223219326564,
        0.00878178487930979,
        0.0060255025579993215,
        0.007442419417202473,
        0.007571371970698237,
        0.007078314898535609,
        0.004696128257949438,
        0.004832309005515916,
        0.004298384567456586,
        0.004540523447628532,
        0.0045820896380714005,
        0.005666880336190973,
        0.0034683376184797715,
        0.004071886900679341,
        0.0028006365921880516,
        0.004463513082425509,
        0.0028293296761278596,
        0.003254877303593925,
        0.003536144903461848,
        0.0024269772693514824,
        0.002729197747872344
    ],
    "val_acc": [
        0.42857142857142855,
        0.14285714285714285,
        0.42857142857142855,
        0.2857142857142857,
        0.2857142857142857,
        0.42857142857142855,
        0.42857142857142855,
        0.7142857142857143,
        1.0,
        1.0,
        1.0,
        1.0,
        1.0,
        1.0,
        1.0,
        1.0,
        1.0,
        1.0,
        1.0,
        1.0,
        1.0,
        1.0,
        1.0,
        1.0,
        1.0,
        1.0,
        1.0,
        1.0,
        1.0,
        1.0,
        1.0,
        1.0,
        1.0,
        1.0,
        1.0,
        1.0,
        1.0,
        1.0,
        1.0,
        1.0,
        1.0,
        1.0,
        1.0,
        1.0,
        1.0,
        1.0,
        1.0,
        1.0,
        1.0,
        1.0
    ],
    "val_recall": [
        0.5,
        0.25,
        0.5,
        0.25,
        0.375,
        0.5,
        0.5,
        0.75,
        1.0,
        1.0,
        1.0,
        1.0,
        1.0,
        1.0,
        1.0,
        1.0,
        1.0,
        1.0,
        1.0,
        1.0,
        1.0,
        1.0,
        1.0,
        1.0,
        1.0,
        1.0,
        1.0,
        1.0,
        1.0,
        1.0,
        1.0,
        1.0,
        1.0,
        1.0,
        1.0,
        1.0,
        1.0,
        1.0,
        1.0,
        1.0,
        1.0,
        1.0,
        1.0,
        1.0,
        1.0,
        1.0,
        1.0,
        1.0,
        1.0,
        1.0
    ],