{
    "train_loss": [
        1.3869536781311036,
        0.9580946040153503,
        0.6233451163768768,
        0.397105892598629,
        0.24263058364391327,
        0.09229776211082935,
        0.05303628765046597,
        0.038170445412397384,
        0.03465304788202048,
        0.023623330611735584,
        0.025175046026706695,
        0.019667122345417738,
        0.014746159464120865,
        0.01409487821161747,
        0.010888369623571634,
        0.011601164378225804,
        0.009525202326476573,
        0.008155874293297529,
        0.007692420985549688,
        0.006182199697941542,
        0.0058114749379456045,
        0.004950530519708991,
        0.004398027141578495
    ],
    "train_acc": [
        0.28,
        0.72,
        0.8,
        0.96,
        1.0,
        1.0,
        1.0,
        1.0,
        1.0,
        1.0,
        1.0,
        1.0,
        1.0,
        1.0,
        1.0,
        1.0,
        1.0,
        1.0,
        1.0,
        1.0,
        1.0,
        1.0,
        1.0
    ],
    "train_recall": [
        0.26785714285714285,
        0.7202380952380953,
        0.7916666666666666,
        0.9583333333333334,
        1.0,
        1.0,
        1.0,
        1.0,
        1.0,
        1.0,
        1.0,
        1.0,
        1.0,
        1.0,
        1.0,
        1.0,
        1.0,
        1.0,
        1.0,
        1.0,
        1.0,
        1.0,
        1.0
    ],
    "train_f1": [
        0.22584541062801933,
        0.7064636752136753,
        0.7422619047619048,
        0.9580419580419581,
        1.0,
        1.0,
        1.0,
        1.0,
        1.0,
        1.0,
        1.0,
        1.0,
        1.0,
        1.0,
        1.0,
        1.0,
        1.0,
        1.0,
        1.0,
        1.0,
        1.0,
        1.0,
        1.0
    ],
    "train_prec": [
        0.22916666666666663,
        0.7559523809523809,
        0.86875,
        0.9642857142857143,
        1.0,
        1.0,
        1.0,
        1.0,
        1.0,
        1.0,
        1.0,
        1.0,
        1.0,
        1.0,
        1.0,
        1.0,
        1.0,
        1.0,
        1.0,
        1.0,
        1.0,
        1.0,
        1.0
    ],
    "val_loss": [
        1.2187480926513672,
        0.9971202952521188,
        0.8228707398687091,
        0.7127404532262257,
        0.39466116790260586,
        0.38182370896850315,
        0.30591009876557756,
        0.26858227380684446,
        0.20230899697967938,
        0.27626299804874827,
        0.22300072493297712,
        0.2139707122530256,
        0.1849307960697583,
        0.26066913216241766,
        0.15386484270649298,
        0.2279901924942221,
        0.24554204089300974,
        0.10262447169848851,
        0.12297134340873786,
        0.23315944562533072,
        0.1891738981274622,
        0.27143998350948095,
        0.10765259619802237
    ],
    "val_acc": [
        0.5714285714285714,
        0.7142857142857143,
        0.8571428571428571,
        0.7142857142857143,
        1.0,
        1.0,
        0.8571428571428571,
        1.0,
        1.0,
        1.0,
        1.0,
        1.0,
        1.0,
        1.0,
        1.0,
        1.0,
        1.0,
        1.0,
        1.0,
        1.0,
        1.0,
        1.0,
        1.0
    ],
    "val_recall": [
        0.625,
        0.75,
        0.875,
        0.75,
        1.0,
        1.0,
        0.875,
        1.0,
        1.0,
        1.0,
        1.0,
        1.0,
        1.0,
        1.0,
        1.0,
        1.0,
        1.0,
        1.0,
        1.0,
        1.0,
        1.0,
        1.0,
        1.0
    ],
    "val_f1": [
        0.5166666666666666,
        0.7083333333333333,
        0.8666666666666666,
        0.7083333333333333,
        1.0,
        1.0,
        0.8333333333333333,
        1.0,
        1.0,
        1.0,
        1.0,
        1.0,
        1.0,
        1.0,
        1.0,
        1.0,
        1.0,
        1.0,
        1.0,
        1.0,
        1.0,
        1.0,
        1.0
    ],
    "val_prec": [
        0.4583333333333333,
        0.8333333333333333,
        0.9166666666666666,
        0.8333333333333333,
        1.0,
        1.0,
        0.875,
        1.0,
        1.0,
        1.0,
        1.0,
        1.0,
        1.0,
        1.0,
        1.0,
        1.0,
        1.0,
        1.0,
        1.0,
        1.0,
        1.0,
        1.0,
        1.0
    ],
    "final_test": {
        "loss": 0.0743376575410366,
        "acc": 1.0,
        "recall": 1.0,
        "f1": 1.0,
        "prec": 1.0
    }
}