{
    "train_loss": [
        1.4907405715362698,
        1.0734059728828131,
        0.6326061969294268,
        0.32432790962504404,
        0.1773883983785031,
        0.11271723443824871,
        0.040153591364037754,
        0.02570978758454907,
        0.018181044590093343,
        0.01600599405812282,
        0.012449967492298753,
        0.010769472357031762,
        0.009233276743222685
    ],
    "train_acc": [
        0.27450980392156865,
        0.7843137254901961,
        0.8627450980392157,
        0.9215686274509803,
        0.9607843137254902,
        0.9803921568627451,
        1.0,
        1.0,
        1.0,
        1.0,
        1.0,
        1.0,
        1.0
    ],
    "train_recall": [
        0.2701465201465202,
        0.7818223443223443,
        0.8557692307692308,
        0.9166666666666667,
        0.9583333333333333,
        0.9791666666666666,
        1.0,
        1.0,
        1.0,
        1.0,
        1.0,
        1.0,
        1.0
    ],
    "train_f1": [
        0.25232198142414863,
        0.7724762618690655,
        0.854895104895105,
        0.9164653784219001,
        0.9583333333333333,
        0.9791304347826086,
        1.0,
        1.0,
        1.0,
        1.0,
        1.0,
        1.0,
        1.0
    ],
    "train_prec": [
        0.3168831168831169,
        0.7983455882352941,
        0.8593406593406594,
        0.9177489177489178,
        0.9583333333333333,
        0.9807692307692308,
        1.0,
        1.0,
        1.0,
        1.0,
        1.0,
        1.0,
        1.0
    ],
    "val_loss": [
        1.2992008099189172,
        1.103645934508397,
        0.7739898172708658,
        0.9253705917642667,
        0.6932719980294888,
        0.7752947168281445,
        0.5252861386308303,
        0.4916550756360476,
        0.5110989956615063,
        0.5422814972698689,
        0.5562258292562686,
        0.634453312959522,
        0.5574751305752076
    ],
    "val_acc": [
        0.5384615384615384,
        0.6153846153846154,
        0.7692307692307693,
        0.6923076923076923,
        0.6923076923076923,
        0.6153846153846154,
        0.7692307692307693,
        0.7692307692307693,
        0.7692307692307693,
        0.7692307692307693,
        0.7692307692307693,
        0.7692307692307693,
        0.8461538461538461
    ],
    "val_recall": [
        0.5,
        0.625,
        0.7083333333333334,
        0.625,
        0.6458333333333334,
        0.5625,
        0.7083333333333334,
        0.7083333333333334,
        0.7083333333333334,
        0.7083333333333334,
        0.7083333333333334,
        0.7083333333333334,
        0.7916666666666666
    ],
    "val_f1": [
        0.45833333333333326,
        0.5095238095238095,
        0.6972222222222222,
        0.5888888888888888,
        0.6347222222222222,
        0.5211038961038961,
        0.7,
        0.6972222222222222,
        0.7,
        0.7,
        0.7,
        0.6972222222222222,
        0.8055555555555555
    ],
    "val_prec": [
        0.5,
        0.5166666666666666,
        0.7,
        0.6166666666666667,
        0.6375,
        0.5178571428571428,
        0.7083333333333333,
        0.7,
        0.7083333333333333,
        0.7083333333333333,
        0.7083333333333333,
        0.7,
        0.8666666666666666
    ],
    "final_test": {
        "loss": 1.072729520748059,
        "acc": 0.6333333333333333,
        "recall": 0.6383928571428572,
        "f1": 0.6491258741258741,
        "prec": 0.7403846153846154
    }
}