{
    "train_loss": [
        1.4448065687628353,
        1.1477598080448075,
        0.6728148857752482,
        0.27472537923969476,
        0.11630141534203407,
        0.053746373228290505,
        0.03644806919071604,
        0.019879264209200356,
        0.011981714859276134,
        0.010202543814575263,
        0.009399990222471602,
        0.006924235259694066,
        0.006339502890649087,
        0.004850436040821175,
        0.0042191131574594795,
        0.004224378734315727,
        0.0032620646433868246,
        0.003560495016155947,
        0.0025878375631245764,
        0.00261746303922515,
        0.002269438535258101,
        0.0017796356765115086,
        0.0020901867840210815,
        0.0013895129223408945,
        0.0015197201339783623
    ],
    "train_acc": [
        0.29411764705882354,
        0.5490196078431373,
        0.8627450980392157,
        1.0,
        0.9803921568627451,
        1.0,
        1.0,
        1.0,
        1.0,
        1.0,
        1.0,
        1.0,
        1.0,
        1.0,
        1.0,
        1.0,
        1.0,
        1.0,
        1.0,
        1.0,
        1.0,
        1.0,
        1.0,
        1.0,
        1.0
    ],
    "train_recall": [
        0.29739010989010983,
        0.5469322344322345,
        0.8557692307692308,
        1.0,
        0.9791666666666666,
        1.0,
        1.0,
        1.0,
        1.0,
        1.0,
        1.0,
        1.0,
        1.0,
        1.0,
        1.0,
        1.0,
        1.0,
        1.0,
        1.0,
        1.0,
        1.0,
        1.0,
        1.0,
        1.0,
        1.0
    ],
    "train_f1": [
        0.2610994397759103,
        0.5623539036933146,
        0.8493696700037078,
        1.0,
        0.9798711755233493,
        1.0,
        1.0,
        1.0,
        1.0,
        1.0,
        1.0,
        1.0,
        1.0,
        1.0,
        1.0,
        1.0,
        1.0,
        1.0,
        1.0,
        1.0,
        1.0,
        1.0,
        1.0,
        1.0,
        1.0
    ],
    "train_prec": [
        0.2922979797979798,
        0.5943181818181819,
        0.8933823529411764,
        1.0,
        0.9821428571428572,
        1.0,
        1.0,
        1.0,
        1.0,
        1.0,
        1.0,
        1.0,
        1.0,
        1.0,
        1.0,
        1.0,
        1.0,
        1.0,
        1.0,
        1.0,
        1.0,
        1.0,
        1.0,
        1.0,
        1.0
    ],
    "val_loss": [
        1.2682439455619225,
        1.0506481253183806,
        0.7104000644041941,
        0.45286627457692075,
        0.24562432230092013,
        0.22697069080403218,
        0.18824910995765373,
        0.09788209110355148,
        0.09265004761087206,
        0.11722235976216885,
        0.08097501519995813,
        0.07729647426794355,
        0.10674244437653285,
        0.05996295100507828,
        0.057229226401362285,
        0.05436145962896542,
        0.0714339459529863,
        0.04613680852792011,
        0.08054657380741376,
        0.03974801786423016,
        0.042793169510192595,
        0.044159005548303515,
        0.07559134783402371,
        0.04918775548979353,
        0.040477814802076094
    ],
    "val_acc": [
        0.3076923076923077,
        0.6923076923076923,
        0.8461538461538461,
        0.8461538461538461,
        0.9230769230769231,
        0.9230769230769231,
        1.0,
        1.0,
        1.0,
        1.0,
        1.0,
        1.0,
        1.0,
        1.0,
        1.0,
        1.0,
        1.0,
        1.0,
        1.0,
        1.0,
        1.0,
        1.0,
        1.0,
        1.0,
        1.0
    ],
    "val_recall": [
        0.2708333333333333,
        0.6875,
        0.8333333333333334,
        0.875,
        0.9375,
        0.9375,
        1.0,
        1.0,
        1.0,
        1.0,
        1.0,
        1.0,
        1.0,
        1.0,
        1.0,
        1.0,
        1.0,
        1.0,
        1.0,
        1.0,
        1.0,
        1.0,
        1.0,
        1.0,
        1.0
    ],
    "val_f1": [
        0.19047619047619047,
        0.5809523809523809,
        0.825,
        0.8531746031746031,
        0.9365079365079365,
        0.9365079365079365,
        1.0,
        1.0,
        1.0,
        1.0,
        1.0,
        1.0,
        1.0,
        1.0,
        1.0,
        1.0,
        1.0,
        1.0,
        1.0,
        1.0,
        1.0,
        1.0,
        1.0,
        1.0,
        1.0
    ],
    "val_prec": [
        0.15833333333333333,
        0.5416666666666666,
        0.9166666666666666,
        0.8875,
        0.95,
        0.95,
        1.0,
        1.0,
        1.0,
        1.0,
        1.0,
        1.0,
        1.0,
        1.0,
        1.0,
        1.0,
        1.0,
        1.0,
        1.0,
        1.0,
        1.0,
        1.0,
        1.0,
        1.0,
        1.0
    ],
    "final_test": {
        "loss": 1.902239079431941,
        "acc": 0.4,
        "recall": 0.40625,
        "f1": 0.4157509157509157,
        "prec": 0.45650183150183155
    }
}