{
    "train_loss": [
        1.5766343259811402,
        1.4163146543502807,
        1.37990421295166,
        1.264434404373169,
        1.177944610118866,
        0.9345365953445435,
        0.7142214572429657,
        0.44695300281047823,
        0.15678839519619941,
        0.07220997482538223,
        0.05128199309110641,
        0.03685177721083164,
        0.03125044353306294,
        0.03162788555026055,
        0.022512953616678714,
        0.017132700085639954,
        0.015890000704675913,
        0.01464484317228198,
        0.012735612131655217,
        0.011836869828402995,
        0.010829694885760546,
        0.009968791445717216,
        0.008623086754232645,
        0.006236767647787928,
        0.0056820355355739595,
        0.0057433211337774995,
        0.005593259138986468,
        0.005339684411883355,
        0.005009229523129761,
        0.004382366500794888,
        0.004236515955999494,
        0.004758390439674258
    ],
    "train_acc": [
        0.28,
        0.28,
        0.36,
        0.44,
        0.52,
        0.56,
        0.68,
        0.84,
        1.0,
        1.0,
        1.0,
        1.0,
        1.0,
        1.0,
        1.0,
        1.0,
        1.0,
        1.0,
        1.0,
        1.0,
        1.0,
        1.0,
        1.0,
        1.0,
        1.0,
        1.0,
        1.0,
        1.0,
        1.0,
        1.0,
        1.0,
        1.0
    ],
    "train_recall": [
        0.22916666666666666,
        0.2708333333333333,
        0.3125,
        0.38541666666666663,
        0.46875,
        0.5104166666666667,
        0.6520833333333333,
        0.8354166666666667,
        1.0,
        1.0,
        1.0,
        1.0,
        1.0,
        1.0,
        1.0,
        1.0,
        1.0,
        1.0,
        1.0,
        1.0,
        1.0,
        1.0,
        1.0,
        1.0,
        1.0,
        1.0,
        1.0,
        1.0,
        1.0,
        1.0,
        1.0,
        1.0
    ],
    "train_f1": [
        0.15900383141762453,
        0.2336996336996337,
        0.26136363636363635,
        0.28846153846153844,
        0.3355614973262032,
        0.4145658263305322,
        0.6557389978442609,
        0.8423902894491129,
        1.0,
        1.0,
        1.0,
        1.0,
        1.0,
        1.0,
        1.0,
        1.0,
        1.0,
        1.0,
        1.0,
        1.0,
        1.0,
        1.0,
        1.0,
        1.0,
        1.0,
        1.0,
        1.0,
        1.0,
        1.0,
        1.0,
        1.0,
        1.0
    ],
    "train_prec": [
        0.15476190476190477,
        0.35238095238095235,
        0.24375,
        0.24007936507936506,
        0.26136363636363635,
        0.5209790209790209,
        0.7376623376623376,
        0.8819444444444444,
        1.0,
        1.0,
        1.0,
        1.0,
        1.0,
        1.0,
        1.0,
        1.0,
        1.0,
        1.0,
        1.0,
        1.0,
        1.0,
        1.0,
        1.0,
        1.0,
        1.0,
        1.0,
        1.0,
        1.0,
        1.0,
        1.0,
        1.0,
        1.0
    ],
    "val_loss": [
        1.3881436926977975,
        1.3950110163007463,
        1.526724100112915,
        1.3855386461530412,
        1.2657118950571333,
        0.9388626558440072,
        0.7895878979137966,
        0.42105908904756817,
        0.15029026567935944,
        0.08520777310643878,
        0.0586735334779535,
        0.06663687048213822,
        0.054977593677384515,
        0.03484181421143668,
        0.04243656966303076,
        0.05702777260116169,
        0.037293781127248495,
        0.02017898777765887,
        0.024235368573239872,
        0.017198890447616577,
        0.0312841333714979,
        0.013966125835265433,
        0.013644328606980187,
        0.0199325881632311,
        0.01616151983450566,
        0.00874454714357853,
        0.008535611775836774,
        0.03073504287749529,
        0.011374588257500104,
        0.018800211338592426,
        0.00907490449026227,
        0.011629299826121755
    ],
    "val_acc": [
        0.0,
        0.2857142857142857,
        0.0,
        0.2857142857142857,
        0.42857142857142855,
        0.5714285714285714,
        0.8571428571428571,
        1.0,
        1.0,
        1.0,
        1.0,
        1.0,
        1.0,
        1.0,
        1.0,
        1.0,
        1.0,
        1.0,
        1.0,
        1.0,
        1.0,
        1.0,
        1.0,
        1.0,
        1.0,
        1.0,
        1.0,
        1.0,
        1.0,
        1.0,
        1.0,
        1.0
    ],
    "val_recall": [
        0.0,
        0.3333333333333333,
        0.0,
        0.25,
        0.375,
        0.5,
        0.8888888888888888,
        1.0,
        1.0,
        1.0,
        1.0,
        1.0,
        1.0,
        1.0,
        1.0,
        1.0,
        1.0,
        1.0,
        1.0,
        1.0,
        1.0,
        1.0,
        1.0,
        1.0,
        1.0,
        1.0,
        1.0,
        1.0,
        1.0,
        1.0,
        1.0,
        1.0
    ],
    "val_f1": [
        0.0,
        0.14814814814814814,
        0.0,
        0.16666666666666666,
        0.3666666666666667,
        0.5,
        0.8666666666666667,
        1.0,
        1.0,
        1.0,
        1.0,
        1.0,
        1.0,
        1.0,
        1.0,
        1.0,
        1.0,
        1.0,
        1.0,
        1.0,
        1.0,
        1.0,
        1.0,
        1.0,
        1.0,
        1.0,
        1.0,
        1.0,
        1.0,
        1.0,
        1.0,
        1.0
    ],
    "val_prec": [
        0.0,
        0.09523809523809523,
        0.0,
        0.125,
        0.41666666666666663,
        0.5,
        0.8888888888888888,
        1.0,
        1.0,
        1.0,
        1.0,
        1.0,
        1.0,
        1.0,
        1.0,
        1.0,
        1.0,
        1.0,
        1.0,
        1.0,
        1.0,
        1.0,
        1.0,
        1.0,
        1.0,
        1.0,
        1.0,
        1.0,
        1.0,
        1.0,
        1.0,
        1.0
    ],
    "final_test": {
        "loss": 0.008733838621992618,
        "acc": 1.0,
        "recall": 1.0,
        "f1": 1.0,
        "prec": 1.0
    }
}