{
    "train_loss": [
        1.4356828846183478,
        1.4288797121421963,
        1.3718944717856014,
        1.1403088780010449,
        0.8803481301840614,
        0.9996097058642144,
        0.5280717447692272,
        0.4566064357173209,
        0.35329300492052357,
        0.11073205221955683,
        0.08488614983199273,
        0.13228414194000995,
        0.33668934070395634,
        0.04189725040786845,
        0.023269507212235647
    ],
    "train_acc": [
        0.2549019607843137,
        0.2549019607843137,
        0.37254901960784315,
        0.49019607843137253,
        0.6274509803921569,
        0.5294117647058824,
        0.803921568627451,
        0.8627450980392157,
        0.8823529411764706,
        1.0,
        1.0,
        0.9607843137254902,
        0.8823529411764706,
        1.0,
        1.0
    ],
    "train_recall": [
        0.23012820512820512,
        0.23717948717948717,
        0.3371794871794872,
        0.4448717948717949,
        0.5826923076923077,
        0.4987179487179487,
        0.7557692307692309,
        0.8365384615384616,
        0.8641025641025641,
        1.0,
        1.0,
        0.95,
        0.8730769230769231,
        1.0,
        1.0
    ],
    "train_f1": [
        0.17775510204081635,
        0.20982142857142858,
        0.2806850012732366,
        0.400498712998713,
        0.5593885281385281,
        0.4373107097245028,
        0.7065819485174323,
        0.8353687739463601,
        0.8642100518368268,
        1.0,
        1.0,
        0.9537037037037036,
        0.8693181818181819,
        1.0,
        1.0
    ],
    "train_prec": [
        0.17769607843137256,
        0.1893188854489164,
        0.30185185185185187,
        0.3727272727272727,
        0.5646825396825397,
        0.4081439393939394,
        0.8611607142857143,
        0.8601190476190477,
        0.8816964285714286,
        1.0,
        1.0,
        0.9642857142857143,
        0.8712121212121212,
        1.0,
        1.0
    ],
    "val_loss": [
        1.5187035157130315,
        1.4108133407739492,
        1.420414191025954,
        1.1177262526292067,
        1.2600815571271455,
        1.062130882189824,
        0.8213635625747534,
        1.1158774334650774,
        0.7359854642015237,
        0.3130193601290767,
        0.3565031297218341,
        1.1769952304088152,
        0.5222585712774441,
        0.6336218777041023,
        0.5074502448551357
    ],
    "val_acc": [
        0.07692307692307693,
        0.23076923076923078,
        0.15384615384615385,
        0.46153846153846156,
        0.38461538461538464,
        0.46153846153846156,
        0.5384615384615384,
        0.46153846153846156,
        0.46153846153846156,
        0.9230769230769231,
        0.8461538461538461,
        0.6923076923076923,
        0.6923076923076923,
        0.6153846153846154,
        0.6153846153846154
    ],
    "val_recall": [
        0.25,
        0.41666666666666663,
        0.3333333333333333,
        0.5,
        0.41666666666666663,
        0.6666666666666666,
        0.75,
        0.6666666666666666,
        0.6666666666666666,
        0.9583333333333334,
        0.9166666666666666,
        0.7083333333333334,
        0.7916666666666666,
        0.7916666666666666,
        0.7916666666666666
    ],
    "val_f1": [
        0.03571428571428571,
        0.23809523809523808,
        0.14166666666666666,
        0.3392857142857143,
        0.28205128205128205,
        0.5075757575757576,
        0.625,
        0.5075757575757576,
        0.5075757575757576,
        0.9415584415584416,
        0.8875,
        0.6428571428571429,
        0.7083333333333333,
        0.7077922077922078,
        0.7077922077922078
    ],
    "val_prec": [
        0.019230769230769232,
        0.17045454545454547,
        0.09027777777777778,
        0.2708333333333333,
        0.24166666666666664,
        0.4375,
        0.5833333333333333,
        0.4375,
        0.4375,
        0.9375,
        0.9,
        0.59375,
        0.725,
        0.84375,
        0.84375
    ],
    "final_test": {
        "loss": 1.1971542894219358,
        "acc": 0.5333333333333333,
        "recall": 0.5535714285714286,
        "f1": 0.5326325848064979,
        "prec": 0.6770833333333334
    }
}