{
    "train_loss": [
        1.522463978505602,
        1.3678152537813373,
        1.4089902335522222,
        1.3504671232373107,
        0.9942182898521423,
        0.5484367763879252,
        0.5050619167878347,
        0.3616275564201322,
        0.13897860340554924,
        0.14175914987629534,
        0.5180284429852869,
        0.12647074066540775,
        0.19089028604474723,
        0.07523491125846025,
        0.02718703428685081,
        0.013756368797747236,
        0.010945173528264551,
        0.009389818554707602,
        0.008879594886036334,
        0.00768385932315141,
        0.0068474829279105455,
        0.006390017320347183,
        0.005474895051698766,
        0.005248731651626455,
        0.004548193644914849
    ],
    "train_acc": [
        0.23529411764705882,
        0.27450980392156865,
        0.23529411764705882,
        0.3137254901960784,
        0.6274509803921569,
        0.8627450980392157,
        0.7843137254901961,
        0.9215686274509803,
        1.0,
        0.9607843137254902,
        0.8627450980392157,
        0.9803921568627451,
        0.9607843137254902,
        0.9803921568627451,
        1.0,
        1.0,
        1.0,
        1.0,
        1.0,
        1.0,
        1.0,
        1.0,
        1.0,
        1.0,
        1.0
    ],
    "train_recall": [
        0.23376623376623376,
        0.25,
        0.23484848484848483,
        0.29545454545454547,
        0.5979437229437229,
        0.863095238095238,
        0.777056277056277,
        0.9207251082251082,
        1.0,
        0.9613095238095237,
        0.8720238095238095,
        0.9791666666666666,
        0.9613095238095238,
        0.9791666666666666,
        1.0,
        1.0,
        1.0,
        1.0,
        1.0,
        1.0,
        1.0,
        1.0,
        1.0,
        1.0,
        1.0
    ],
    "train_f1": [
        0.2002655147816438,
        0.16435185185185186,
        0.23519794721407625,
        0.20617117550784636,
        0.5820326678765879,
        0.8553479853479854,
        0.7786162113748321,
        0.9187801932367149,
        1.0,
        0.9613095238095237,
        0.8574134199134198,
        0.9782608695652174,
        0.9613095238095238,
        0.9782608695652174,
        1.0,
        1.0,
        1.0,
        1.0,
        1.0,
        1.0,
        1.0,
        1.0,
        1.0,
        1.0,
        1.0
    ],
    "train_prec": [
        0.19809782608695653,
        0.14375,
        0.24046688605512134,
        0.21515151515151515,
        0.6541666666666667,
        0.8665674603174602,
        0.7864583333333334,
        0.9182692307692308,
        1.0,
        0.9613095238095237,
        0.8834134615384616,
        0.9791666666666666,
        0.9613095238095238,
        0.9791666666666666,
        1.0,
        1.0,
        1.0,
        1.0,
        1.0,
        1.0,
        1.0,
        1.0,
        1.0,
        1.0,
        1.0
    ],
    "val_loss": [
        1.4098912385793834,
        1.379090116574214,
        1.4859213737341075,
        1.2869505698864276,
        1.1052740823764067,
        0.8879126316079726,
        0.6721164721709031,
        0.7239370154073606,
        0.8534934205504564,
        0.501357558541573,
        0.7701172940433025,
        0.6715868296674811,
        1.7874070524882812,
        0.37494193160763156,
        0.4951569555470577,
        0.47620152273716837,
        0.35197244459190047,
        0.4577327434045191,
        0.08310429583518551,
        0.059721336664202124,
        0.5434950648162228,
        0.31718753099154967,
        0.34462998640866804,
        0.5048667643971455,
        0.4536422842289679
    ],
    "val_acc": [
        0.15384615384615385,
        0.15384615384615385,
        0.15384615384615385,
        0.5384615384615384,
        0.46153846153846156,
        0.6923076923076923,
        0.8461538461538461,
        0.6923076923076923,
        0.7692307692307693,
        0.8461538461538461,
        0.6923076923076923,
        0.8461538461538461,
        0.6153846153846154,
        0.8461538461538461,
        0.8461538461538461,
        0.8461538461538461,
        0.9230769230769231,
        0.9230769230769231,
        0.9230769230769231,
        1.0,
        0.8461538461538461,
        0.9230769230769231,
        0.9230769230769231,
        0.9230769230769231,
        0.9230769230769231
    ],
    "val_recall": [
        0.25,
        0.25,
        0.25,
        0.375,
        0.4875,
        0.6375,
        0.8875,
        0.6375,
        0.8375,
        0.825,
        0.6375,
        0.8875,
        0.6375,
        0.825,
        0.825,
        0.825,
        0.95,
        0.95,
        0.95,
        1.0,
        0.825,
        0.95,
        0.95,
        0.95,
        0.95
    ],
    "val_f1": [
        0.06666666666666667,
        0.06666666666666667,
        0.06666666666666667,
        0.30833333333333335,
        0.3625541125541125,
        0.5555555555555556,
        0.8597222222222223,
        0.5722222222222222,
        0.7684523809523809,
        0.8388888888888889,
        0.6638888888888889,
        0.8597222222222223,
        0.5972222222222222,
        0.8388888888888889,
        0.8388888888888889,
        0.8388888888888889,
        0.9444444444444444,
        0.9444444444444444,
        0.9444444444444444,
        1.0,
        0.8388888888888889,
        0.9444444444444444,
        0.9444444444444444,
        0.9444444444444444,
        0.9444444444444444
    ],
    "val_prec": [
        0.038461538461538464,
        0.038461538461538464,
        0.038461538461538464,
        0.2619047619047619,
        0.45714285714285713,
        0.525,
        0.8541666666666666,
        0.5416666666666666,
        0.7916666666666666,
        0.9166666666666666,
        0.75,
        0.8541666666666666,
        0.7083333333333333,
        0.9166666666666666,
        0.9166666666666666,
        0.9166666666666666,
        0.95,
        0.95,
        0.95,
        1.0,
        0.9166666666666666,
        0.95,
        0.95,
        0.95,
        0.95
    ],
    "final_test": {
        "loss": 0.9355146523021782,
        "acc": 0.7666666666666667,
        "recall": 0.7633928571428572,
        "f1": 0.7688374125874127,
        "prec": 0.8229166666666666
    }
}