{
    "train_loss": [
        1.425583143234253,
        1.1268017053604127,
        0.7803757464885712,
        0.510054440498352,
        0.2714114561676979,
        0.08338225990533829,
        0.0534108354896307,
        0.0364081459492445,
        0.03106776122003794,
        0.021543884798884392,
        0.024286993369460105,
        0.015144373271614314,
        0.013475655410438776,
        0.010270112361758947,
        0.009195570256561042,
        0.008445915719494223,
        0.006497703138738871,
        0.004961487790569663
    ],
    "train_acc": [
        0.24,
        0.64,
        0.88,
        0.84,
        0.96,
        1.0,
        1.0,
        1.0,
        1.0,
        1.0,
        1.0,
        1.0,
        1.0,
        1.0,
        1.0,
        1.0,
        1.0,
        1.0
    ],
    "train_recall": [
        0.23214285714285715,
        0.6011904761904762,
        0.8583333333333334,
        0.8142857142857143,
        0.9583333333333334,
        1.0,
        1.0,
        1.0,
        1.0,
        1.0,
        1.0,
        1.0,
        1.0,
        1.0,
        1.0,
        1.0,
        1.0,
        1.0
    ],
    "train_f1": [
        0.22355769230769232,
        0.5447994987468672,
        0.8668560606060607,
        0.8066620879120878,
        0.9606060606060607,
        1.0,
        1.0,
        1.0,
        1.0,
        1.0,
        1.0,
        1.0,
        1.0,
        1.0,
        1.0,
        1.0,
        1.0,
        1.0
    ],
    "train_prec": [
        0.21825396825396826,
        0.511904761904762,
        0.9131944444444444,
        0.873015873015873,
        0.96875,
        1.0,
        1.0,
        1.0,
        1.0,
        1.0,
        1.0,
        1.0,
        1.0,
        1.0,
        1.0,
        1.0,
        1.0,
        1.0
    ],
    "val_loss": [
        1.3068188343729292,
        1.1969029818262373,
        1.070512056350708,
        1.11753996355193,
        0.5577833727002144,
        0.5046986235039574,
        0.38496361460004536,
        0.4299305704023157,
        0.3254584100629602,
        0.2790165950677225,
        0.30851844219224794,
        0.25796275506062166,
        0.24342709606779472,
        0.2576760495347636,
        0.28555577620863914,
        0.2540378041033234,
        0.2717209694507931,
        0.28124152183798806
    ],
    "val_acc": [
        0.42857142857142855,
        0.42857142857142855,
        0.5714285714285714,
        0.42857142857142855,
        1.0,
        1.0,
        1.0,
        1.0,
        1.0,
        1.0,
        1.0,
        1.0,
        1.0,
        1.0,
        1.0,
        1.0,
        1.0,
        1.0
    ],
    "val_recall": [
        0.5,
        0.5833333333333333,
        0.75,
        0.5833333333333333,
        1.0,
        1.0,
        1.0,
        1.0,
        1.0,
        1.0,
        1.0,
        1.0,
        1.0,
        1.0,
        1.0,
        1.0,
        1.0,
        1.0
    ],
    "val_f1": [
        0.3333333333333333,
        0.3916666666666666,
        0.6,
        0.4583333333333333,
        1.0,
        1.0,
        1.0,
        1.0,
        1.0,
        1.0,
        1.0,
        1.0,
        1.0,
        1.0,
        1.0,
        1.0,
        1.0,
        1.0
    ],
    "val_prec": [
        0.3,
        0.4375,
        0.5625,
        0.55,
        1.0,
        1.0,
        1.0,
        1.0,
        1.0,
        1.0,
        1.0,
        1.0,
        1.0,
        1.0,
        1.0,
        1.0,
        1.0,
        1.0
    ],
    "final_test": {
        "loss": 0.3709835176123306,
        "acc": 1.0,
        "recall": 1.0,
        "f1": 1.0,
        "prec": 1.0
    }
}