{
    "train_loss": [
        1.6005306553840637,
        1.391407585144043,
        1.3621122312545777,
        1.2360352444648743,
        0.8778878474235534,
        0.6650349807739258,
        0.4474469089508057,
        0.46089383274316786,
        0.23441920757293702,
        0.14806373357772828,
        0.07576127335429192,
        0.0625185227394104,
        0.03585783824324608,
        0.03269610334187746,
        0.026688371673226356,
        0.02477716322988272,
        0.017900371626019478,
        0.019091709069907665,
        0.013374591749161481
    ],
    "train_acc": [
        0.12,
        0.36,
        0.36,
        0.52,
        0.64,
        0.88,
        0.96,
        0.92,
        0.92,
        0.96,
        1.0,
        1.0,
        1.0,
        1.0,
        1.0,
        1.0,
        1.0,
        1.0,
        1.0
    ],
    "train_recall": [
        0.10714285714285714,
        0.3273809523809524,
        0.3416666666666667,
        0.47619047619047616,
        0.6154761904761904,
        0.8666666666666666,
        0.9642857142857143,
        0.9166666666666666,
        0.9083333333333333,
        0.9583333333333334,
        1.0,
        1.0,
        1.0,
        1.0,
        1.0,
        1.0,
        1.0,
        1.0,
        1.0
    ],
    "train_f1": [
        0.1,
        0.2505952380952381,
        0.2986111111111111,
        0.4242424242424242,
        0.59375,
        0.8651515151515152,
        0.9615384615384617,
        0.9106060606060606,
        0.9138888888888889,
        0.9545454545454546,
        1.0,
        1.0,
        1.0,
        1.0,
        1.0,
        1.0,
        1.0,
        1.0,
        1.0
    ],
    "train_prec": [
        0.09375,
        0.5760869565217391,
        0.3799019607843137,
        0.42500000000000004,
        0.7416666666666667,
        0.8687499999999999,
        0.9642857142857143,
        0.9270833333333334,
        0.9270833333333334,
        0.9583333333333334,
        1.0,
        1.0,
        1.0,
        1.0,
        1.0,
        1.0,
        1.0,
        1.0,
        1.0
    ],
    "val_loss": [
        1.4267894199916296,
        1.3653725385665894,
        1.484841993876866,
        1.1816211768559046,
        0.776518200125013,
        0.866048663854599,
        1.6759107219321387,
        0.44126635576997486,
        0.30761267244815826,
        0.8252682898725782,
        0.8812061899474689,
        0.5083262510597706,
        0.9787401322807584,
        0.2217352150806359,
        0.5179437052990709,
        0.8629428222775459,
        0.5988919061741659,
        1.0878122866685902,
        1.3770627251693182
    ],
    "val_acc": [
        0.14285714285714285,
        0.42857142857142855,
        0.2857142857142857,
        1.0,
        0.8571428571428571,
        0.5714285714285714,
        0.2857142857142857,
        0.7142857142857143,
        0.8571428571428571,
        0.7142857142857143,
        0.7142857142857143,
        0.7142857142857143,
        0.5714285714285714,
        0.8571428571428571,
        0.7142857142857143,
        0.7142857142857143,
        0.7142857142857143,
        0.5714285714285714,
        0.5714285714285714
    ],
    "val_recall": [
        0.25,
        0.5,
        0.5,
        1.0,
        0.9166666666666666,
        0.75,
        0.5,
        0.8333333333333334,
        0.75,
        0.8333333333333334,
        0.8333333333333334,
        0.8333333333333334,
        0.75,
        0.9166666666666666,
        0.8333333333333334,
        0.8333333333333334,
        0.8333333333333334,
        0.75,
        0.75
    ],
    "val_f1": [
        0.0625,
        0.375,
        0.225,
        1.0,
        0.8999999999999999,
        0.6428571428571428,
        0.35,
        0.7916666666666666,
        0.6666666666666666,
        0.7916666666666666,
        0.7916666666666666,
        0.7916666666666666,
        0.6428571428571428,
        0.8999999999999999,
        0.7916666666666666,
        0.7916666666666666,
        0.7916666666666666,
        0.6428571428571428,
        0.6428571428571428
    ],
    "val_prec": [
        0.03571428571428571,
        0.3333333333333333,
        0.14583333333333331,
        1.0,
        0.9166666666666666,
        0.6,
        0.3125,
        0.875,
        0.625,
        0.875,
        0.875,
        0.875,
        0.6,
        0.9166666666666666,
        0.875,
        0.875,
        0.875,
        0.6,
        0.6
    ],
    "final_test": {
        "loss": 0.032944691833108664,
        "acc": 1.0,
        "recall": 1.0,
        "f1": 1.0,
        "prec": 1.0
    }
}