{
    "train_loss": [
        1.3969572734832765,
        1.0363287663459777,
        0.6969776272773742,
        0.3443924370408058,
        0.1882274255156517,
        0.10624361321330071,
        0.061813373789191245,
        0.05284197196364403,
        0.043365423604846,
        0.026927514504641294,
        0.02618328606709838,
        0.023589522037655117,
        0.01671010149642825,
        0.01846998242661357,
        0.012409816291183233,
        0.011220059599727392,
        0.01163051932118833
    ],
    "train_acc": [
        0.36,
        0.64,
        0.88,
        1.0,
        1.0,
        1.0,
        1.0,
        1.0,
        1.0,
        1.0,
        1.0,
        1.0,
        1.0,
        1.0,
        1.0,
        1.0,
        1.0
    ],
    "train_recall": [
        0.3625,
        0.51875,
        0.84375,
        1.0,
        1.0,
        1.0,
        1.0,
        1.0,
        1.0,
        1.0,
        1.0,
        1.0,
        1.0,
        1.0,
        1.0,
        1.0,
        1.0
    ],
    "train_f1": [
        0.3648300229182582,
        0.4595959595959596,
        0.8479835115864527,
        1.0,
        1.0,
        1.0,
        1.0,
        1.0,
        1.0,
        1.0,
        1.0,
        1.0,
        1.0,
        1.0,
        1.0,
        1.0,
        1.0
    ],
    "train_prec": [
        0.4967948717948718,
        0.5678571428571428,
        0.8993055555555556,
        1.0,
        1.0,
        1.0,
        1.0,
        1.0,
        1.0,
        1.0,
        1.0,
        1.0,
        1.0,
        1.0,
        1.0,
        1.0,
        1.0
    ],
    "val_loss": [
        1.672203574861799,
        1.4199614013944353,
        0.9437679733548846,
        0.7245903611183167,
        0.6753734350204468,
        0.39392019169671194,
        0.25500339695385527,
        0.20303666591644287,
        1.2607922128268652,
        0.9030039395604815,
        0.8321920505591801,
        0.16175192754183496,
        0.5663828594344003,
        0.27475579189402716,
        0.2967851289681026,
        0.562656330210822,
        0.2073379084467888
    ],
    "val_acc": [
        0.0,
        0.42857142857142855,
        0.8571428571428571,
        1.0,
        1.0,
        1.0,
        1.0,
        1.0,
        0.42857142857142855,
        0.5714285714285714,
        0.5714285714285714,
        1.0,
        1.0,
        1.0,
        1.0,
        1.0,
        1.0
    ],
    "val_recall": [
        0.0,
        0.3333333333333333,
        0.5833333333333334,
        1.0,
        1.0,
        1.0,
        1.0,
        1.0,
        0.3333333333333333,
        0.4166666666666667,
        0.4166666666666667,
        1.0,
        1.0,
        1.0,
        1.0,
        1.0,
        1.0
    ],
    "val_f1": [
        0.0,
        0.3333333333333333,
        0.6190476190476191,
        1.0,
        1.0,
        1.0,
        1.0,
        1.0,
        0.3333333333333333,
        0.4666666666666666,
        0.4666666666666666,
        1.0,
        1.0,
        1.0,
        1.0,
        1.0,
        1.0
    ],
    "val_prec": [
        0.0,
        0.3333333333333333,
        0.6666666666666666,
        1.0,
        1.0,
        1.0,
        1.0,
        1.0,
        0.3333333333333333,
        0.6666666666666666,
        0.6666666666666666,
        1.0,
        1.0,
        1.0,
        1.0,
        1.0,
        1.0
    ],
    "final_test": {
        "loss": 0.12194620259106159,
        "acc": 1.0,
        "recall": 1.0,
        "f1": 1.0,
        "prec": 1.0
    }
}