{
    "train_loss": [
        1.334185774419822,
        1.0491280132064633,
        0.7246469807098893,
        0.446396135889432,
        0.2398077348137603,
        0.08786302978428555,
        0.05683288704969135,
        0.02941644195394189,
        0.02066427138725332,
        0.017950620894849886,
        0.012406005985194854,
        0.010978098556983704,
        0.009178107225463963,
        0.008841188451019572,
        0.006818862965184392
    ],
    "train_acc": [
        0.39215686274509803,
        0.6078431372549019,
        0.7843137254901961,
        0.9019607843137255,
        0.9803921568627451,
        1.0,
        1.0,
        1.0,
        1.0,
        1.0,
        1.0,
        1.0,
        1.0,
        1.0,
        1.0
    ],
    "train_recall": [
        0.3708791208791209,
        0.5907842157842158,
        0.7737262737262738,
        0.9030969030969032,
        0.9807692307692308,
        1.0,
        1.0,
        1.0,
        1.0,
        1.0,
        1.0,
        1.0,
        1.0,
        1.0,
        1.0
    ],
    "train_f1": [
        0.3243464052287582,
        0.5774739026268504,
        0.7745200470158027,
        0.9017741517741518,
        0.9813793103448276,
        1.0,
        1.0,
        1.0,
        1.0,
        1.0,
        1.0,
        1.0,
        1.0,
        1.0,
        1.0
    ],
    "train_prec": [
        0.38481182795698926,
        0.5918803418803419,
        0.7870475113122173,
        0.9017232767232768,
        0.9833333333333334,
        1.0,
        1.0,
        1.0,
        1.0,
        1.0,
        1.0,
        1.0,
        1.0,
        1.0,
        1.0
    ],
    "val_loss": [
        1.252482450925387,
        1.0791433052374766,
        0.8297720382419916,
        0.9834697839732354,
        0.42338200844824314,
        0.20803377576745474,
        0.22296009126764077,
        0.12788119360517997,
        0.13406004154911408,
        0.07031217697434701,
        0.5177247984191546,
        0.07616918523294422,
        0.09505916811310901,
        0.098235368477897,
        0.15041895332531288
    ],
    "val_acc": [
        0.46153846153846156,
        0.3076923076923077,
        0.6923076923076923,
        0.38461538461538464,
        0.9230769230769231,
        1.0,
        0.9230769230769231,
        1.0,
        1.0,
        1.0,
        0.6923076923076923,
        1.0,
        1.0,
        0.9230769230769231,
        0.9230769230769231
    ],
    "val_recall": [
        0.5,
        0.3333333333333333,
        0.725,
        0.3833333333333333,
        0.95,
        1.0,
        0.875,
        1.0,
        1.0,
        1.0,
        0.725,
        1.0,
        1.0,
        0.9166666666666666,
        0.9166666666666666
    ],
    "val_f1": [
        0.3653846153846154,
        0.225,
        0.7095238095238096,
        0.31547619047619047,
        0.9365079365079365,
        1.0,
        0.8809523809523809,
        1.0,
        1.0,
        1.0,
        0.7095238095238096,
        1.0,
        1.0,
        0.9142857142857143,
        0.9142857142857143
    ],
    "val_prec": [
        0.325,
        0.3125,
        0.8571428571428572,
        0.5681818181818181,
        0.9375,
        1.0,
        0.9375,
        1.0,
        1.0,
        1.0,
        0.8571428571428572,
        1.0,
        1.0,
        0.9375,
        0.9375
    ],
    "final_test": {
        "loss": 1.3137726976846655,
        "acc": 0.5666666666666667,
        "recall": 0.5803571428571429,
        "f1": 0.5835218702865762,
        "prec": 0.625
    }
}