{
    "train_loss": [
        1.4683615986038656,
        1.3743612649394017,
        1.3530427871965895,
        1.1253564670389773,
        0.7874078551928202,
        0.4897925349719384,
        0.36553863582073476,
        0.6141542102411097,
        0.6157682013204869,
        0.37029779769991544,
        0.28981178765203436,
        0.28779563851033646,
        0.3963681064984378,
        0.17921118445548356,
        0.05967160534369303,
        0.14841487707442366,
        0.14746445486340307,
        0.029471722404089046,
        0.022755053200229417,
        0.017773202684360976
    ],
    "train_acc": [
        0.23529411764705882,
        0.29411764705882354,
        0.35294117647058826,
        0.49019607843137253,
        0.6666666666666666,
        0.7843137254901961,
        0.7843137254901961,
        0.6470588235294118,
        0.7058823529411765,
        0.7450980392156863,
        0.8627450980392157,
        0.8235294117647058,
        0.8235294117647058,
        0.9803921568627451,
        1.0,
        0.9411764705882353,
        0.9215686274509803,
        1.0,
        1.0,
        1.0
    ],
    "train_recall": [
        0.21666666666666667,
        0.26249999999999996,
        0.3111111111111111,
        0.45555555555555555,
        0.6416666666666667,
        0.7361111111111112,
        0.7361111111111112,
        0.5861111111111111,
        0.65,
        0.6875,
        0.8333333333333333,
        0.763888888888889,
        0.7680555555555555,
        0.9791666666666666,
        1.0,
        0.923611111111111,
        0.9027777777777778,
        1.0,
        1.0,
        1.0
    ],
    "train_f1": [
        0.1872638767800058,
        0.23523975588491716,
        0.26359649122807016,
        0.43522727272727274,
        0.6345005054682474,
        0.7356979405034325,
        0.7356979405034325,
        0.5815623128262172,
        0.5818181818181818,
        0.6876430205949656,
        0.8318077803203661,
        0.7474299893654732,
        0.7485119047619048,
        0.9810659186535764,
        1.0,
        0.9258823529411764,
        0.9027777777777778,
        1.0,
        1.0,
        1.0
    ],
    "train_prec": [
        0.17636895268474215,
        0.21536276223776224,
        0.23576604554865424,
        0.4956896551724138,
        0.6888706140350876,
        0.7363636363636363,
        0.7363636363636363,
        0.5803571428571428,
        0.5428571428571429,
        0.6886363636363637,
        0.8318181818181818,
        0.765625,
        0.7944240196078431,
        0.984375,
        1.0,
        0.9302884615384616,
        0.9027777777777778,
        1.0,
        1.0,
        1.0
    ],
    "val_loss": [
        1.6156441615178034,
        1.6195210218429565,
        1.4569001427063575,
        1.3091010726415193,
        0.9972449151369241,
        1.0887283167013755,
        1.235560183914808,
        1.178877438346927,
        1.1345007081444447,
        0.9917661314830184,
        1.3407060079849684,
        1.702954676790306,
        1.0532195900495236,
        1.090637370155981,
        0.5269928497190659,
        1.5688164514632752,
        1.4736833833158016,
        0.9989615622549676,
        1.8446483341977,
        1.4430560135067656
    ],
    "val_acc": [
        0.07692307692307693,
        0.07692307692307693,
        0.15384615384615385,
        0.3076923076923077,
        0.6153846153846154,
        0.6153846153846154,
        0.3076923076923077,
        0.3076923076923077,
        0.3076923076923077,
        0.38461538461538464,
        0.3076923076923077,
        0.3076923076923077,
        0.5384615384615384,
        0.6923076923076923,
        0.9230769230769231,
        0.5384615384615384,
        0.5384615384615384,
        0.7692307692307693,
        0.46153846153846156,
        0.6153846153846154
    ],
    "val_recall": [
        0.25,
        0.25,
        0.3125,
        0.4375,
        0.5,
        0.5,
        0.4375,
        0.4375,
        0.4375,
        0.6875,
        0.4375,
        0.4375,
        0.4642857142857143,
        0.6160714285714286,
        0.9375,
        0.5446428571428571,
        0.5446428571428571,
        0.6517857142857143,
        0.5089285714285714,
        0.5803571428571428
    ],
    "val_f1": [
        0.03571428571428571,
        0.03571428571428571,
        0.11688311688311688,
        0.26666666666666666,
        0.4444444444444444,
        0.4444444444444444,
        0.35,
        0.35,
        0.35,
        0.5238095238095238,
        0.35,
        0.35,
        0.42647058823529416,
        0.6083333333333334,
        0.8809523809523809,
        0.525,
        0.525,
        0.6474358974358974,
        0.4764957264957265,
        0.5681818181818181
    ],
    "val_prec": [
        0.019230769230769232,
        0.019230769230769232,
        0.07738095238095238,
        0.19318181818181818,
        0.40909090909090906,
        0.40909090909090906,
        0.3181818181818182,
        0.3181818181818182,
        0.3181818181818182,
        0.45,
        0.3181818181818182,
        0.3181818181818182,
        0.4,
        0.625,
        0.875,
        0.59375,
        0.59375,
        0.65,
        0.5833333333333333,
        0.6071428571428572
    ],
    "final_test": {
        "loss": 1.3417343382102749,
        "acc": 0.6,
        "recall": 0.6071428571428572,
        "f1": 0.5972222222222221,
        "prec": 0.6488636363636364
    }
}