{
    "train_loss": [
        1.6973886704444885,
        1.4681198906898498,
        1.3983900451660156,
        1.4077461862564087,
        1.394558744430542,
        1.3418929195404052,
        1.2757310819625856,
        1.047605242729187,
        0.5575856924057007,
        0.3131719890236855,
        0.13918215826153754,
        0.10290705651044846,
        0.06693741858005524,
        0.04458421334624291,
        0.036340785324573514,
        0.028124844431877138,
        0.02142339501529932,
        0.01899368651211262,
        0.018408279642462732
    ],
    "train_acc": [
        0.12,
        0.16,
        0.16,
        0.28,
        0.24,
        0.36,
        0.44,
        0.68,
        0.92,
        0.96,
        1.0,
        1.0,
        1.0,
        1.0,
        1.0,
        1.0,
        1.0,
        1.0,
        1.0
    ],
    "train_recall": [
        0.11904761904761904,
        0.14285714285714285,
        0.16666666666666666,
        0.2738095238095238,
        0.21428571428571427,
        0.35714285714285715,
        0.4166666666666667,
        0.6785714285714286,
        0.9166666666666666,
        0.9583333333333334,
        1.0,
        1.0,
        1.0,
        1.0,
        1.0,
        1.0,
        1.0,
        1.0,
        1.0
    ],
    "train_f1": [
        0.08834586466165413,
        0.08,
        0.09090909090909091,
        0.19871794871794873,
        0.0967741935483871,
        0.338235294117647,
        0.33886363636363637,
        0.634271978021978,
        0.9142857142857143,
        0.9580419580419581,
        1.0,
        1.0,
        1.0,
        1.0,
        1.0,
        1.0,
        1.0,
        1.0,
        1.0
    ],
    "train_prec": [
        0.07417582417582418,
        0.05555555555555555,
        0.0625,
        0.18055555555555555,
        0.0625,
        0.3875,
        0.37222222222222223,
        0.7549603174603174,
        0.9375,
        0.9642857142857143,
        1.0,
        1.0,
        1.0,
        1.0,
        1.0,
        1.0,
        1.0,
        1.0,
        1.0
    ],
    "val_loss": [
        1.390376431601388,
        1.3995671272277832,
        1.3910648652485438,
        1.3902679000582014,
        1.3917837653841292,
        1.363207493509565,
        1.2214923245566232,
        0.84079595548766,
        0.619596574987684,
        0.3186785780957767,
        0.21451051426785334,
        0.30123406648635864,
        0.30796914813773973,
        0.13547577842005662,
        0.21762921421655587,
        0.17579045093485288,
        0.17540173019681657,
        0.34858786607427256,
        0.2049885116783636
    ],
    "val_acc": [
        0.2857142857142857,
        0.14285714285714285,
        0.14285714285714285,
        0.42857142857142855,
        0.14285714285714285,
        0.2857142857142857,
        0.42857142857142855,
        1.0,
        0.8571428571428571,
        1.0,
        1.0,
        0.8571428571428571,
        0.8571428571428571,
        1.0,
        0.8571428571428571,
        0.8571428571428571,
        0.8571428571428571,
        0.8571428571428571,
        0.8571428571428571
    ],
    "val_recall": [
        0.25,
        0.25,
        0.25,
        0.5,
        0.25,
        0.375,
        0.5,
        1.0,
        0.75,
        1.0,
        1.0,
        0.75,
        0.75,
        1.0,
        0.75,
        0.75,
        0.75,
        0.75,
        0.75
    ],
    "val_f1": [
        0.1111111111111111,
        0.0625,
        0.0625,
        0.30000000000000004,
        0.0625,
        0.23809523809523808,
        0.375,
        1.0,
        0.7,
        1.0,
        1.0,
        0.7,
        0.7,
        1.0,
        0.7,
        0.7,
        0.7,
        0.7,
        0.7
    ],
    "val_prec": [
        0.07142857142857142,
        0.03571428571428571,
        0.03571428571428571,
        0.22916666666666666,
        0.03571428571428571,
        0.2916666666666667,
        0.3333333333333333,
        1.0,
        0.6666666666666666,
        1.0,
        1.0,
        0.6666666666666666,
        0.6666666666666666,
        1.0,
        0.6666666666666666,
        0.6666666666666666,
        0.6666666666666666,
        0.6666666666666666,
        0.6666666666666666
    ],
    "final_test": {
        "loss": 0.07101489324122667,
        "acc": 1.0,
        "recall": 1.0,
        "f1": 1.0,
        "prec": 1.0
    }
}