{
    "train_loss": [
        1.4472955989837646,
        1.1632060027122497,
        0.9348266100883484,
        0.6506723988056183,
        0.42532427787780763,
        0.22976334780454635,
        0.1267221027612686,
        0.07632257334887982,
        0.04587615214288235,
        0.03763150334358215,
        0.022648681737482548
    ],
    "train_acc": [
        0.28,
        0.6,
        0.92,
        0.84,
        0.96,
        1.0,
        1.0,
        1.0,
        1.0,
        1.0,
        1.0
    ],
    "train_recall": [
        0.22916666666666666,
        0.5491071428571428,
        0.875,
        0.78125,
        0.9375,
        1.0,
        1.0,
        1.0,
        1.0,
        1.0,
        1.0
    ],
    "train_f1": [
        0.17555555555555555,
        0.4871794871794871,
        0.8888888888888888,
        0.7752136752136752,
        0.9495798319327731,
        1.0,
        1.0,
        1.0,
        1.0,
        1.0,
        1.0
    ],
    "train_prec": [
        0.1715686274509804,
        0.47023809523809523,
        0.95,
        0.8892857142857142,
        0.9722222222222222,
        1.0,
        1.0,
        1.0,
        1.0,
        1.0,
        1.0
    ],
    "val_loss": [
        1.619399905204773,
        1.3727224724633353,
        1.0169330409594945,
        0.8332138870443616,
        0.6817116971526828,
        0.6403289384075573,
        0.7167664218161788,
        0.696421917527914,
        0.7592397848410266,
        0.993137263027685,
        0.8129296175071171
    ],
    "val_acc": [
        0.2857142857142857,
        0.2857142857142857,
        0.42857142857142855,
        0.42857142857142855,
        0.8571428571428571,
        0.7142857142857143,
        0.5714285714285714,
        0.7142857142857143,
        0.5714285714285714,
        0.5714285714285714,
        0.5714285714285714
    ],
    "val_recall": [
        0.25,
        0.375,
        0.5,
        0.5,
        0.9166666666666666,
        0.625,
        0.75,
        0.8333333333333334,
        0.75,
        0.75,
        0.75
    ],
    "val_f1": [
        0.2,
        0.3333333333333333,
        0.5,
        0.5,
        0.8412698412698413,
        0.5833333333333333,
        0.6,
        0.7222222222222222,
        0.6,
        0.6,
        0.6
    ],
    "val_prec": [
        0.16666666666666666,
        0.375,
        0.5,
        0.5,
        0.8333333333333334,
        0.625,
        0.75,
        0.7777777777777777,
        0.75,
        0.75,
        0.75
    ],
    "final_test": {
        "loss": 0.43084121495485306,
        "acc": 1.0,
        "recall": 1.0,
        "f1": 1.0,
        "prec": 1.0
    }
}