{
    "train_loss": [
        1.3695293571434768,
        1.0794943360721363,
        0.6282832396088862,
        0.39030811417044375,
        0.2990663478552711,
        0.20553327351808548,
        0.06230090857099961,
        0.03632198695056871,
        0.020828805361673527,
        0.018587160974229668,
        0.014170208060200893,
        0.01313431777388734,
        0.009990796282449189,
        0.009488501745805728
    ],
    "train_acc": [
        0.3137254901960784,
        0.7058823529411765,
        0.8823529411764706,
        0.9019607843137255,
        0.9019607843137255,
        0.9411764705882353,
        1.0,
        1.0,
        1.0,
        1.0,
        1.0,
        1.0,
        1.0,
        1.0
    ],
    "train_recall": [
        0.30929487179487175,
        0.701923076923077,
        0.8830128205128206,
        0.9022435897435898,
        0.9006410256410257,
        0.9407051282051282,
        1.0,
        1.0,
        1.0,
        1.0,
        1.0,
        1.0,
        1.0,
        1.0
    ],
    "train_f1": [
        0.30001078776033396,
        0.6957571976571524,
        0.8821581196581196,
        0.904372600024774,
        0.9011519881085098,
        0.9412732919254658,
        1.0,
        1.0,
        1.0,
        1.0,
        1.0,
        1.0,
        1.0,
        1.0
    ],
    "train_prec": [
        0.5113888888888889,
        0.7409670008354219,
        0.882554945054945,
        0.907967032967033,
        0.9030969030969032,
        0.9458333333333333,
        1.0,
        1.0,
        1.0,
        1.0,
        1.0,
        1.0,
        1.0,
        1.0
    ],
    "val_loss": [
        1.2557173508864183,
        0.9516918819684249,
        1.0017902610393672,
        0.46778456465556073,
        0.6261151851369784,
        0.3487523511911814,
        0.5076749392140371,
        0.4288939989816684,
        0.26028306552997005,
        0.3063433746305796,
        0.637429950472254,
        0.3002934239876385,
        0.27521166739125663,
        0.2886393020072809
    ],
    "val_acc": [
        0.6923076923076923,
        0.8461538461538461,
        0.46153846153846156,
        0.8461538461538461,
        0.8461538461538461,
        0.9230769230769231,
        0.8461538461538461,
        0.8461538461538461,
        0.9230769230769231,
        0.9230769230769231,
        0.8461538461538461,
        0.9230769230769231,
        0.9230769230769231,
        0.9230769230769231
    ],
    "val_recall": [
        0.6875,
        0.8333333333333333,
        0.47916666666666663,
        0.8333333333333333,
        0.8333333333333333,
        0.9166666666666666,
        0.8333333333333333,
        0.8333333333333333,
        0.9166666666666666,
        0.9166666666666666,
        0.8333333333333333,
        0.9166666666666666,
        0.9166666666666666,
        0.9166666666666666
    ],
    "val_f1": [
        0.6041666666666666,
        0.8333333333333333,
        0.375,
        0.8125,
        0.8035714285714286,
        0.9142857142857143,
        0.8115079365079365,
        0.8115079365079365,
        0.9142857142857143,
        0.9142857142857143,
        0.8115079365079365,
        0.9142857142857143,
        0.9142857142857143,
        0.9142857142857143
    ],
    "val_prec": [
        0.5625,
        0.8333333333333333,
        0.45714285714285713,
        0.9,
        0.875,
        0.9375,
        0.8875,
        0.8875,
        0.9375,
        0.9375,
        0.8875,
        0.9375,
        0.9375,
        0.9375
    ],
    "final_test": {
        "loss": 1.2213022687472403,
        "acc": 0.5666666666666667,
        "recall": 0.5803571428571428,
        "f1": 0.5539074960127591,
        "prec": 0.6279761904761905
    }
}