{
    "train_loss": [
        1.4547753310671039,
        1.3789485295613606,
        1.1082516204492718,
        0.7555170493090854,
        0.572213743977687,
        0.2360324983795484,
        0.15382432681964894,
        0.04898574433344252,
        0.02623569377351041,
        0.020543104101556773
    ],
    "train_acc": [
        0.1568627450980392,
        0.3137254901960784,
        0.5882352941176471,
        0.6666666666666666,
        0.803921568627451,
        0.9411764705882353,
        0.9803921568627451,
        1.0,
        1.0,
        1.0
    ],
    "train_recall": [
        0.15132783882783885,
        0.3079212454212454,
        0.5716575091575091,
        0.6490384615384616,
        0.7946428571428571,
        0.9375,
        0.9791666666666666,
        1.0,
        1.0,
        1.0
    ],
    "train_f1": [
        0.13875661375661374,
        0.3081060606060606,
        0.532483961326466,
        0.6301623015471736,
        0.7909259655886343,
        0.9365079365079365,
        0.9791304347826086,
        1.0,
        1.0,
        1.0
    ],
    "train_prec": [
        0.12906162464985993,
        0.32765151515151514,
        0.5306372549019608,
        0.6298611111111111,
        0.801104797979798,
        0.95,
        0.9807692307692308,
        1.0,
        1.0,
        1.0
    ],
    "val_loss": [
        1.3975152969360352,
        1.425248622894287,
        1.092484664458495,
        0.9181895072643573,
        0.7897771235841972,
        0.8658064282857455,
        1.4619345450057433,
        1.1703244275771654,
        1.2270799256288087,
        1.443763087145411
    ],
    "val_acc": [
        0.15384615384615385,
        0.15384615384615385,
        0.46153846153846156,
        0.6153846153846154,
        0.7692307692307693,
        0.6923076923076923,
        0.5384615384615384,
        0.6153846153846154,
        0.6153846153846154,
        0.6153846153846154
    ],
    "val_recall": [
        0.25,
        0.25,
        0.5,
        0.6666666666666666,
        0.8125,
        0.75,
        0.5625,
        0.6875,
        0.6875,
        0.6875
    ],
    "val_f1": [
        0.06666666666666667,
        0.07692307692307693,
        0.3833333333333333,
        0.6038461538461539,
        0.7818181818181819,
        0.7333333333333334,
        0.5059523809523809,
        0.5875,
        0.5875,
        0.5875
    ],
    "val_prec": [
        0.038461538461538464,
        0.045454545454545456,
        0.34090909090909094,
        0.6111111111111112,
        0.8928571428571428,
        0.75,
        0.53125,
        0.525,
        0.525,
        0.525
    ],
    "final_test": {
        "loss": 1.2698696235815683,
        "acc": 0.43333333333333335,
        "recall": 0.4330357142857143,
        "f1": 0.3054347826086956,
        "prec": 0.23958333333333334
    }
}