{
    "train_loss": [
        1.4659264254570008,
        1.2398441982269288,
        1.0166074490547181,
        0.7455404806137085,
        0.4274859836697578,
        0.18738242506980896,
        0.1013429194688797,
        0.06556054107844829,
        0.04395570255815983,
        0.040320048928260806,
        0.02299961492419243,
        0.022312163431197404,
        0.021938380151987076,
        0.019607239104807377,
        0.01644342055544257,
        0.0133777310885489,
        0.009464159393683075,
        0.010554165542125703,
        0.009522935738787056,
        0.007278614188544452,
        0.010524833407253027,
        0.009243765212595463,
        0.00634323641192168,
        0.005156778302043676,
        0.004857680485583842,
        0.0038911868445575238,
        0.005099399029277265,
        0.0037248207232914864,
        0.004496769567485899,
        0.003039658940397203,
        0.0035229325701948257
    ],
    "train_acc": [
        0.36,
        0.48,
        0.64,
        0.8,
        0.96,
        1.0,
        1.0,
        1.0,
        1.0,
        1.0,
        1.0,
        1.0,
        1.0,
        1.0,
        1.0,
        1.0,
        1.0,
        1.0,
        1.0,
        1.0,
        1.0,
        1.0,
        1.0,
        1.0,
        1.0,
        1.0,
        1.0,
        1.0,
        1.0,
        1.0,
        1.0
    ],
    "train_recall": [
        0.318452380952381,
        0.39285714285714285,
        0.5416666666666666,
        0.7410714285714286,
        0.9583333333333334,
        1.0,
        1.0,
        1.0,
        1.0,
        1.0,
        1.0,
        1.0,
        1.0,
        1.0,
        1.0,
        1.0,
        1.0,
        1.0,
        1.0,
        1.0,
        1.0,
        1.0,
        1.0,
        1.0,
        1.0,
        1.0,
        1.0,
        1.0,
        1.0,
        1.0,
        1.0
    ],
    "train_f1": [
        0.26948051948051943,
        0.31974921630094044,
        0.4563492063492063,
        0.7276018099547512,
        0.9494949494949495,
        1.0,
        1.0,
        1.0,
        1.0,
        1.0,
        1.0,
        1.0,
        1.0,
        1.0,
        1.0,
        1.0,
        1.0,
        1.0,
        1.0,
        1.0,
        1.0,
        1.0,
        1.0,
        1.0,
        1.0,
        1.0,
        1.0,
        1.0,
        1.0,
        1.0,
        1.0
    ],
    "train_prec": [
        0.4880952380952381,
        0.34523809523809523,
        0.5629370629370629,
        0.8472222222222222,
        0.95,
        1.0,
        1.0,
        1.0,
        1.0,
        1.0,
        1.0,
        1.0,
        1.0,
        1.0,
        1.0,
        1.0,
        1.0,
        1.0,
        1.0,
        1.0,
        1.0,
        1.0,
        1.0,
        1.0,
        1.0,
        1.0,
        1.0,
        1.0,
        1.0,
        1.0,
        1.0
    ],
    "val_loss": [
        1.4576884167534965,
        1.5975136416299003,
        1.2703695808138167,
        1.0241959180150713,
        0.619638728243964,
        0.40394469457013266,
        0.2751301718609674,
        0.24084206564085825,
        0.16500430421105453,
        0.1779597300503935,
        0.132050727494061,
        0.11447657431874957,
        0.14722172091049807,
        0.08706087625718542,
        0.07151620063398566,
        0.1290427739066737,
        0.08935928264898914,
        0.07315625596259322,
        0.054292407019862106,
        0.05256131251475641,
        0.03268308877678854,
        0.027546144223638942,
        0.02694039499121053,
        0.03053242650016078,
        0.023021938478840247,
        0.015737839442278658,
        0.02783513760992459,
        0.035170088788228374,
        0.020590884744056633,
        0.026719659234264066,
        0.018541682810921754
    ],
    "val_acc": [
        0.14285714285714285,
        0.14285714285714285,
        0.14285714285714285,
        0.5714285714285714,
        0.8571428571428571,
        1.0,
        1.0,
        1.0,
        1.0,
        1.0,
        1.0,
        1.0,
        1.0,
        1.0,
        1.0,
        1.0,
        1.0,
        1.0,
        1.0,
        1.0,
        1.0,
        1.0,
        1.0,
        1.0,
        1.0,
        1.0,
        1.0,
        1.0,
        1.0,
        1.0,
        1.0
    ],
    "val_recall": [
        0.25,
        0.25,
        0.25,
        0.5833333333333334,
        0.9166666666666666,
        1.0,
        1.0,
        1.0,
        1.0,
        1.0,
        1.0,
        1.0,
        1.0,
        1.0,
        1.0,
        1.0,
        1.0,
        1.0,
        1.0,
        1.0,
        1.0,
        1.0,
        1.0,
        1.0,
        1.0,
        1.0,
        1.0,
        1.0,
        1.0,
        1.0,
        1.0
    ],
    "val_f1": [
        0.25,
        0.1,
        0.1,
        0.41904761904761906,
        0.8857142857142858,
        1.0,
        1.0,
        1.0,
        1.0,
        1.0,
        1.0,
        1.0,
        1.0,
        1.0,
        1.0,
        1.0,
        1.0,
        1.0,
        1.0,
        1.0,
        1.0,
        1.0,
        1.0,
        1.0,
        1.0,
        1.0,
        1.0,
        1.0,
        1.0,
        1.0,
        1.0
    ],
    "val_prec": [
        0.25,
        0.0625,
        0.0625,
        0.4166666666666667,
        0.8888888888888888,
        1.0,
        1.0,
        1.0,
        1.0,
        1.0,
        1.0,
        1.0,
        1.0,
        1.0,
        1.0,
        1.0,
        1.0,
        1.0,
        1.0,
        1.0,
        1.0,
        1.0,
        1.0,
        1.0,
        1.0,
        1.0,
        1.0,
        1.0,
        1.0,
        1.0,
        1.0
    ],
    "final_test": {
        "loss": 0.43374770996160805,
        "acc": 0.875,
        "recall": 0.875,
        "f1": 0.8666666666666667,
        "prec": 0.9166666666666666
    }
}