{
    "train_loss": [
        1.4831505534695644,
        1.26002735600752,
        0.9743154311881346,
        0.7447822193304697,
        0.3180652536159637,
        0.13188657595538625,
        0.0532752381199423,
        0.027367262169718742,
        0.022468953996020204,
        0.015768000134723445,
        0.013017853562190545,
        0.010369726844752828,
        0.007545643757718305,
        0.006912519265075817,
        0.006184389438096653
    ],
    "train_acc": [
        0.27450980392156865,
        0.49019607843137253,
        0.6862745098039216,
        0.7450980392156863,
        0.9607843137254902,
        1.0,
        1.0,
        1.0,
        1.0,
        1.0,
        1.0,
        1.0,
        1.0,
        1.0,
        1.0
    ],
    "train_recall": [
        0.27840909090909094,
        0.47700216450216454,
        0.6663961038961039,
        0.724025974025974,
        0.9642857142857143,
        1.0,
        1.0,
        1.0,
        1.0,
        1.0,
        1.0,
        1.0,
        1.0,
        1.0,
        1.0
    ],
    "train_f1": [
        0.2820707070707071,
        0.4713619713619714,
        0.6475213675213675,
        0.6815291563275434,
        0.9615384615384616,
        1.0,
        1.0,
        1.0,
        1.0,
        1.0,
        1.0,
        1.0,
        1.0,
        1.0,
        1.0
    ],
    "train_prec": [
        0.31854066985645935,
        0.6321428571428571,
        0.7071678321678321,
        0.810672514619883,
        0.9642857142857143,
        1.0,
        1.0,
        1.0,
        1.0,
        1.0,
        1.0,
        1.0,
        1.0,
        1.0,
        1.0
    ],
    "val_loss": [
        1.375689644079942,
        1.2675713346554682,
        0.9851995614858774,
        1.149186454140223,
        1.3968463018536568,
        0.8567852257536008,
        1.1020287642112145,
        1.1168897530207267,
        0.6996006805163163,
        0.30035095690534663,
        1.3134838042852397,
        0.6619574385336958,
        0.5592357975502427,
        1.6224100956550012,
        0.7863697013817728
    ],
    "val_acc": [
        0.15384615384615385,
        0.23076923076923078,
        0.46153846153846156,
        0.38461538461538464,
        0.38461538461538464,
        0.3076923076923077,
        0.5384615384615384,
        0.5384615384615384,
        0.6153846153846154,
        0.8461538461538461,
        0.38461538461538464,
        0.6153846153846154,
        0.6923076923076923,
        0.3076923076923077,
        0.6153846153846154
    ],
    "val_recall": [
        0.25,
        0.3125,
        0.5,
        0.5625,
        0.4375,
        0.375,
        0.625,
        0.625,
        0.75,
        0.9,
        0.4375,
        0.75,
        0.8,
        0.375,
        0.75
    ],
    "val_f1": [
        0.06666666666666667,
        0.18333333333333335,
        0.3111111111111111,
        0.35,
        0.2976190476190476,
        0.2777777777777778,
        0.5166666666666666,
        0.5166666666666666,
        0.6111111111111112,
        0.8541666666666666,
        0.2976190476190476,
        0.6111111111111112,
        0.7083333333333334,
        0.24358974358974358,
        0.6111111111111112
    ],
    "val_prec": [
        0.038461538461538464,
        0.3,
        0.23809523809523808,
        0.41666666666666663,
        0.3,
        0.3214285714285714,
        0.5625,
        0.5625,
        0.5714285714285714,
        0.875,
        0.3,
        0.5714285714285714,
        0.8333333333333333,
        0.29545454545454547,
        0.5714285714285714
    ],
    "final_test": {
        "loss": 1.5680734503703813,
        "acc": 0.5666666666666667,
        "recall": 0.5714285714285714,
        "f1": 0.5259803921568628,
        "prec": 0.5166666666666666
    }
}