{
    "train_loss": [
        1.3769972848892211,
        1.0357871818542481,
        0.7021844553947448,
        0.3971378129720688,
        0.19536784261465073,
        0.09312665835022926,
        0.06696239963173867,
        0.0435767974704504,
        0.03991554819047451,
        0.028193666599690914,
        0.021308218240737916,
        0.018504510913044215,
        0.01522268770262599,
        0.011841548942029476,
        0.010138441529124975,
        0.008569779368117451,
        0.009168393295258283,
        0.00710959970485419,
        0.006585016329772771
    ],
    "train_acc": [
        0.24,
        0.76,
        0.76,
        1.0,
        1.0,
        1.0,
        1.0,
        1.0,
        1.0,
        1.0,
        1.0,
        1.0,
        1.0,
        1.0,
        1.0,
        1.0,
        1.0,
        1.0,
        1.0
    ],
    "train_recall": [
        0.1875,
        0.7142857142857143,
        0.7,
        1.0,
        1.0,
        1.0,
        1.0,
        1.0,
        1.0,
        1.0,
        1.0,
        1.0,
        1.0,
        1.0,
        1.0,
        1.0,
        1.0,
        1.0,
        1.0
    ],
    "train_f1": [
        0.1,
        0.6415584415584416,
        0.7107142857142856,
        1.0,
        1.0,
        1.0,
        1.0,
        1.0,
        1.0,
        1.0,
        1.0,
        1.0,
        1.0,
        1.0,
        1.0,
        1.0,
        1.0,
        1.0,
        1.0
    ],
    "train_prec": [
        0.06818181818181818,
        0.5892857142857143,
        0.8846153846153846,
        1.0,
        1.0,
        1.0,
        1.0,
        1.0,
        1.0,
        1.0,
        1.0,
        1.0,
        1.0,
        1.0,
        1.0,
        1.0,
        1.0,
        1.0,
        1.0
    ],
    "val_loss": [
        1.425039631979806,
        1.3678489582879203,
        1.3630931036812919,
        0.9589670768805912,
        0.4895017147064209,
        0.5082227481263024,
        0.5015467745917184,
        0.49856880253979136,
        0.44509224008236614,
        0.7188149690628052,
        0.5691417900047132,
        0.27593319384115084,
        0.20022603257426194,
        0.15641059926045792,
        0.7355231424527509,
        0.5289532438452754,
        0.2938427843951753,
        0.36655832095337765,
        0.40085555320339544
    ],
    "val_acc": [
        0.0,
        0.2857142857142857,
        0.2857142857142857,
        0.7142857142857143,
        0.8571428571428571,
        0.8571428571428571,
        0.8571428571428571,
        0.7142857142857143,
        0.8571428571428571,
        0.7142857142857143,
        0.7142857142857143,
        0.8571428571428571,
        1.0,
        1.0,
        0.7142857142857143,
        0.8571428571428571,
        0.8571428571428571,
        0.8571428571428571,
        0.8571428571428571
    ],
    "val_recall": [
        0.0,
        0.3333333333333333,
        0.3333333333333333,
        0.5833333333333334,
        0.8888888888888888,
        0.8888888888888888,
        0.6666666666666666,
        0.7777777777777778,
        0.8888888888888888,
        0.7777777777777778,
        0.7777777777777778,
        0.6666666666666666,
        1.0,
        1.0,
        0.7777777777777778,
        0.8888888888888888,
        0.8888888888888888,
        0.8888888888888888,
        0.8888888888888888
    ],
    "val_f1": [
        0.0,
        0.225,
        0.29166666666666663,
        0.5416666666666666,
        0.8857142857142858,
        0.8857142857142858,
        0.7,
        0.6746031746031745,
        0.8857142857142858,
        0.6746031746031745,
        0.6746031746031745,
        0.7,
        1.0,
        1.0,
        0.6746031746031745,
        0.8857142857142858,
        0.8857142857142858,
        0.8857142857142858,
        0.8857142857142858
    ],
    "val_prec": [
        0.0,
        0.3125,
        0.375,
        0.625,
        0.9166666666666666,
        0.9166666666666666,
        0.75,
        0.75,
        0.9166666666666666,
        0.75,
        0.75,
        0.75,
        1.0,
        1.0,
        0.75,
        0.9166666666666666,
        0.9166666666666666,
        0.9166666666666666,
        0.9166666666666666
    ],
    "final_test": {
        "loss": 0.10536725621204823,
        "acc": 1.0,
        "recall": 1.0,
        "f1": 1.0,
        "prec": 1.0
    }
}