{
    "train_loss": [
        1.3994057669359095,
        1.1311654156329585,
        0.7463225324948629,
        0.3642272379468469,
        0.4174487504596804,
        0.3318425106505553,
        0.1237482136371089,
        0.04904306471786078,
        0.028127120259930107,
        0.048756960450726396,
        0.017258684598274676,
        0.01657664960286781,
        0.010994734644305473,
        0.008816989727646989,
        0.0075845997004459305,
        0.0068043857520701835,
        0.006235296144058891,
        0.005203751701058126,
        0.005895548091525687,
        0.004876631312072277
    ],
    "train_acc": [
        0.3137254901960784,
        0.5490196078431373,
        0.8235294117647058,
        0.9411764705882353,
        0.8627450980392157,
        0.9019607843137255,
        0.9607843137254902,
        1.0,
        1.0,
        1.0,
        1.0,
        1.0,
        1.0,
        1.0,
        1.0,
        1.0,
        1.0,
        1.0,
        1.0,
        1.0
    ],
    "train_recall": [
        0.301510989010989,
        0.5604395604395604,
        0.8248626373626374,
        0.9434523809523809,
        0.8619505494505495,
        0.9004120879120878,
        0.9599358974358975,
        1.0,
        1.0,
        1.0,
        1.0,
        1.0,
        1.0,
        1.0,
        1.0,
        1.0,
        1.0,
        1.0,
        1.0,
        1.0
    ],
    "train_f1": [
        0.262280701754386,
        0.5435251023486317,
        0.8257238413760153,
        0.940676638176638,
        0.8634259259259258,
        0.9032246376811593,
        0.9599358974358975,
        1.0,
        1.0,
        1.0,
        1.0,
        1.0,
        1.0,
        1.0,
        1.0,
        1.0,
        1.0,
        1.0,
        1.0,
        1.0
    ],
    "train_prec": [
        0.2575953458306399,
        0.5978084415584416,
        0.8303571428571429,
        0.9420787545787546,
        0.8660714285714286,
        0.9095643939393939,
        0.9599358974358975,
        1.0,
        1.0,
        1.0,
        1.0,
        1.0,
        1.0,
        1.0,
        1.0,
        1.0,
        1.0,
        1.0,
        1.0,
        1.0
    ],
    "val_loss": [
        1.3322649827370276,
        1.100481207554157,
        0.9711538713711959,
        0.804171064725289,
        1.166350762717999,
        1.0071505207854967,
        0.8297424597235826,
        0.4293834941031841,
        0.42484143677239233,
        0.5021749187547427,
        0.4610320587570851,
        0.42784392769233537,
        0.4152618551340241,
        0.4413624730749199,
        0.37583677309493607,
        0.3987662297530243,
        0.3801832828097619,
        0.3818373086396605,
        0.3887179512530565,
        0.4022454274997402
    ],
    "val_acc": [
        0.3076923076923077,
        0.38461538461538464,
        0.6153846153846154,
        0.7692307692307693,
        0.46153846153846156,
        0.46153846153846156,
        0.7692307692307693,
        0.8461538461538461,
        0.8461538461538461,
        0.9230769230769231,
        0.9230769230769231,
        0.9230769230769231,
        0.9230769230769231,
        0.9230769230769231,
        0.9230769230769231,
        0.9230769230769231,
        0.9230769230769231,
        0.9230769230769231,
        0.9230769230769231,
        0.9230769230769231
    ],
    "val_recall": [
        0.25,
        0.4375,
        0.6041666666666666,
        0.7291666666666666,
        0.5,
        0.41666666666666663,
        0.7291666666666666,
        0.7916666666666666,
        0.7916666666666666,
        0.9166666666666666,
        0.9166666666666666,
        0.9166666666666666,
        0.9166666666666666,
        0.9166666666666666,
        0.9166666666666666,
        0.9166666666666666,
        0.9166666666666666,
        0.9166666666666666,
        0.9166666666666666,
        0.9166666666666666
    ],
    "val_f1": [
        0.14285714285714285,
        0.35,
        0.5722222222222222,
        0.7392857142857143,
        0.325,
        0.29292929292929293,
        0.7627705627705628,
        0.8166666666666667,
        0.8166666666666667,
        0.8999999999999999,
        0.8999999999999999,
        0.8999999999999999,
        0.8999999999999999,
        0.8999999999999999,
        0.8999999999999999,
        0.8999999999999999,
        0.8999999999999999,
        0.9222222222222223,
        0.8999999999999999,
        0.8999999999999999
    ],
    "val_prec": [
        0.1,
        0.4583333333333333,
        0.675,
        0.7916666666666666,
        0.25,
        0.22619047619047616,
        0.8928571428571428,
        0.9166666666666666,
        0.9166666666666666,
        0.9166666666666666,
        0.9166666666666666,
        0.9166666666666666,
        0.9166666666666666,
        0.9166666666666666,
        0.9166666666666666,
        0.9166666666666666,
        0.9166666666666666,
        0.95,
        0.9166666666666666,
        0.9166666666666666
    ],
    "final_test": {
        "loss": 1.945357613513867,
        "acc": 0.3333333333333333,
        "recall": 0.34375,
        "f1": 0.36799719887955185,
        "prec": 0.4111111111111111
    }
}