{
    "train_loss": [
        1.5493105287645377,
        1.4047839816878824,
        1.4145259039074767,
        1.316253849104339,
        1.178414928562501,
        0.7855207493492201,
        0.4102170888115378,
        0.2867127032402684,
        0.1728436803700877,
        0.07942906833783377,
        0.039203217709619625,
        0.02226284902323695,
        0.014355657142860925,
        0.012199334462410678,
        0.009802647619782126,
        0.006742994394609887,
        0.0072464040781864344
    ],
    "train_acc": [
        0.11764705882352941,
        0.3333333333333333,
        0.29411764705882354,
        0.3137254901960784,
        0.45098039215686275,
        0.6666666666666666,
        0.9215686274509803,
        0.8823529411764706,
        0.9607843137254902,
        0.9803921568627451,
        1.0,
        1.0,
        1.0,
        1.0,
        1.0,
        1.0,
        1.0
    ],
    "train_recall": [
        0.11744505494505494,
        0.31959706959706957,
        0.29853479853479853,
        0.3079212454212454,
        0.43727106227106227,
        0.657051282051282,
        0.9182692307692308,
        0.8798076923076923,
        0.9599358974358975,
        0.9791666666666666,
        1.0,
        1.0,
        1.0,
        1.0,
        1.0,
        1.0,
        1.0
    ],
    "train_f1": [
        0.1164021164021164,
        0.3004419191919192,
        0.2742997198879552,
        0.29272247360482656,
        0.35898366606170595,
        0.6033514492753623,
        0.9181469871125044,
        0.8798076923076923,
        0.9612789758966671,
        0.9798711755233493,
        1.0,
        1.0,
        1.0,
        1.0,
        1.0,
        1.0,
        1.0
    ],
    "train_prec": [
        0.11971153846153845,
        0.44940476190476186,
        0.37058080808080807,
        0.3371428571428572,
        0.32449229691876746,
        0.6611111111111111,
        0.9226190476190476,
        0.8798076923076923,
        0.9641025641025641,
        0.9821428571428572,
        1.0,
        1.0,
        1.0,
        1.0,
        1.0,
        1.0,
        1.0
    ],
    "val_loss": [
        1.505054065814385,
        1.3696195987554698,
        1.3905359690005963,
        1.2235310673713684,
        0.9515213049375094,
        0.7011146281774228,
        0.903122539130541,
        0.7321819107119854,
        0.25837864798422044,
        0.5256712910934136,
        1.1122732495602508,
        0.1319460841612174,
        0.5800116767462057,
        0.6858592284843326,
        0.2921593031631066,
        1.3446456040793027,
        0.4281714156878969
    ],
    "val_acc": [
        0.15384615384615385,
        0.3076923076923077,
        0.15384615384615385,
        0.46153846153846156,
        0.5384615384615384,
        0.6923076923076923,
        0.6923076923076923,
        0.6923076923076923,
        0.8461538461538461,
        0.6923076923076923,
        0.5384615384615384,
        0.9230769230769231,
        0.7692307692307693,
        0.7692307692307693,
        0.8461538461538461,
        0.5384615384615384,
        0.7692307692307693
    ],
    "val_recall": [
        0.25,
        0.25,
        0.25,
        0.5,
        0.5833333333333333,
        0.75,
        0.75,
        0.75,
        0.875,
        0.6875,
        0.5,
        0.9375,
        0.75,
        0.75,
        0.875,
        0.5,
        0.75
    ],
    "val_f1": [
        0.06666666666666667,
        0.11764705882352941,
        0.07692307692307693,
        0.34090909090909094,
        0.4484126984126984,
        0.65,
        0.65,
        0.65,
        0.8541666666666666,
        0.6666666666666666,
        0.375,
        0.9285714285714286,
        0.7499999999999999,
        0.7499999999999999,
        0.8541666666666666,
        0.375,
        0.7499999999999999
    ],
    "val_prec": [
        0.038461538461538464,
        0.07692307692307693,
        0.045454545454545456,
        0.3055555555555556,
        0.3833333333333333,
        0.6071428571428572,
        0.6071428571428572,
        0.6071428571428572,
        0.9,
        0.8571428571428572,
        0.3333333333333333,
        0.9375,
        0.875,
        0.875,
        0.9,
        0.3333333333333333,
        0.875
    ],
    "final_test": {
        "loss": 1.473974678789576,
        "acc": 0.5333333333333333,
        "recall": 0.5446428571428572,
        "f1": 0.5332314744079449,
        "prec": 0.6349206349206349
    }
}