{
    "train_loss": [
        1.2933619046211242,
        0.989856882095337,
        0.6633508837223053,
        0.39152126729488373,
        0.2602748656272888,
        0.19356773644685746,
        0.09353845447301865,
        0.04782575160264969,
        0.04206439003348351,
        0.030549404695630073,
        0.024672155156731605,
        0.019188433475792407,
        0.016864720210433008,
        0.016356871649622916
    ],
    "train_acc": [
        0.32,
        0.8,
        0.92,
        1.0,
        0.92,
        0.96,
        1.0,
        1.0,
        1.0,
        1.0,
        1.0,
        1.0,
        1.0,
        1.0
    ],
    "train_recall": [
        0.2976190476190476,
        0.8154761904761905,
        0.9226190476190477,
        1.0,
        0.9226190476190477,
        0.9642857142857143,
        1.0,
        1.0,
        1.0,
        1.0,
        1.0,
        1.0,
        1.0,
        1.0
    ],
    "train_f1": [
        0.23214285714285715,
        0.7915584415584416,
        0.9195804195804196,
        1.0,
        0.9195804195804196,
        0.9615384615384616,
        1.0,
        1.0,
        1.0,
        1.0,
        1.0,
        1.0,
        1.0,
        1.0
    ],
    "train_prec": [
        0.3214285714285714,
        0.8541666666666666,
        0.9285714285714286,
        1.0,
        0.9285714285714286,
        0.9642857142857143,
        1.0,
        1.0,
        1.0,
        1.0,
        1.0,
        1.0,
        1.0,
        1.0
    ],
    "val_loss": [
        1.227613159588405,
        1.1321670242718287,
        1.0565904804638453,
        0.7312465182372502,
        0.7356757958020482,
        0.9725470979298864,
        0.38166928983160425,
        0.4701443256012031,
        0.24766224835600173,
        0.38190439503107754,
        0.35679489879735876,
        0.46938077120908667,
        0.36264792763228926,
        0.5370104057448251
    ],
    "val_acc": [
        0.7142857142857143,
        0.42857142857142855,
        0.42857142857142855,
        0.7142857142857143,
        0.5714285714285714,
        0.7142857142857143,
        0.7142857142857143,
        0.8571428571428571,
        0.8571428571428571,
        0.8571428571428571,
        0.8571428571428571,
        0.8571428571428571,
        0.8571428571428571,
        0.8571428571428571
    ],
    "val_recall": [
        0.75,
        0.5,
        0.5,
        0.75,
        0.625,
        0.75,
        0.75,
        0.875,
        0.875,
        0.875,
        0.875,
        0.875,
        0.875,
        0.875
    ],
    "val_f1": [
        0.7083333333333333,
        0.39166666666666666,
        0.39166666666666666,
        0.7083333333333333,
        0.5166666666666666,
        0.6666666666666666,
        0.7083333333333333,
        0.8666666666666667,
        0.8666666666666667,
        0.8666666666666667,
        0.8666666666666667,
        0.8666666666666667,
        0.8666666666666667,
        0.8666666666666667
    ],
    "val_prec": [
        0.8333333333333333,
        0.4375,
        0.4375,
        0.75,
        0.4583333333333333,
        0.625,
        0.75,
        0.9166666666666666,
        0.9166666666666666,
        0.9166666666666666,
        0.9166666666666666,
        0.9166666666666666,
        0.9166666666666666,
        0.9166666666666666
    ],
    "final_test": {
        "loss": 0.19284113962203264,
        "acc": 1.0,
        "recall": 1.0,
        "f1": 1.0,
        "prec": 1.0
    }
}