{
    "train_loss": [
        1.4478428363800049,
        1.1664540457725525,
        0.9103234100341797,
        0.5475809919834137,
        0.26965924590826035,
        0.1460574534535408,
        0.07773875296115876,
        0.056549151912331584,
        0.03321666933596134,
        0.02930031031370163,
        0.023461340963840484,
        0.023179628252983094,
        0.015287881046533584,
        0.014027212131768465,
        0.014551003351807595,
        0.0109841020219028,
        0.009115546066313982,
        0.007878939611837268,
        0.006631821868941188,
        0.007636096272617579,
        0.006516339648514986,
        0.004849230926483869,
        0.004417125703766942,
        0.004095302377827466,
        0.004521607477217912,
        0.0033806903706863523,
        0.0036484398040920497,
        0.0033198562497273086,
        0.00231168877100572,
        0.002627947782166302,
        0.0024951311037875712,
        0.0016976704681292175,
        0.002466515083797276,
        0.0018794081406667829
    ],
    "train_acc": [
        0.2,
        0.56,
        0.88,
        1.0,
        1.0,
        1.0,
        1.0,
        1.0,
        1.0,
        1.0,
        1.0,
        1.0,
        1.0,
        1.0,
        1.0,
        1.0,
        1.0,
        1.0,
        1.0,
        1.0,
        1.0,
        1.0,
        1.0,
        1.0,
        1.0,
        1.0,
        1.0,
        1.0,
        1.0,
        1.0,
        1.0,
        1.0,
        1.0,
        1.0
    ],
    "train_recall": [
        0.21666666666666667,
        0.5404761904761904,
        0.8928571428571428,
        1.0,
        1.0,
        1.0,
        1.0,
        1.0,
        1.0,
        1.0,
        1.0,
        1.0,
        1.0,
        1.0,
        1.0,
        1.0,
        1.0,
        1.0,
        1.0,
        1.0,
        1.0,
        1.0,
        1.0,
        1.0,
        1.0,
        1.0,
        1.0,
        1.0,
        1.0,
        1.0,
        1.0,
        1.0,
        1.0,
        1.0
    ],
    "train_f1": [
        0.14583333333333331,
        0.5511904761904762,
        0.8733766233766234,
        1.0,
        1.0,
        1.0,
        1.0,
        1.0,
        1.0,
        1.0,
        1.0,
        1.0,
        1.0,
        1.0,
        1.0,
        1.0,
        1.0,
        1.0,
        1.0,
        1.0,
        1.0,
        1.0,
        1.0,
        1.0,
        1.0,
        1.0,
        1.0,
        1.0,
        1.0,
        1.0,
        1.0,
        1.0,
        1.0,
        1.0
    ],
    "train_prec": [
        0.1388888888888889,
        0.7403846153846154,
        0.8958333333333334,
        1.0,
        1.0,
        1.0,
        1.0,
        1.0,
        1.0,
        1.0,
        1.0,
        1.0,
        1.0,
        1.0,
        1.0,
        1.0,
        1.0,
        1.0,
        1.0,
        1.0,
        1.0,
        1.0,
        1.0,
        1.0,
        1.0,
        1.0,
        1.0,
        1.0,
        1.0,
        1.0,
        1.0,
        1.0,
        1.0,
        1.0
    ],
    "val_loss": [
        1.2993425641741072,
        1.2208119630813599,
        1.0091533149991716,
        0.9070233532360622,
        0.5434852412768773,
        0.31985130799668177,
        0.3147244155406952,
        0.38684884352343424,
        0.33411360532045364,
        0.22952799392598017,
        0.16658153970326697,
        0.24575873943311827,
        0.25174675775425776,
        0.1581393706479243,
        0.2555358846272741,
        0.27003902409757885,
        0.19485952705144882,
        0.17661867636655057,
        0.13708351592400245,
        0.28829772264829706,
        0.22506105953029223,
        0.2644770084215062,
        0.08319656284792083,
        0.06851919793656894,
        0.0786211301705667,
        0.17608707078865596,
        0.16911619529128075,
        0.08297193901879447,
        0.05357124629829611,
        0.0748781796012606,
        0.13696381077170372,
        0.168433875244643,
        0.06847455206194095,
        0.12227627195950065
    ],
    "val_acc": [
        0.42857142857142855,
        0.5714285714285714,
        0.5714285714285714,
        0.5714285714285714,
        1.0,
        1.0,
        1.0,
        0.8571428571428571,
        0.8571428571428571,
        0.8571428571428571,
        1.0,
        0.8571428571428571,
        0.8571428571428571,
        1.0,
        0.8571428571428571,
        0.8571428571428571,
        0.8571428571428571,
        0.8571428571428571,
        1.0,
        0.8571428571428571,
        0.8571428571428571,
        0.8571428571428571,
        1.0,
        1.0,
        1.0,
        1.0,
        0.8571428571428571,
        1.0,
        1.0,
        1.0,
        1.0,
        0.8571428571428571,
        1.0,
        1.0
    ],
    "val_recall": [
        0.25,
        0.6666666666666666,
        0.5,
        0.5416666666666666,
        1.0,
        1.0,
        1.0,
        0.75,
        0.75,
        0.75,
        1.0,
        0.75,
        0.75,
        1.0,
        0.75,
        0.75,
        0.75,
        0.75,
        1.0,
        0.75,
        0.75,
        0.75,
        1.0,
        1.0,
        1.0,
        1.0,
        0.75,
        1.0,
        1.0,
        1.0,
        1.0,
        0.75,
        1.0,
        1.0
    ],
    "val_f1": [
        0.21428571428571427,
        0.4916666666666667,
        0.3392857142857143,
        0.4666666666666667,
        1.0,
        1.0,
        1.0,
        0.6666666666666666,
        0.6666666666666666,
        0.6666666666666666,
        1.0,
        0.6666666666666666,
        0.6666666666666666,
        1.0,
        0.6666666666666666,
        0.6666666666666666,
        0.6666666666666666,
        0.6666666666666666,
        1.0,
        0.6666666666666666,
        0.6666666666666666,
        0.6666666666666666,
        1.0,
        1.0,
        1.0,
        1.0,
        0.6666666666666666,
        1.0,
        1.0,
        1.0,
        1.0,
        0.6666666666666666,
        1.0,
        1.0
    ],
    "val_prec": [
        0.1875,
        0.4583333333333333,
        0.2708333333333333,
        0.5625,
        1.0,
        1.0,
        1.0,
        0.625,
        0.625,
        0.625,
        1.0,
        0.625,
        0.625,
        1.0,
        0.625,
        0.625,
        0.625,
        0.625,
        1.0,
        0.625,
        0.625,
        0.625,
        1.0,
        1.0,
        1.0,
        1.0,
        0.625,
        1.0,
        1.0,
        1.0,
        1.0,
        0.625,
        1.0,
        1.0
    ],
    "final_test": {
        "loss": 0.14572759269503877,
        "acc": 1.0,
        "recall": 1.0,
        "f1": 1.0,
        "prec": 1.0
    }
}