{
    "train_loss": [
        1.4565872853877497,
        1.2807772381632936,
        1.0708540491029328,
        0.703264651126137,
        0.443464522998707,
        0.19594129028857923,
        0.0731476003158034,
        0.050933075630489516,
        0.07150071289609461,
        0.38569412210627513,
        0.24654181024936192,
        0.0583491927724989,
        0.01904563350584723,
        0.013936881345751531,
        0.012063242289621164,
        0.008645718659310802,
        0.00783440756940228
    ],
    "train_acc": [
        0.1568627450980392,
        0.39215686274509803,
        0.5882352941176471,
        0.7843137254901961,
        0.8823529411764706,
        0.9803921568627451,
        1.0,
        1.0,
        0.9607843137254902,
        0.8627450980392157,
        0.9411764705882353,
        1.0,
        1.0,
        1.0,
        1.0,
        1.0,
        1.0
    ],
    "train_recall": [
        0.16208791208791207,
        0.4013278388278388,
        0.592948717948718,
        0.7923534798534798,
        0.885989010989011,
        0.9807692307692308,
        1.0,
        1.0,
        0.962912087912088,
        0.8663003663003663,
        0.9423076923076923,
        1.0,
        1.0,
        1.0,
        1.0,
        1.0,
        1.0
    ],
    "train_f1": [
        0.15496350055173586,
        0.37367901706137,
        0.5853703703703703,
        0.786011396011396,
        0.8781783350748867,
        0.98,
        1.0,
        1.0,
        0.962912087912088,
        0.8663003663003663,
        0.9395398454618844,
        1.0,
        1.0,
        1.0,
        1.0,
        1.0,
        1.0
    ],
    "train_prec": [
        0.17442279942279942,
        0.41071428571428575,
        0.6016154188948306,
        0.7875000000000001,
        0.888888888888889,
        0.9807692307692308,
        1.0,
        1.0,
        0.962912087912088,
        0.8663003663003663,
        0.9476190476190476,
        1.0,
        1.0,
        1.0,
        1.0,
        1.0,
        1.0
    ],
    "val_loss": [
        1.3935703405967126,
        1.2177331676849952,
        0.883089902309271,
        0.5893334729167131,
        0.6710581022959489,
        0.45697497175290036,
        0.47273093777207226,
        0.25613006634207874,
        0.43831585261684197,
        0.54544022707985,
        1.1118708319532185,
        0.11207676352933049,
        0.20174294620609054,
        0.5175178184603842,
        0.517271517829683,
        0.22286690264725342,
        0.588506672746287
    ],
    "val_acc": [
        0.23076923076923078,
        0.5384615384615384,
        0.6153846153846154,
        0.7692307692307693,
        0.6923076923076923,
        0.7692307692307693,
        0.8461538461538461,
        0.9230769230769231,
        0.8461538461538461,
        0.8461538461538461,
        0.6153846153846154,
        1.0,
        0.9230769230769231,
        0.7692307692307693,
        0.8461538461538461,
        0.9230769230769231,
        0.8461538461538461
    ],
    "val_recall": [
        0.25,
        0.4583333333333333,
        0.5,
        0.75,
        0.6875,
        0.75,
        0.875,
        0.9166666666666666,
        0.75,
        0.8125,
        0.5625,
        1.0,
        0.9375,
        0.6875,
        0.8125,
        0.9375,
        0.8125
    ],
    "val_f1": [
        0.09375,
        0.41428571428571426,
        0.38888888888888884,
        0.6818181818181819,
        0.6666666666666666,
        0.7499999999999999,
        0.8666666666666667,
        0.9222222222222223,
        0.6865079365079365,
        0.8184523809523809,
        0.4666666666666667,
        1.0,
        0.9285714285714286,
        0.6240079365079365,
        0.8184523809523809,
        0.9285714285714286,
        0.8184523809523809
    ],
    "val_prec": [
        0.057692307692307696,
        0.3958333333333333,
        0.325,
        0.6428571428571428,
        0.8571428571428572,
        0.875,
        0.9166666666666666,
        0.95,
        0.6375,
        0.9,
        0.5416666666666666,
        1.0,
        0.9375,
        0.6,
        0.9,
        0.9375,
        0.9
    ],
    "final_test": {
        "loss": 1.3949467311302821,
        "acc": 0.6333333333333333,
        "recall": 0.6205357142857143,
        "f1": 0.591540404040404,
        "prec": 0.7678571428571428
    }
}