{
    "train_loss": [
        1.4425201719882441,
        1.290574570496877,
        1.0791618058494492,
        0.7983528061532507,
        0.49766211087505025,
        0.2308998682408356,
        0.10182159620465017,
        0.05438111949821606,
        0.030882444670971704,
        0.020256446660770214,
        0.01333496687641623,
        0.011079761190522536,
        0.009452304741203347,
        0.007369232850204057,
        0.005382521146470133,
        0.004568520314219937
    ],
    "train_acc": [
        0.19607843137254902,
        0.49019607843137253,
        0.5098039215686274,
        0.6470588235294118,
        0.9019607843137255,
        0.9607843137254902,
        1.0,
        1.0,
        1.0,
        1.0,
        1.0,
        1.0,
        1.0,
        1.0,
        1.0,
        1.0
    ],
    "train_recall": [
        0.19871794871794873,
        0.4903846153846154,
        0.5064102564102564,
        0.6474358974358975,
        0.9022435897435896,
        0.9615384615384616,
        1.0,
        1.0,
        1.0,
        1.0,
        1.0,
        1.0,
        1.0,
        1.0,
        1.0,
        1.0
    ],
    "train_f1": [
        0.1723901098901099,
        0.4644861392832995,
        0.47392738099474513,
        0.6446153846153847,
        0.9007692307692308,
        0.9599358974358974,
        1.0,
        1.0,
        1.0,
        1.0,
        1.0,
        1.0,
        1.0,
        1.0,
        1.0,
        1.0
    ],
    "train_prec": [
        0.15359311740890688,
        0.6108630952380952,
        0.5479166666666666,
        0.644459706959707,
        0.9006410256410258,
        0.9642857142857143,
        1.0,
        1.0,
        1.0,
        1.0,
        1.0,
        1.0,
        1.0,
        1.0,
        1.0,
        1.0
    ],
    "val_loss": [
        1.3583970069885254,
        1.3013071647057166,
        1.2771171698203454,
        0.7773754505010751,
        0.613883666980725,
        0.36104844223994476,
        0.1500326758966996,
        0.2348233346039286,
        0.07513612351165368,
        0.18186163082002446,
        0.034329064190387726,
        0.03949385319048396,
        0.10968335585382122,
        0.10090742661402775,
        0.14078605814407077,
        0.07872197460024975
    ],
    "val_acc": [
        0.23076923076923078,
        0.46153846153846156,
        0.38461538461538464,
        0.6153846153846154,
        0.7692307692307693,
        0.8461538461538461,
        1.0,
        0.9230769230769231,
        1.0,
        1.0,
        1.0,
        1.0,
        0.9230769230769231,
        1.0,
        0.9230769230769231,
        1.0
    ],
    "val_recall": [
        0.25,
        0.4583333333333333,
        0.41666666666666663,
        0.5833333333333334,
        0.75,
        0.8333333333333334,
        1.0,
        0.9166666666666666,
        1.0,
        1.0,
        1.0,
        1.0,
        0.9166666666666666,
        1.0,
        0.9166666666666666,
        1.0
    ],
    "val_f1": [
        0.17142857142857143,
        0.38809523809523805,
        0.28205128205128205,
        0.5916666666666667,
        0.7568181818181818,
        0.8125,
        1.0,
        0.9142857142857144,
        1.0,
        1.0,
        1.0,
        1.0,
        0.9142857142857144,
        1.0,
        0.9142857142857143,
        1.0
    ],
    "val_prec": [
        0.17045454545454547,
        0.41964285714285715,
        0.24166666666666664,
        0.75,
        0.8928571428571428,
        0.9,
        1.0,
        0.9375,
        1.0,
        1.0,
        1.0,
        1.0,
        0.9375,
        1.0,
        0.9375,
        1.0
    ],
    "final_test": {
        "loss": 1.0134922816728553,
        "acc": 0.7333333333333333,
        "recall": 0.7321428571428572,
        "f1": 0.7341269841269842,
        "prec": 0.7535714285714286
    }
}