{
    "train_loss": [
        1.3434170413017272,
        0.9660352945327759,
        0.5753665524721145,
        0.2648874995112419,
        0.1486741103231907,
        0.07500743314623833,
        0.04942731253802776,
        0.039772437512874605,
        0.024875937961041927,
        0.018147226870059967,
        0.016730842404067515,
        0.015708851683884858,
        0.011291153747588396,
        0.01092538185417652,
        0.00940889447927475,
        0.008844235101714731,
        0.008021080056205393,
        0.006979599632322788,
        0.006088138045743108,
        0.005122734848409891
    ],
    "train_acc": [
        0.36,
        0.88,
        0.96,
        1.0,
        1.0,
        1.0,
        1.0,
        1.0,
        1.0,
        1.0,
        1.0,
        1.0,
        1.0,
        1.0,
        1.0,
        1.0,
        1.0,
        1.0,
        1.0,
        1.0
    ],
    "train_recall": [
        0.3416666666666667,
        0.886904761904762,
        0.9642857142857143,
        1.0,
        1.0,
        1.0,
        1.0,
        1.0,
        1.0,
        1.0,
        1.0,
        1.0,
        1.0,
        1.0,
        1.0,
        1.0,
        1.0,
        1.0,
        1.0,
        1.0
    ],
    "train_f1": [
        0.3039285714285714,
        0.8914884135472372,
        0.9641025641025642,
        1.0,
        1.0,
        1.0,
        1.0,
        1.0,
        1.0,
        1.0,
        1.0,
        1.0,
        1.0,
        1.0,
        1.0,
        1.0,
        1.0,
        1.0,
        1.0,
        1.0
    ],
    "train_prec": [
        0.41666666666666663,
        0.925,
        0.96875,
        1.0,
        1.0,
        1.0,
        1.0,
        1.0,
        1.0,
        1.0,
        1.0,
        1.0,
        1.0,
        1.0,
        1.0,
        1.0,
        1.0,
        1.0,
        1.0,
        1.0
    ],
    "val_loss": [
        1.2945659245763506,
        1.0062022805213928,
        0.7502049718584333,
        0.570071314062391,
        0.4313296377658844,
        0.2919150335448129,
        0.2991543135472706,
        0.23221112468412944,
        0.2003906731094633,
        0.223264752221959,
        0.17200152363095964,
        0.17254634627274104,
        0.1577299295791558,
        0.15262316087526934,
        0.11170197198433536,
        0.1604141446628741,
        0.19961126374879054,
        0.15280563743518932,
        0.14325166546872684,
        0.11995753033884934
    ],
    "val_acc": [
        0.2857142857142857,
        0.8571428571428571,
        0.8571428571428571,
        0.8571428571428571,
        0.8571428571428571,
        1.0,
        0.8571428571428571,
        0.8571428571428571,
        0.8571428571428571,
        0.8571428571428571,
        1.0,
        0.8571428571428571,
        1.0,
        1.0,
        1.0,
        1.0,
        0.8571428571428571,
        0.8571428571428571,
        0.8571428571428571,
        1.0
    ],
    "val_recall": [
        0.5,
        0.875,
        0.875,
        0.875,
        0.875,
        1.0,
        0.875,
        0.875,
        0.875,
        0.875,
        1.0,
        0.875,
        1.0,
        1.0,
        1.0,
        1.0,
        0.875,
        0.875,
        0.875,
        1.0
    ],
    "val_f1": [
        0.25,
        0.8809523809523809,
        0.8809523809523809,
        0.8809523809523809,
        0.8809523809523809,
        1.0,
        0.8809523809523809,
        0.8809523809523809,
        0.8809523809523809,
        0.8809523809523809,
        1.0,
        0.8809523809523809,
        1.0,
        1.0,
        1.0,
        1.0,
        0.8809523809523809,
        0.8809523809523809,
        0.8809523809523809,
        1.0
    ],
    "val_prec": [
        0.175,
        0.9375,
        0.9375,
        0.9375,
        0.9375,
        1.0,
        0.9375,
        0.9375,
        0.9375,
        0.9375,
        1.0,
        0.9375,
        1.0,
        1.0,
        1.0,
        1.0,
        0.9375,
        0.9375,
        0.9375,
        1.0
    ],
    "final_test": {
        "loss": 0.06809376529417932,
        "acc": 1.0,
        "recall": 1.0,
        "f1": 1.0,
        "prec": 1.0
    }
}