{
    "train_loss": [
        1.418358187675476,
        1.0724113512039184,
        0.7979333078861237,
        0.4893923109769821,
        0.21490829825401306,
        0.1362663833796978,
        0.10045641057193279,
        0.07867167674005032,
        0.04060699366033077,
        0.025639678202569485
    ],
    "train_acc": [
        0.24,
        0.68,
        0.96,
        0.96,
        1.0,
        1.0,
        1.0,
        1.0,
        1.0,
        1.0
    ],
    "train_recall": [
        0.20982142857142858,
        0.6142857142857143,
        0.95,
        0.95,
        1.0,
        1.0,
        1.0,
        1.0,
        1.0,
        1.0
    ],
    "train_f1": [
        0.13804713804713803,
        0.5654761904761905,
        0.957516339869281,
        0.9555555555555555,
        1.0,
        1.0,
        1.0,
        1.0,
        1.0,
        1.0
    ],
    "train_prec": [
        0.14583333333333331,
        0.5705128205128205,
        0.9722222222222222,
        0.96875,
        1.0,
        1.0,
        1.0,
        1.0,
        1.0,
        1.0
    ],
    "val_loss": [
        1.4926374469484602,
        1.2106706925800867,
        1.180856806891305,
        0.8379351539271218,
        0.5172983493123736,
        0.672280949141298,
        0.8574174796896321,
        0.631897857678788,
        1.1018466837704182,
        0.6340035628527403
    ],
    "val_acc": [
        0.0,
        0.7142857142857143,
        0.42857142857142855,
        0.8571428571428571,
        0.8571428571428571,
        0.8571428571428571,
        0.42857142857142855,
        0.8571428571428571,
        0.42857142857142855,
        0.5714285714285714
    ],
    "val_recall": [
        0.0,
        0.7777777777777777,
        0.41666666666666663,
        0.5,
        0.5,
        0.5,
        0.3333333333333333,
        0.8888888888888888,
        0.3333333333333333,
        0.4444444444444444
    ],
    "val_f1": [
        0.0,
        0.7111111111111111,
        0.375,
        0.5,
        0.5,
        0.5,
        0.19999999999999998,
        0.8857142857142857,
        0.19999999999999998,
        0.38888888888888884
    ],
    "val_prec": [
        0.0,
        0.7222222222222222,
        0.5833333333333334,
        0.5,
        0.5,
        0.5,
        0.14285714285714285,
        0.9166666666666666,
        0.14285714285714285,
        0.5
    ],
    "final_test": {
        "loss": 0.3733892869204283,
        "acc": 1.0,
        "recall": 1.0,
        "f1": 1.0,
        "prec": 1.0
    }
}