{
    "train_loss": [
        1.5063385915756227,
        1.4361692667007446,
        1.3988881778717042,
        1.328440909385681,
        1.2283083963394166,
        0.8622228372097015,
        0.5983547359704972,
        0.3665280917286873,
        0.41762891218066217,
        0.180130814909935,
        0.11323855355381966,
        0.06576141700148583,
        0.04952400140464306,
        0.05207567915320396,
        0.04200516402721405,
        0.0362245025485754
    ],
    "train_acc": [
        0.32,
        0.32,
        0.12,
        0.4,
        0.6,
        0.72,
        0.84,
        0.92,
        0.8,
        1.0,
        1.0,
        1.0,
        1.0,
        1.0,
        1.0,
        1.0
    ],
    "train_recall": [
        0.3630952380952381,
        0.2976190476190476,
        0.10714285714285714,
        0.375,
        0.5821428571428571,
        0.6785714285714286,
        0.8083333333333333,
        0.9142857142857144,
        0.7892857142857144,
        1.0,
        1.0,
        1.0,
        1.0,
        1.0,
        1.0,
        1.0
    ],
    "train_f1": [
        0.2767512077294686,
        0.2630952380952381,
        0.08496732026143791,
        0.33214285714285713,
        0.5832887700534759,
        0.607239819004525,
        0.8006410256410257,
        0.917094017094017,
        0.7863636363636364,
        1.0,
        1.0,
        1.0,
        1.0,
        1.0,
        1.0,
        1.0
    ],
    "train_prec": [
        0.4027777777777778,
        0.23809523809523808,
        0.07045454545454546,
        0.35657051282051283,
        0.625,
        0.5738636363636364,
        0.8139880952380952,
        0.9330357142857143,
        0.7875000000000001,
        1.0,
        1.0,
        1.0,
        1.0,
        1.0,
        1.0,
        1.0
    ],
    "val_loss": [
        1.4679739134652274,
        1.4570544276918684,
        1.4692904097693307,
        1.3705121789659773,
        1.1286128503935677,
        1.0250819836344038,
        0.7678488918713161,
        0.31354662775993347,
        0.3075640265430723,
        0.39968112643275944,
        0.10533057632190841,
        0.3722564886723246,
        0.26703699571745737,
        0.11344762758484908,
        0.20551274716854095,
        0.2436118352093867
    ],
    "val_acc": [
        0.14285714285714285,
        0.2857142857142857,
        0.14285714285714285,
        0.2857142857142857,
        0.42857142857142855,
        0.42857142857142855,
        0.8571428571428571,
        1.0,
        1.0,
        0.7142857142857143,
        1.0,
        0.8571428571428571,
        0.8571428571428571,
        1.0,
        0.8571428571428571,
        0.8571428571428571
    ],
    "val_recall": [
        0.25,
        0.5,
        0.25,
        0.25,
        0.5,
        0.5833333333333334,
        0.875,
        1.0,
        1.0,
        0.7916666666666666,
        1.0,
        0.875,
        0.875,
        1.0,
        0.875,
        0.875
    ],
    "val_f1": [
        0.07142857142857142,
        0.3214285714285714,
        0.0625,
        0.1111111111111111,
        0.375,
        0.4583333333333333,
        0.8333333333333333,
        1.0,
        1.0,
        0.7,
        1.0,
        0.8333333333333333,
        0.8333333333333333,
        1.0,
        0.8333333333333333,
        0.8333333333333333
    ],
    "val_prec": [
        0.041666666666666664,
        0.2916666666666667,
        0.03571428571428571,
        0.07142857142857142,
        0.3333333333333333,
        0.41666666666666663,
        0.875,
        1.0,
        1.0,
        0.75,
        1.0,
        0.875,
        0.875,
        1.0,
        0.875,
        0.875
    ],
    "final_test": {
        "loss": 0.08872837293893099,
        "acc": 1.0,
        "recall": 1.0,
        "f1": 1.0,
        "prec": 1.0
    }
}