{
    "train_loss": [
        1.494235766284606,
        1.4210777738515068,
        1.4311280273923688,
        1.3570602956940145,
        1.066846746732207,
        0.7627931874902809,
        0.458312719695124,
        0.2660174871447916,
        0.11330985933469206,
        0.04865109828282513,
        0.03108977620471634,
        0.017791639986064506,
        0.01698013616944937,
        0.014089603556831386,
        0.010260288069462952,
        0.008730245071609377,
        0.0071082310773907045,
        0.006461644362585217,
        0.0052739365469189545,
        0.004819501809976703
    ],
    "train_acc": [
        0.2549019607843137,
        0.3137254901960784,
        0.21568627450980393,
        0.3333333333333333,
        0.5294117647058824,
        0.7254901960784313,
        0.8431372549019608,
        0.9215686274509803,
        0.9803921568627451,
        1.0,
        1.0,
        1.0,
        1.0,
        1.0,
        1.0,
        1.0,
        1.0,
        1.0,
        1.0,
        1.0
    ],
    "train_recall": [
        0.2333603896103896,
        0.26339285714285715,
        0.1763392857142857,
        0.2928571428571428,
        0.48920454545454545,
        0.685064935064935,
        0.813961038961039,
        0.9022727272727273,
        0.975,
        1.0,
        1.0,
        1.0,
        1.0,
        1.0,
        1.0,
        1.0,
        1.0,
        1.0,
        1.0,
        1.0
    ],
    "train_f1": [
        0.20806824754193176,
        0.19887429643527205,
        0.12581168831168832,
        0.2474747474747475,
        0.47958152958152955,
        0.6856951871657754,
        0.8139506374632233,
        0.9027777777777778,
        0.9759725400457666,
        1.0,
        1.0,
        1.0,
        1.0,
        1.0,
        1.0,
        1.0,
        1.0,
        1.0,
        1.0,
        1.0
    ],
    "train_prec": [
        0.18961038961038962,
        0.16,
        0.11875,
        0.41233766233766234,
        0.47759501527883874,
        0.7194548872180452,
        0.8154761904761905,
        0.9110576923076923,
        0.9791666666666666,
        1.0,
        1.0,
        1.0,
        1.0,
        1.0,
        1.0,
        1.0,
        1.0,
        1.0,
        1.0,
        1.0
    ],
    "val_loss": [
        1.6758569387289195,
        1.502393548305218,
        1.5550667505997877,
        1.3505001159814687,
        1.1973535280961256,
        1.3137292220042303,
        0.6728850780771329,
        0.6173255412051311,
        0.9914520782633469,
        0.7177873958761876,
        0.14511549436988738,
        1.5147010332976396,
        0.08608540011426577,
        0.1184023441746831,
        0.031116209494379852,
        0.12617514382761258,
        0.07600636199976389,
        0.08760724320577887,
        0.0641813780933332,
        0.9151023677192055
    ],
    "val_acc": [
        0.0,
        0.15384615384615385,
        0.07692307692307693,
        0.38461538461538464,
        0.6153846153846154,
        0.5384615384615384,
        0.6153846153846154,
        0.5384615384615384,
        0.5384615384615384,
        0.5384615384615384,
        1.0,
        0.5384615384615384,
        1.0,
        1.0,
        1.0,
        1.0,
        1.0,
        1.0,
        1.0,
        0.5384615384615384
    ],
    "val_recall": [
        0.0,
        0.3333333333333333,
        0.125,
        0.3333333333333333,
        0.6666666666666666,
        0.6666666666666666,
        0.425,
        0.6666666666666666,
        0.6666666666666666,
        0.6666666666666666,
        1.0,
        0.6666666666666666,
        1.0,
        1.0,
        1.0,
        1.0,
        1.0,
        1.0,
        1.0,
        0.6666666666666666
    ],
    "val_f1": [
        0.0,
        0.08888888888888889,
        0.1,
        0.1851851851851852,
        0.5686274509803922,
        0.5416666666666666,
        0.43749999999999994,
        0.5416666666666666,
        0.5416666666666666,
        0.5416666666666666,
        1.0,
        0.5416666666666666,
        1.0,
        1.0,
        1.0,
        1.0,
        1.0,
        1.0,
        1.0,
        0.5416666666666666
    ],
    "val_prec": [
        0.0,
        0.05128205128205129,
        0.08333333333333333,
        0.12820512820512822,
        0.5151515151515151,
        0.48484848484848486,
        0.65,
        0.48484848484848486,
        0.48484848484848486,
        0.48484848484848486,
        1.0,
        0.48484848484848486,
        1.0,
        1.0,
        1.0,
        1.0,
        1.0,
        1.0,
        1.0,
        0.48484848484848486
    ],
    "final_test": {
        "loss": 0.5870120281664034,
        "acc": 0.8333333333333334,
        "recall": 0.8392857142857143,
        "f1": 0.8255404725992961,
        "prec": 0.875
    }
}