{
    "train_loss": [
        1.4015415614726496,
        1.2973696460910873,
        1.029244425834394,
        0.6841345683616751,
        0.41265806102869557,
        0.19840055945165017,
        0.09354022784414244,
        0.03775375186666554,
        0.024684325171013672,
        0.01756713103831691,
        0.012576610498203366,
        0.010156313482416319,
        0.007873796127444389,
        0.006938700194415801
    ],
    "train_acc": [
        0.21568627450980393,
        0.29411764705882354,
        0.6078431372549019,
        0.7450980392156863,
        0.9019607843137255,
        0.9607843137254902,
        1.0,
        1.0,
        1.0,
        1.0,
        1.0,
        1.0,
        1.0,
        1.0
    ],
    "train_recall": [
        0.20924908424908426,
        0.29212454212454214,
        0.6087454212454213,
        0.744047619047619,
        0.8988095238095238,
        0.9613095238095238,
        1.0,
        1.0,
        1.0,
        1.0,
        1.0,
        1.0,
        1.0,
        1.0
    ],
    "train_f1": [
        0.18709051724137932,
        0.2675,
        0.5738843813387424,
        0.7390330359295877,
        0.9008597883597883,
        0.9613095238095238,
        1.0,
        1.0,
        1.0,
        1.0,
        1.0,
        1.0,
        1.0,
        1.0
    ],
    "train_prec": [
        0.17091767881241565,
        0.3067421708726057,
        0.6899159663865546,
        0.7444711538461538,
        0.9144345238095238,
        0.9613095238095238,
        1.0,
        1.0,
        1.0,
        1.0,
        1.0,
        1.0,
        1.0,
        1.0
    ],
    "val_loss": [
        1.347960692185622,
        1.3005348581534166,
        1.0257585644721985,
        0.8971830188081815,
        1.0162851443657508,
        1.0405985804704518,
        0.5514545629803951,
        1.537359909226115,
        0.4782468374961844,
        0.9251602080005866,
        0.4933000663295388,
        0.7567586305981072,
        0.6571628878681133,
        0.5984118859856747
    ],
    "val_acc": [
        0.23076923076923078,
        0.15384615384615385,
        0.6153846153846154,
        0.5384615384615384,
        0.5384615384615384,
        0.6923076923076923,
        0.6923076923076923,
        0.5384615384615384,
        0.7692307692307693,
        0.6153846153846154,
        0.7692307692307693,
        0.6923076923076923,
        0.6923076923076923,
        0.6923076923076923
    ],
    "val_recall": [
        0.25,
        0.25,
        0.5625,
        0.5,
        0.625,
        0.75,
        0.7291666666666666,
        0.5625,
        0.7916666666666666,
        0.625,
        0.7916666666666666,
        0.75,
        0.75,
        0.7291666666666666
    ],
    "val_f1": [
        0.125,
        0.06666666666666667,
        0.5267857142857143,
        0.38636363636363635,
        0.47916666666666663,
        0.65,
        0.7083333333333334,
        0.47564935064935066,
        0.7857142857142856,
        0.553030303030303,
        0.7857142857142856,
        0.65,
        0.65,
        0.7083333333333334
    ],
    "val_prec": [
        0.08333333333333333,
        0.038461538461538464,
        0.525,
        0.34375,
        0.48333333333333334,
        0.6071428571428572,
        0.725,
        0.46875,
        0.7916666666666666,
        0.59375,
        0.7916666666666666,
        0.6071428571428572,
        0.6071428571428572,
        0.725
    ],
    "final_test": {
        "loss": 1.0089367850373188,
        "acc": 0.7,
        "recall": 0.7008928571428572,
        "f1": 0.6862637362637363,
        "prec": 0.7035714285714285
    }
}