{
    "train_loss": [
        1.3942985254175522,
        1.003575280600903,
        0.5987843459143358,
        0.30370991998443414,
        0.10754607961166139,
        0.060706480899277854,
        0.038440170405688236,
        0.027602151438009506,
        0.019629721383692,
        0.015010821980004217,
        0.01324273742662341,
        0.010608580666502901,
        0.010751780259477742,
        0.007514105612119916,
        0.005796847563675221,
        0.006628151930521662,
        0.005871092768239917,
        0.00452261456224483,
        0.0030465475146603934
    ],
    "train_acc": [
        0.23529411764705882,
        0.7647058823529411,
        0.8627450980392157,
        0.9803921568627451,
        1.0,
        1.0,
        1.0,
        1.0,
        1.0,
        1.0,
        1.0,
        1.0,
        1.0,
        1.0,
        1.0,
        1.0,
        1.0,
        1.0,
        1.0
    ],
    "train_recall": [
        0.2387820512820513,
        0.7612179487179488,
        0.8621794871794872,
        0.9807692307692308,
        1.0,
        1.0,
        1.0,
        1.0,
        1.0,
        1.0,
        1.0,
        1.0,
        1.0,
        1.0,
        1.0,
        1.0,
        1.0,
        1.0,
        1.0
    ],
    "train_f1": [
        0.2300452488687783,
        0.7642857142857142,
        0.8623076923076923,
        0.98,
        1.0,
        1.0,
        1.0,
        1.0,
        1.0,
        1.0,
        1.0,
        1.0,
        1.0,
        1.0,
        1.0,
        1.0,
        1.0,
        1.0,
        1.0
    ],
    "train_prec": [
        0.2811771561771562,
        0.8229166666666667,
        0.8660714285714286,
        0.9807692307692308,
        1.0,
        1.0,
        1.0,
        1.0,
        1.0,
        1.0,
        1.0,
        1.0,
        1.0,
        1.0,
        1.0,
        1.0,
        1.0,
        1.0,
        1.0
    ],
    "val_loss": [
        1.2847360464242787,
        0.9929701869304364,
        0.9071583392528387,
        0.4668517422217589,
        0.5429561562263049,
        0.3166568869581589,
        0.2100877081258939,
        0.15104065405634734,
        0.23225415498018265,
        0.1860546305632362,
        0.1092816532517855,
        0.11289315928633396,
        0.1501313288194629,
        0.0512641122421393,
        0.4966626260429621,
        0.26096054245359623,
        0.15150527881744963,
        0.1451275903516664,
        0.15670449576842096
    ],
    "val_acc": [
        0.3076923076923077,
        0.6153846153846154,
        0.5384615384615384,
        0.8461538461538461,
        0.8461538461538461,
        0.8461538461538461,
        0.9230769230769231,
        1.0,
        0.9230769230769231,
        0.9230769230769231,
        1.0,
        1.0,
        0.9230769230769231,
        1.0,
        0.7692307692307693,
        0.8461538461538461,
        0.8461538461538461,
        0.8461538461538461,
        0.9230769230769231
    ],
    "val_recall": [
        0.3125,
        0.5833333333333333,
        0.5,
        0.8333333333333333,
        0.8333333333333334,
        0.8333333333333334,
        0.9166666666666666,
        1.0,
        0.9166666666666666,
        0.9166666666666666,
        1.0,
        1.0,
        0.9166666666666666,
        1.0,
        0.75,
        0.8333333333333334,
        0.8333333333333334,
        0.8333333333333334,
        0.9166666666666666
    ],
    "val_f1": [
        0.34305555555555556,
        0.5722222222222222,
        0.35858585858585856,
        0.8375,
        0.8125,
        0.8125,
        0.9142857142857144,
        1.0,
        0.9142857142857144,
        0.9142857142857144,
        1.0,
        1.0,
        0.9142857142857144,
        1.0,
        0.6666666666666666,
        0.8125,
        0.8125,
        0.8125,
        0.9142857142857144
    ],
    "val_prec": [
        0.5916666666666668,
        0.6749999999999999,
        0.29375,
        0.9,
        0.9,
        0.9,
        0.9375,
        1.0,
        0.9375,
        0.9375,
        1.0,
        1.0,
        0.9375,
        1.0,
        0.625,
        0.9,
        0.9,
        0.9,
        0.9375
    ],
    "final_test": {
        "loss": 0.9578724084421992,
        "acc": 0.7,
        "recall": 0.7008928571428572,
        "f1": 0.7012626262626263,
        "prec": 0.7375
    }
}