{
    "train_loss": [
        1.3837003016471863,
        1.077184295654297,
        0.8192357790470123,
        0.4510603559017181,
        0.2926634946465492,
        0.1700791559368372,
        0.08684771373867989,
        0.06668424896895886,
        0.04898699123412371,
        0.028831147849559785,
        0.022867094520479442,
        0.017308461517095565,
        0.015953435376286507,
        0.01534275229088962,
        0.013426594906486572,
        0.010027222321368753,
        0.011479818746447563,
        0.008422572184354066,
        0.006998866288922727,
        0.0077543873898684975
    ],
    "train_acc": [
        0.4,
        0.88,
        0.8,
        0.96,
        1.0,
        1.0,
        1.0,
        1.0,
        1.0,
        1.0,
        1.0,
        1.0,
        1.0,
        1.0,
        1.0,
        1.0,
        1.0,
        1.0,
        1.0,
        1.0
    ],
    "train_recall": [
        0.3333333333333333,
        0.85,
        0.75,
        0.95,
        1.0,
        1.0,
        1.0,
        1.0,
        1.0,
        1.0,
        1.0,
        1.0,
        1.0,
        1.0,
        1.0,
        1.0,
        1.0,
        1.0,
        1.0,
        1.0
    ],
    "train_f1": [
        0.27314814814814814,
        0.8379120879120878,
        0.6807692307692308,
        0.9575163398692811,
        1.0,
        1.0,
        1.0,
        1.0,
        1.0,
        1.0,
        1.0,
        1.0,
        1.0,
        1.0,
        1.0,
        1.0,
        1.0,
        1.0,
        1.0,
        1.0
    ],
    "train_prec": [
        0.35526315789473684,
        0.9017857142857143,
        0.6309523809523809,
        0.9722222222222222,
        1.0,
        1.0,
        1.0,
        1.0,
        1.0,
        1.0,
        1.0,
        1.0,
        1.0,
        1.0,
        1.0,
        1.0,
        1.0,
        1.0,
        1.0,
        1.0
    ],
    "val_loss": [
        1.250687871660505,
        1.266282754284995,
        1.162792103631156,
        0.900108243737902,
        1.0978331821305412,
        0.8453345681939807,
        0.6004354315144675,
        0.4639426501733916,
        0.578551492520741,
        0.41898924112319946,
        0.4203358952488218,
        0.34733608471495764,
        0.3674722888639995,
        0.3356253185442516,
        0.29515902804476873,
        0.43515922661338535,
        0.48260167028222767,
        0.5167478887098176,
        0.54012645142419,
        0.2982272497777428
    ],
    "val_acc": [
        0.42857142857142855,
        0.2857142857142857,
        0.42857142857142855,
        0.5714285714285714,
        0.5714285714285714,
        0.5714285714285714,
        0.7142857142857143,
        0.8571428571428571,
        0.8571428571428571,
        1.0,
        0.8571428571428571,
        0.8571428571428571,
        0.8571428571428571,
        0.8571428571428571,
        0.8571428571428571,
        0.8571428571428571,
        0.8571428571428571,
        0.7142857142857143,
        0.7142857142857143,
        0.8571428571428571
    ],
    "val_recall": [
        0.29166666666666663,
        0.25,
        0.375,
        0.4583333333333333,
        0.5,
        0.4583333333333333,
        0.5833333333333334,
        0.8333333333333334,
        0.6666666666666666,
        1.0,
        0.6666666666666666,
        0.8333333333333334,
        0.6666666666666666,
        0.8333333333333334,
        0.8333333333333334,
        0.6666666666666666,
        0.6666666666666666,
        0.5833333333333334,
        0.5833333333333334,
        0.8333333333333334
    ],
    "val_f1": [
        0.30000000000000004,
        0.16666666666666666,
        0.41666666666666663,
        0.4916666666666667,
        0.5,
        0.5166666666666666,
        0.625,
        0.8222222222222223,
        0.7,
        1.0,
        0.7,
        0.8412698412698413,
        0.7,
        0.8412698412698413,
        0.8412698412698413,
        0.7,
        0.7,
        0.625,
        0.625,
        0.8412698412698413
    ],
    "val_prec": [
        0.3333333333333333,
        0.125,
        0.5,
        0.6666666666666666,
        0.5,
        0.625,
        0.75,
        0.8888888888888888,
        0.75,
        1.0,
        0.75,
        0.9166666666666666,
        0.75,
        0.9166666666666666,
        0.9166666666666666,
        0.75,
        0.75,
        0.75,
        0.75,
        0.9166666666666666
    ],
    "final_test": {
        "loss": 0.8861418398446403,
        "acc": 0.5,
        "recall": 0.5,
        "f1": 0.41666666666666663,
        "prec": 0.375
    }
}