{
    "train_loss": [
        1.4340117585425283,
        1.277367190987456,
        0.8988582509405473,
        0.5387622034725021,
        0.3674854299455297,
        0.1730437806131793,
        0.1332521262560405,
        0.09779903420484533,
        0.028969091746736977,
        0.021865911188297997,
        0.01404406150401223,
        0.013914035359287964,
        0.008905069966453547
    ],
    "train_acc": [
        0.23529411764705882,
        0.4117647058823529,
        0.7450980392156863,
        0.8627450980392157,
        0.8431372549019608,
        1.0,
        0.9803921568627451,
        0.9803921568627451,
        1.0,
        1.0,
        1.0,
        1.0,
        1.0
    ],
    "train_recall": [
        0.23226773226773229,
        0.40122377622377625,
        0.7574925074925075,
        0.8708791208791209,
        0.8516483516483517,
        1.0,
        0.9807692307692308,
        0.9772727272727273,
        1.0,
        1.0,
        1.0,
        1.0,
        1.0
    ],
    "train_f1": [
        0.24467418546365913,
        0.386108682983683,
        0.7466653262585942,
        0.8682336182336182,
        0.8537566137566137,
        1.0,
        0.9791304347826086,
        0.9788359788359788,
        1.0,
        1.0,
        1.0,
        1.0,
        1.0
    ],
    "train_prec": [
        0.2988782051282051,
        0.5287081339712918,
        0.7582556332556333,
        0.8667582417582418,
        0.8571428571428572,
        1.0,
        0.9791666666666666,
        0.9821428571428572,
        1.0,
        1.0,
        1.0,
        1.0,
        1.0
    ],
    "val_loss": [
        1.3433476319679847,
        1.1989862689605126,
        0.9715265402427087,
        0.6751423455201663,
        0.5837746537648715,
        0.5329362687010032,
        0.7129848393110129,
        0.3466494156477543,
        0.488795148065457,
        0.5474374300728624,
        0.5187926451460674,
        0.6975034071634022,
        0.34925857150497347
    ],
    "val_acc": [
        0.5384615384615384,
        0.46153846153846156,
        0.46153846153846156,
        0.8461538461538461,
        0.7692307692307693,
        0.8461538461538461,
        0.6153846153846154,
        0.8461538461538461,
        0.8461538461538461,
        0.8461538461538461,
        0.8461538461538461,
        0.8461538461538461,
        0.8461538461538461
    ],
    "val_recall": [
        0.6666666666666666,
        0.4666666666666667,
        0.375,
        0.8666666666666666,
        0.75,
        0.8333333333333334,
        0.6416666666666666,
        0.8333333333333334,
        0.8333333333333334,
        0.8333333333333334,
        0.8333333333333334,
        0.8333333333333334,
        0.8333333333333334
    ],
    "val_f1": [
        0.5363636363636364,
        0.39871794871794874,
        0.2619047619047619,
        0.8531746031746031,
        0.6923076923076923,
        0.8022727272727272,
        0.6349206349206349,
        0.8333333333333334,
        0.8333333333333334,
        0.8333333333333334,
        0.8333333333333334,
        0.8333333333333334,
        0.8333333333333334
    ],
    "val_prec": [
        0.5104166666666666,
        0.575,
        0.2013888888888889,
        0.8541666666666666,
        0.65625,
        0.875,
        0.7708333333333334,
        0.9285714285714286,
        0.9285714285714286,
        0.9285714285714286,
        0.9285714285714286,
        0.9285714285714286,
        0.9285714285714286
    ],
    "final_test": {
        "loss": 1.3077846902112167,
        "acc": 0.4666666666666667,
        "recall": 0.46875,
        "f1": 0.50503663003663,
        "prec": 0.5791208791208792
    }
}