{
    "train_loss": [
        1.5267119956016542,
        1.4015886116027831,
        1.3571273851394654,
        1.2925210285186768,
        1.0507324743270874,
        0.6222322142124176,
        0.2660949574410915,
        0.15380751624703407,
        0.07848537147045136,
        0.045951069816946986,
        0.03194950483739376,
        0.027653312087059023,
        0.022179038412868977,
        0.017350449021905662,
        0.017218564618378878,
        0.016378698833286763,
        0.014261298272758722,
        0.010578614212572574,
        0.011230521462857723,
        0.009609014838933944,
        0.010324962176382542,
        0.009118011128157378,
        0.00841611323878169,
        0.006760947480797768,
        0.007540585147216916,
        0.006698737498372793,
        0.005157866412773728,
        0.005665056295692921,
        0.005267459442839026,
        0.003810676075518131,
        0.005240101143717766,
        0.003975538276135921,
        0.0037886290438473224,
        0.0034028841042891144,
        0.002913841202389449,
        0.003206129539757967,
        0.0027880734368227423,
        0.0024972961307503285,
        0.0019399073952808977,
        0.0021418373566120864,
        0.0020256536430679263,
        0.002193102356977761,
        0.0020373468764591962,
        0.002040560841560364,
        0.0017775408201850952,
        0.001469260408775881,
        0.0017036622692830862,
        0.001157506968593225,
        0.0014284454623702913,
        0.0012683895352529361
    ],
    "train_acc": [
        0.24,
        0.24,
        0.44,
        0.2,
        0.56,
        0.92,
        1.0,
        1.0,
        1.0,
        1.0,
        1.0,
        1.0,
        1.0,
        1.0,
        1.0,
        1.0,
        1.0,
        1.0,
        1.0,
        1.0,
        1.0,
        1.0,
        1.0,
        1.0,
        1.0,
        1.0,
        1.0,
        1.0,
        1.0,
        1.0,
        1.0,
        1.0,
        1.0,
        1.0,
        1.0,
        1.0,
        1.0,
        1.0,
        1.0,
        1.0,
        1.0,
        1.0,
        1.0,
        1.0,
        1.0,
        1.0,
        1.0,
        1.0,
        1.0,
        1.0
    ],
    "train_recall": [
        0.23809523809523808,
        0.24999999999999997,
        0.41666666666666663,
        0.19642857142857142,
        0.5535714285714286,
        0.9226190476190477,
        1.0,
        1.0,
        1.0,
        1.0,
        1.0,
        1.0,
        1.0,
        1.0,
        1.0,
        1.0,
        1.0,
        1.0,
        1.0,
        1.0,
        1.0,
        1.0,
        1.0,
        1.0,
        1.0,
        1.0,
        1.0,
        1.0,
        1.0,
        1.0,
        1.0,
        1.0,
        1.0,
        1.0,
        1.0,
        1.0,
        1.0,
        1.0,
        1.0,
        1.0,
        1.0,
        1.0,
        1.0,
        1.0,
        1.0,
        1.0,
        1.0,
        1.0,
        1.0,
        1.0
    ],
    "train_f1": [
        0.1608187134502924,
        0.20714285714285716,
        0.3727106227106227,
        0.17275641025641025,
        0.553030303030303,
        0.9195804195804196,
        1.0,
        1.0,
        1.0,
        1.0,
        1.0,
        1.0,
        1.0,
        1.0,
        1.0,
        1.0,
        1.0,
        1.0,
        1.0,
        1.0,
        1.0,
        1.0,
        1.0,
        1.0,
        1.0,
        1.0,
        1.0,
        1.0,
        1.0,
        1.0,
        1.0,
        1.0,
        1.0,
        1.0,
        1.0,
        1.0,
        1.0,
        1.0,
        1.0,
        1.0,
        1.0,
        1.0,
        1.0,
        1.0,
        1.0,
        1.0,
        1.0,
        1.0,
        1.0,
        1.0
    ],
    "train_prec": [
        0.12237762237762238,
        0.3526785714285714,
        0.5921052631578947,
        0.1611111111111111,
        0.5969696969696969,
        0.9285714285714286,
        1.0,
        1.0,
        1.0,
        1.0,
        1.0,
        1.0,
        1.0,
        1.0,
        1.0,
        1.0,
        1.0,
        1.0,
        1.0,
        1.0,
        1.0,
        1.0,
        1.0,
        1.0,
        1.0,
        1.0,
        1.0,
        1.0,
        1.0,
        1.0,
        1.0,
        1.0,
        1.0,
        1.0,
        1.0,
        1.0,
        1.0,
        1.0,
        1.0,
        1.0,
        1.0,
        1.0,
        1.0,
        1.0,
        1.0,
        1.0,
        1.0,
        1.0,
        1.0,
        1.0
    ],
    "val_loss": [
        1.3797950914927892,
        1.3495295218058996,
        1.3251475436346871,
        1.1558709570339747,
        0.8149300813674927,
        0.520547194140298,
        0.31001855645860943,
        0.13927432681832994,
        0.09500912151166371,
        0.07541369806442942,
        0.06110135492469583,
        0.04835645641599383,
        0.04441755158560617,
        0.032668339886835644,
        0.04065333399921656,
        0.04021131047712905,
        0.03140443244150707,
        0.04561084774988038,
        0.026557456302855696,
        0.023099409815456187,
        0.02471587966595377,
        0.026228454762271473,
        0.01855717825570277,
        0.016629403457045555,
        0.017785448980118548,
        0.020739163671221052,
        0.025913932161139592,
        0.01894306730745094,
        0.01247977658307978,
        0.02495419340474265,
        0.011217901682747262,
        0.01698280930785196,
        0.013188719317050917,
        0.013792040391958185,
        0.01116966047058148,
        0.012288084320191826,
        0.01314704870206437,
        0.012652942478390676,
        0.017343160480127802,
        0.007328462953280125,
        0.009484279285451131,
        0.007340008243253189,
        0.007004073072623994,
        0.007947046509278672,
        0.008564507172975157,
        0.011516431629258608,
        0.006218879467009434,
        0.006982770241198263,
        0.005624966105512742,
        0.008735533562555377
    ],
    "val_acc": [
        0.2857142857142857,
        0.42857142857142855,
        0.2857142857142857,
        0.5714285714285714,
        0.5714285714285714,
        0.8571428571428571,
        1.0,
        1.0,
        1.0,
        1.0,
        1.0,
        1.0,
        1.0,
        1.0,
        1.0,
        1.0,
        1.0,
        1.0,
        1.0,
        1.0,
        1.0,
        1.0,
        1.0,
        1.0,
        1.0,
        1.0,
        1.0,
        1.0,
        1.0,
        1.0,
        1.0,
        1.0,
        1.0,
        1.0,
        1.0,
        1.0,
        1.0,
        1.0,
        1.0,
        1.0,
        1.0,
        1.0,
        1.0,
        1.0,
        1.0,
        1.0,
        1.0,
        1.0,
        1.0,
        1.0
    ],
    "val_recall": [
        0.25,
        0.5,
        0.25,
        0.5,
        0.5,
        0.875,
        1.0,
        1.0,
        1.0,
        1.0,
        1.0,
        1.0,
        1.0,
        1.0,
        1.0,
        1.0,
        1.0,
        1.0,
        1.0,
        1.0,
        1.0,
        1.0,
        1.0,
        1.0,
        1.0,
        1.0,
        1.0,
        1.0,
        1.0,
        1.0,
        1.0,
        1.0,
        1.0,
        1.0,
        1.0,
        1.0,
        1.0,
        1.0,
        1.0,
        1.0,
        1.0,
        1.0,
        1.0,
        1.0,
        1.0,
        1.0,
        1.0,
        1.0,
        1.0,
        1.0
    ],