{
    "train_loss": [
        1.4308306717872619,
        1.1167110991477966,
        0.6813973301649093,
        0.3097783595323563,
        0.15101811796426773,
        0.07517280295491219,
        0.053092802427709106,
        0.04346540793776512,
        0.032081666421145204,
        0.02335373602807522,
        0.018398864213377237
    ],
    "train_acc": [
        0.28,
        0.6,
        0.92,
        0.96,
        1.0,
        1.0,
        1.0,
        1.0,
        1.0,
        1.0,
        1.0
    ],
    "train_recall": [
        0.23958333333333331,
        0.55,
        0.9,
        0.9583333333333334,
        1.0,
        1.0,
        1.0,
        1.0,
        1.0,
        1.0,
        1.0
    ],
    "train_f1": [
        0.18333333333333335,
        0.5347943722943723,
        0.9017857142857143,
        0.9545454545454546,
        1.0,
        1.0,
        1.0,
        1.0,
        1.0,
        1.0,
        1.0
    ],
    "train_prec": [
        0.1568627450980392,
        0.5621794871794872,
        0.9375,
        0.9583333333333334,
        1.0,
        1.0,
        1.0,
        1.0,
        1.0,
        1.0,
        1.0
    ],
    "val_loss": [
        1.5380157743181502,
        1.2363402588026864,
        1.1295956032616752,
        0.3934140993016107,
        0.4610900559595653,
        0.259917185242687,
        0.42090554375733646,
        0.30189703830650877,
        0.502378743940166,
        0.4103942321879523,
        0.32964867459876196
    ],
    "val_acc": [
        0.0,
        0.5714285714285714,
        0.42857142857142855,
        1.0,
        0.8571428571428571,
        1.0,
        0.8571428571428571,
        0.8571428571428571,
        0.8571428571428571,
        0.8571428571428571,
        0.8571428571428571
    ],
    "val_recall": [
        0.0,
        0.5,
        0.3333333333333333,
        1.0,
        0.6666666666666666,
        1.0,
        0.8888888888888888,
        0.6666666666666666,
        0.6666666666666666,
        0.6666666666666666,
        0.6666666666666666
    ],
    "val_f1": [
        0.0,
        0.41666666666666663,
        0.45833333333333326,
        1.0,
        0.7,
        1.0,
        0.8666666666666667,
        0.7,
        0.7,
        0.7,
        0.7
    ],
    "val_prec": [
        0.0,
        0.375,
        0.75,
        1.0,
        0.75,
        1.0,
        0.8888888888888888,
        0.75,
        0.75,
        0.75,
        0.75
    ],
    "final_test": {
        "loss": 0.16942704934626818,
        "acc": 1.0,
        "recall": 1.0,
        "f1": 1.0,
        "prec": 1.0
    }
}