{
    "train_loss": [
        1.426985962718141,
        1.036659567379484,
        0.5588821938224867,
        0.22619598044776448,
        0.1654025763273239,
        0.19277274712701054,
        0.045641859043754784,
        0.02601517364382744,
        0.018722948755192405,
        0.01584322409996507,
        0.01227729550252358,
        0.010765117376257538,
        0.00785859048996559,
        0.009188615803734637,
        0.006171405765081884,
        0.005385982568887081,
        0.0055604036166971805,
        0.004266267706293101
    ],
    "train_acc": [
        0.21568627450980393,
        0.7058823529411765,
        0.9019607843137255,
        0.9607843137254902,
        0.9607843137254902,
        0.9607843137254902,
        1.0,
        1.0,
        1.0,
        1.0,
        1.0,
        1.0,
        1.0,
        1.0,
        1.0,
        1.0,
        1.0,
        1.0
    ],
    "train_recall": [
        0.20467032967032966,
        0.6863136863136863,
        0.8961038961038962,
        0.9580419580419581,
        0.9545454545454546,
        0.9580419580419581,
        1.0,
        1.0,
        1.0,
        1.0,
        1.0,
        1.0,
        1.0,
        1.0,
        1.0,
        1.0,
        1.0,
        1.0
    ],
    "train_f1": [
        0.19033159822633505,
        0.6728913787737317,
        0.8987029539661118,
        0.9580419580419581,
        0.9571428571428571,
        0.9580419580419581,
        1.0,
        1.0,
        1.0,
        1.0,
        1.0,
        1.0,
        1.0,
        1.0,
        1.0,
        1.0,
        1.0,
        1.0
    ],
    "train_prec": [
        0.19150641025641027,
        0.6827731092436975,
        0.9233193277310925,
        0.9580419580419581,
        0.9666666666666667,
        0.9580419580419581,
        1.0,
        1.0,
        1.0,
        1.0,
        1.0,
        1.0,
        1.0,
        1.0,
        1.0,
        1.0,
        1.0,
        1.0
    ],
    "val_loss": [
        1.3749710688224206,
        1.1396438158475435,
        0.9476861185752429,
        0.8750075571812116,
        0.6907441134636219,
        0.7449287588779743,
        0.7348644111592036,
        0.755276541870374,
        0.7419661903897157,
        0.6855024887392154,
        0.7498926620285672,
        0.7308690547943115,
        0.6573193887105355,
        0.7766062271996186,
        0.7560180742114496,
        0.7178767161049808,
        0.6844653504578253,
        0.6876238283987802
    ],
    "val_acc": [
        0.3076923076923077,
        0.38461538461538464,
        0.6153846153846154,
        0.6153846153846154,
        0.9230769230769231,
        0.8461538461538461,
        0.8461538461538461,
        0.8461538461538461,
        0.8461538461538461,
        0.8461538461538461,
        0.8461538461538461,
        0.8461538461538461,
        0.8461538461538461,
        0.7692307692307693,
        0.8461538461538461,
        0.8461538461538461,
        0.8461538461538461,
        0.8461538461538461
    ],
    "val_recall": [
        0.3333333333333333,
        0.41666666666666663,
        0.5333333333333333,
        0.6416666666666666,
        0.95,
        0.825,
        0.825,
        0.825,
        0.825,
        0.825,
        0.825,
        0.825,
        0.825,
        0.775,
        0.825,
        0.825,
        0.825,
        0.825
    ],
    "val_f1": [
        0.20714285714285713,
        0.28205128205128205,
        0.5095238095238095,
        0.6166666666666667,
        0.9222222222222223,
        0.825,
        0.8115079365079365,
        0.8115079365079365,
        0.8115079365079365,
        0.8115079365079365,
        0.8115079365079365,
        0.8115079365079365,
        0.8115079365079365,
        0.75,
        0.8115079365079365,
        0.8115079365079365,
        0.8115079365079365,
        0.8115079365079365
    ],
    "val_prec": [
        0.19318181818181818,
        0.24166666666666664,
        0.5178571428571428,
        0.6666666666666666,
        0.9166666666666666,
        0.825,
        0.8125,
        0.8125,
        0.8125,
        0.8125,
        0.8125,
        0.8125,
        0.8125,
        0.775,
        0.8125,
        0.8125,
        0.8125,
        0.8125
    ],
    "final_test": {
        "loss": 1.3470334440780183,
        "acc": 0.6666666666666666,
        "recall": 0.6651785714285714,
        "f1": 0.658982683982684,
        "prec": 0.6904761904761905
    }
}