{
    "train_loss": [
        1.3776495024269702,
        1.11601810186517,
        0.814135460876951,
        0.49943510158097043,
        0.21339762309456572,
        0.06786217569720511,
        0.049098617397248745,
        0.027503912318863122,
        0.022655386797280287,
        0.015417861907432476
    ],
    "train_acc": [
        0.29411764705882354,
        0.43137254901960786,
        0.7058823529411765,
        0.8627450980392157,
        0.9803921568627451,
        1.0,
        1.0,
        1.0,
        1.0,
        1.0
    ],
    "train_recall": [
        0.2833333333333333,
        0.4041666666666666,
        0.6958333333333333,
        0.8541666666666666,
        0.9833333333333334,
        1.0,
        1.0,
        1.0,
        1.0,
        1.0
    ],
    "train_f1": [
        0.2732814632814633,
        0.374992550211574,
        0.6840735546205392,
        0.8576266753841124,
        0.9813793103448276,
        1.0,
        1.0,
        1.0,
        1.0,
        1.0
    ],
    "train_prec": [
        0.2789044289044289,
        0.5098958333333333,
        0.7233270202020202,
        0.8990384615384616,
        0.9807692307692308,
        1.0,
        1.0,
        1.0,
        1.0,
        1.0
    ],
    "val_loss": [
        1.308833869603964,
        1.172587296137443,
        0.848299136528602,
        1.0713337413393533,
        0.4743356372301395,
        0.8984048976921118,
        0.9626864885481504,
        0.4784787136774797,
        1.0475045178945248,
        1.0476943290290923
    ],
    "val_acc": [
        0.23076923076923078,
        0.46153846153846156,
        0.6923076923076923,
        0.46153846153846156,
        0.8461538461538461,
        0.5384615384615384,
        0.6153846153846154,
        0.7692307692307693,
        0.5384615384615384,
        0.5384615384615384
    ],
    "val_recall": [
        0.375,
        0.5625,
        0.75,
        0.375,
        0.875,
        0.625,
        0.6875,
        0.8125,
        0.625,
        0.625
    ],
    "val_f1": [
        0.24166666666666667,
        0.3847222222222222,
        0.6595238095238094,
        0.32527472527472523,
        0.8785714285714286,
        0.5166666666666667,
        0.6,
        0.8127705627705627,
        0.4871794871794871,
        0.4871794871794871
    ],
    "val_prec": [
        0.5227272727272727,
        0.4857142857142857,
        0.7291666666666666,
        0.4444444444444444,
        0.9166666666666666,
        0.625,
        0.75,
        0.8928571428571428,
        0.4861111111111111,
        0.4861111111111111
    ],
    "final_test": {
        "loss": 1.0962699225793282,
        "acc": 0.5,
        "recall": 0.4776785714285714,
        "f1": 0.4054347826086957,
        "prec": 0.4125
    }
}