{
    "train_loss": [
        1.3680263009725833,
        1.159549727159388,
        0.8015401003991857,
        0.4132027322170781,
        0.19021195947539574,
        0.09009192120649066,
        0.04731337596461469,
        0.035144711935929225,
        0.025143796148910828,
        0.014654845044966423,
        0.015391526323761427,
        0.010991779900174223,
        0.008081320481484426,
        0.007126925695760578,
        0.00578643026871278,
        0.03258609759630453,
        0.39485218072784883
    ],
    "train_acc": [
        0.37254901960784315,
        0.6078431372549019,
        0.7450980392156863,
        0.9411764705882353,
        0.9803921568627451,
        1.0,
        1.0,
        1.0,
        1.0,
        1.0,
        1.0,
        1.0,
        1.0,
        1.0,
        1.0,
        0.9803921568627451,
        0.9019607843137255
    ],
    "train_recall": [
        0.3273809523809524,
        0.569047619047619,
        0.7017857142857143,
        0.9321428571428572,
        0.9791666666666666,
        1.0,
        1.0,
        1.0,
        1.0,
        1.0,
        1.0,
        1.0,
        1.0,
        1.0,
        1.0,
        0.9821428571428572,
        0.8904761904761904
    ],
    "train_f1": [
        0.24695121951219512,
        0.5596256684491978,
        0.6782852564102565,
        0.9363005632360472,
        0.9805097451274363,
        1.0,
        1.0,
        1.0,
        1.0,
        1.0,
        1.0,
        1.0,
        1.0,
        1.0,
        1.0,
        0.9807407407407407,
        0.8982156771076827
    ],
    "train_prec": [
        0.19842657342657344,
        0.5958333333333333,
        0.79796918767507,
        0.9472870879120879,
        0.9833333333333334,
        1.0,
        1.0,
        1.0,
        1.0,
        1.0,
        1.0,
        1.0,
        1.0,
        1.0,
        1.0,
        0.9807692307692308,
        0.9147727272727273
    ],
    "val_loss": [
        1.4126209112314076,
        1.2365042796501746,
        1.1621873401678526,
        0.971815539094118,
        0.9619395288710411,
        0.8840054219158796,
        0.5570499862615879,
        0.8862493350528754,
        0.5547345869529706,
        0.7576489415592872,
        0.9036253839014814,
        0.23198717961517665,
        1.13986907996094,
        0.515386026746665,
        0.34825937774103993,
        0.6493949085975496,
        1.9714634787255467
    ],
    "val_acc": [
        0.23076923076923078,
        0.38461538461538464,
        0.46153846153846156,
        0.5384615384615384,
        0.5384615384615384,
        0.5384615384615384,
        0.6923076923076923,
        0.6153846153846154,
        0.6923076923076923,
        0.6923076923076923,
        0.6153846153846154,
        0.8461538461538461,
        0.46153846153846156,
        0.7692307692307693,
        0.8461538461538461,
        0.6153846153846154,
        0.23076923076923078
    ],
    "val_recall": [
        0.4375,
        0.5,
        0.6875,
        0.75,
        0.75,
        0.75,
        0.8333333333333334,
        0.7916666666666666,
        0.8333333333333334,
        0.8333333333333334,
        0.7708333333333334,
        0.9166666666666666,
        0.6458333333333334,
        0.875,
        0.9166666666666666,
        0.75,
        0.5
    ],
    "val_f1": [
        0.2388888888888889,
        0.375,
        0.44047619047619047,
        0.5,
        0.5,
        0.5,
        0.6845238095238095,
        0.5892857142857142,
        0.6666666666666666,
        0.6666666666666666,
        0.6071428571428571,
        0.825,
        0.46111111111111114,
        0.7416666666666666,
        0.825,
        0.6944444444444444,
        0.2916666666666667
    ],
    "val_prec": [
        0.34375,
        0.3333333333333333,
        0.4,
        0.41666666666666663,
        0.41666666666666663,
        0.41666666666666663,
        0.725,
        0.6833333333333333,
        0.7083333333333333,
        0.7083333333333333,
        0.6833333333333333,
        0.8333333333333333,
        0.6547619047619048,
        0.75,
        0.8333333333333333,
        0.8214285714285714,
        0.2727272727272727
    ],
    "final_test": {
        "loss": 1.4785339122017225,
        "acc": 0.4666666666666667,
        "recall": 0.4732142857142857,
        "f1": 0.4716577540106952,
        "prec": 0.5520833333333334
    }
}