{
    "train_loss": [
        1.3956428555881275,
        1.1431424559331407,
        0.7734853350648693,
        0.4064015925807111,
        0.2689579532426946,
        0.12697590485799545,
        0.05040136892713752,
        0.031032022901390698,
        0.02170457206118633,
        0.01835082885444018,
        0.01422917339311657,
        0.012766199437536154,
        0.010119397211454663,
        0.009363612922492857,
        0.0071278875145842045,
        0.006516840683259801
    ],
    "train_acc": [
        0.3333333333333333,
        0.6470588235294118,
        0.7647058823529411,
        0.9019607843137255,
        0.9411764705882353,
        0.9803921568627451,
        1.0,
        1.0,
        1.0,
        1.0,
        1.0,
        1.0,
        1.0,
        1.0,
        1.0,
        1.0
    ],
    "train_recall": [
        0.3276723276723277,
        0.6627122877122877,
        0.7628621378621379,
        0.9065934065934066,
        0.945054945054945,
        0.9772727272727273,
        1.0,
        1.0,
        1.0,
        1.0,
        1.0,
        1.0,
        1.0,
        1.0,
        1.0,
        1.0
    ],
    "train_f1": [
        0.30949626814288467,
        0.6462986039447809,
        0.7626279775685548,
        0.9004629629629629,
        0.9407692307692308,
        0.9794745484400658,
        1.0,
        1.0,
        1.0,
        1.0,
        1.0,
        1.0,
        1.0,
        1.0,
        1.0,
        1.0
    ],
    "train_prec": [
        0.46726190476190477,
        0.6784722222222221,
        0.796875,
        0.9017232767232768,
        0.9464285714285714,
        0.9833333333333334,
        1.0,
        1.0,
        1.0,
        1.0,
        1.0,
        1.0,
        1.0,
        1.0,
        1.0,
        1.0
    ],
    "val_loss": [
        1.2070278938000019,
        0.9788128275137681,
        0.7178904356864783,
        0.4340450075956491,
        0.6241085426165507,
        0.36304959253622937,
        0.31026347769567597,
        0.22775803320109844,
        0.24772822097516978,
        0.3302036366568735,
        0.21424901535591254,
        0.32512259325728965,
        0.3986258205169669,
        0.3793093581469013,
        0.22993799134229237,
        0.4323411892669705
    ],
    "val_acc": [
        0.8461538461538461,
        0.6923076923076923,
        0.7692307692307693,
        0.9230769230769231,
        0.6153846153846154,
        0.9230769230769231,
        0.9230769230769231,
        0.9230769230769231,
        0.9230769230769231,
        0.9230769230769231,
        0.9230769230769231,
        0.9230769230769231,
        0.9230769230769231,
        0.8461538461538461,
        0.9230769230769231,
        0.8461538461538461
    ],
    "val_recall": [
        0.8333333333333334,
        0.6916666666666667,
        0.75,
        0.9166666666666666,
        0.6833333333333333,
        0.9166666666666666,
        0.9166666666666666,
        0.9166666666666666,
        0.9166666666666666,
        0.9166666666666666,
        0.9166666666666666,
        0.9166666666666666,
        0.9166666666666666,
        0.8333333333333334,
        0.9166666666666666,
        0.8333333333333334
    ],
    "val_f1": [
        0.8165584415584416,
        0.675,
        0.6647727272727273,
        0.9272727272727272,
        0.6071428571428571,
        0.9142857142857144,
        0.9142857142857144,
        0.9142857142857144,
        0.9142857142857144,
        0.9142857142857144,
        0.9142857142857144,
        0.9142857142857144,
        0.9142857142857144,
        0.8125,
        0.9142857142857144,
        0.8125
    ],
    "val_prec": [
        0.8958333333333334,
        0.7333333333333334,
        0.6083333333333334,
        0.9583333333333334,
        0.7041666666666666,
        0.9375,
        0.9375,
        0.9375,
        0.9375,
        0.9375,
        0.9375,
        0.9375,
        0.9375,
        0.9,
        0.9375,
        0.9
    ],
    "final_test": {
        "loss": 1.4093734838689367,
        "acc": 0.5666666666666667,
        "recall": 0.5758928571428572,
        "f1": 0.5472222222222223,
        "prec": 0.6346153846153846
    }
}