{
    "train_loss": [
        1.4152260907724792,
        1.1436184691447837,
        0.717641726574477,
        0.4793548434972763,
        0.28208422617000695,
        0.18343670834221093,
        0.1323306215379168,
        0.04691755764332472,
        0.03029361333442377,
        0.023651088295760108,
        0.015155891161959837,
        0.010739136829643565,
        0.0092403520419098,
        0.007836717144385273,
        0.0070990536740853215,
        0.006852906249810522,
        0.005577597538849302,
        0.004656772412286669
    ],
    "train_acc": [
        0.3333333333333333,
        0.6862745098039216,
        0.8235294117647058,
        0.9019607843137255,
        0.9803921568627451,
        0.9411764705882353,
        0.9803921568627451,
        1.0,
        1.0,
        1.0,
        1.0,
        1.0,
        1.0,
        1.0,
        1.0,
        1.0,
        1.0,
        1.0
    ],
    "train_recall": [
        0.34025974025974026,
        0.6472943722943723,
        0.814935064935065,
        0.8912337662337662,
        0.9772727272727273,
        0.9366883116883118,
        0.9821428571428572,
        1.0,
        1.0,
        1.0,
        1.0,
        1.0,
        1.0,
        1.0,
        1.0,
        1.0,
        1.0,
        1.0
    ],
    "train_f1": [
        0.29101307189542486,
        0.6269230769230769,
        0.8134843054197893,
        0.8896845260165616,
        0.9772256728778468,
        0.9382087757964337,
        0.9798711755233493,
        1.0,
        1.0,
        1.0,
        1.0,
        1.0,
        1.0,
        1.0,
        1.0,
        1.0,
        1.0,
        1.0
    ],
    "train_prec": [
        0.49228070175438593,
        0.78,
        0.8130463286713286,
        0.9125801282051282,
        0.9791666666666666,
        0.9456845238095237,
        0.9791666666666666,
        1.0,
        1.0,
        1.0,
        1.0,
        1.0,
        1.0,
        1.0,
        1.0,
        1.0,
        1.0,
        1.0
    ],
    "val_loss": [
        1.3915963539710412,
        1.1166187731119304,
        0.9828748129881345,
        0.9972449013820062,
        0.948992873613651,
        0.15605711535765573,
        0.12229622800189716,
        0.9074556498000255,
        0.9009414397609922,
        0.11538317025854038,
        0.15733942196059686,
        0.9230141476369821,
        0.024867559138398904,
        0.15181491384282708,
        0.9184895821918662,
        0.9604772648845727,
        0.7597001029823262,
        0.5857106238746872
    ],
    "val_acc": [
        0.38461538461538464,
        0.46153846153846156,
        0.6923076923076923,
        0.5384615384615384,
        0.5384615384615384,
        1.0,
        1.0,
        0.8461538461538461,
        0.7692307692307693,
        0.9230769230769231,
        0.9230769230769231,
        0.8461538461538461,
        1.0,
        0.9230769230769231,
        0.8461538461538461,
        0.8461538461538461,
        0.8461538461538461,
        0.8461538461538461
    ],
    "val_recall": [
        0.525,
        0.5,
        0.8,
        0.5,
        0.7,
        1.0,
        1.0,
        0.9,
        0.85,
        0.95,
        0.95,
        0.9,
        1.0,
        0.95,
        0.9,
        0.9,
        0.9,
        0.9
    ],
    "val_f1": [
        0.38888888888888884,
        0.32291666666666663,
        0.75,
        0.3666666666666667,
        0.6208333333333332,
        1.0,
        1.0,
        0.8541666666666666,
        0.8025793650793651,
        0.9494949494949495,
        0.9494949494949495,
        0.8541666666666666,
        1.0,
        0.9494949494949495,
        0.8541666666666666,
        0.8541666666666666,
        0.8541666666666666,
        0.8541666666666666
    ],
    "val_prec": [
        0.3482142857142857,
        0.23863636363636365,
        0.8333333333333334,
        0.29166666666666663,
        0.8125,
        1.0,
        1.0,
        0.875,
        0.85,
        0.9583333333333334,
        0.9583333333333334,
        0.875,
        1.0,
        0.9583333333333334,
        0.875,
        0.875,
        0.875,
        0.875
    ],
    "final_test": {
        "loss": 0.9536381571398427,
        "acc": 0.7,
        "recall": 0.6964285714285714,
        "f1": 0.7074592074592074,
        "prec": 0.7583333333333333
    }
}