{
    "train_loss": [
        1.5057676458358764,
        1.4075684356689453,
        1.4036414003372193,
        1.4043172550201417,
        1.3638344621658325,
        1.2335484576225282,
        0.8604250168800354,
        0.46529143035411835,
        0.1915700501203537,
        0.1348202933371067,
        0.0665621217340231,
        0.04790387965738773,
        0.03791322790086269,
        0.03216859880834818,
        0.033022874183952805,
        0.025375717170536518,
        0.023365280255675316,
        0.016675750743597745,
        0.017201657257974148,
        0.01884957669302821,
        0.016639985237270595,
        0.013326927293092013,
        0.011484030149877072,
        0.012439944287762046,
        0.009335011187940835,
        0.009177269656211138,
        0.009540770146995782,
        0.007370346607640386,
        0.007226484715938568,
        0.0078842799551785,
        0.006211827592924237,
        0.007855453905649483,
        0.005463671428151429,
        0.005754466559737921,
        0.005612737513147294,
        0.005042199599556625,
        0.005159759782254696,
        0.0030932714347727598,
        0.003587827715091407,
        0.004588706539943814,
        0.003883202103897929,
        0.0036821948224678635,
        0.004450977414380759,
        0.0027154268673621118,
        0.0029627276142127814,
        0.002950899777933955,
        0.002961553412023932,
        0.0025411660643294455,
        0.0028627756470814346,
        0.002072634068317711
    ],
    "train_acc": [
        0.28,
        0.24,
        0.36,
        0.28,
        0.24,
        0.52,
        0.88,
        0.96,
        1.0,
        1.0,
        1.0,
        1.0,
        1.0,
        1.0,
        1.0,
        1.0,
        1.0,
        1.0,
        1.0,
        1.0,
        1.0,
        1.0,
        1.0,
        1.0,
        1.0,
        1.0,
        1.0,
        1.0,
        1.0,
        1.0,
        1.0,
        1.0,
        1.0,
        1.0,
        1.0,
        1.0,
        1.0,
        1.0,
        1.0,
        1.0,
        1.0,
        1.0,
        1.0,
        1.0,
        1.0,
        1.0,
        1.0,
        1.0,
        1.0,
        1.0
    ],
    "train_recall": [
        0.29166666666666663,
        0.23214285714285715,
        0.3333333333333333,
        0.25595238095238093,
        0.25,
        0.5,
        0.875,
        0.9583333333333334,
        1.0,
        1.0,
        1.0,
        1.0,
        1.0,
        1.0,
        1.0,
        1.0,
        1.0,
        1.0,
        1.0,
        1.0,
        1.0,
        1.0,
        1.0,
        1.0,
        1.0,
        1.0,
        1.0,
        1.0,
        1.0,
        1.0,
        1.0,
        1.0,
        1.0,
        1.0,
        1.0,
        1.0,
        1.0,
        1.0,
        1.0,
        1.0,
        1.0,
        1.0,
        1.0,
        1.0,
        1.0,
        1.0,
        1.0,
        1.0,
        1.0,
        1.0
    ],
    "train_f1": [
        0.24285714285714285,
        0.15966386554621848,
        0.24166666666666667,
        0.16269841269841268,
        0.15416666666666667,
        0.45961538461538465,
        0.8733766233766234,
        0.9580419580419581,
        1.0,
        1.0,
        1.0,
        1.0,
        1.0,
        1.0,
        1.0,
        1.0,
        1.0,
        1.0,
        1.0,
        1.0,
        1.0,
        1.0,
        1.0,
        1.0,
        1.0,
        1.0,
        1.0,
        1.0,
        1.0,
        1.0,
        1.0,
        1.0,
        1.0,
        1.0,
        1.0,
        1.0,
        1.0,
        1.0,
        1.0,
        1.0,
        1.0,
        1.0,
        1.0,
        1.0,
        1.0,
        1.0,
        1.0,
        1.0,
        1.0,
        1.0
    ],
    "train_prec": [
        0.20833333333333331,
        0.12175324675324675,
        0.32608695652173914,
        0.15476190476190477,
        0.13194444444444445,
        0.5921052631578947,
        0.8875,
        0.9642857142857143,
        1.0,
        1.0,
        1.0,
        1.0,
        1.0,
        1.0,
        1.0,
        1.0,
        1.0,
        1.0,
        1.0,
        1.0,
        1.0,
        1.0,
        1.0,
        1.0,
        1.0,
        1.0,
        1.0,
        1.0,
        1.0,
        1.0,
        1.0,
        1.0,
        1.0,
        1.0,
        1.0,
        1.0,
        1.0,
        1.0,
        1.0,
        1.0,
        1.0,
        1.0,
        1.0,
        1.0,
        1.0,
        1.0,
        1.0,
        1.0,
        1.0,
        1.0
    ],
    "val_loss": [
        1.4788722055298942,
        1.442442502294268,
        1.4118011678968156,
        1.363694769995553,
        1.3201004437037878,
        1.1696631482669286,
        0.5933410951069423,
        0.28936515748500824,
        0.2684354803391865,
        0.13937702775001526,
        0.06493637551154409,
        0.05403518836413111,
        0.03962893544563225,
        0.04140568870518889,
        0.044423511783991544,
        0.059498216424669535,
        0.024509126054389135,
        0.022971406845109805,
        0.027654135333640233,
        0.03245082737079689,
        0.01637728326022625,
        0.015167714362697942,
        0.01354178972542286,
        0.013845130668154784,
        0.013931976365191596,
        0.032617441644626,
        0.01025393552013806,
        0.010754238281931196,
        0.010437915500785624,
        0.02211673411407641,
        0.007743816423629012,
        0.00753311812877655,
        0.007578184562070029,
        0.006848201687846865,
        0.005838481276961309,
        0.005838615620242698,
        0.0070111546000199655,
        0.011588338695998703,
        0.008690850942262582,
        0.005003893648141197,
        0.004901033260726503,
        0.004436885971309883,
        0.007892605981656484,
        0.004442180573408093,
        0.006235418475366065,
        0.0037068906905395643,
        0.0035603532700666358,
        0.003536531136238149,
        0.0038049188775143455,
        0.03420694751132812
    ],
    "val_acc": [
        0.2857142857142857,
        0.14285714285714285,
        0.14285714285714285,
        0.42857142857142855,
        0.42857142857142855,
        0.42857142857142855,
        1.0,
        1.0,
        1.0,
        1.0,
        1.0,
        1.0,
        1.0,
        1.0,
        1.0,
        1.0,
        1.0,
        1.0,
        1.0,
        1.0,
        1.0,
        1.0,
        1.0,
        1.0,
        1.0,
        1.0,
        1.0,
        1.0,
        1.0,
        1.0,
        1.0,
        1.0,
        1.0,
        1.0,
        1.0,
        1.0,
        1.0,
        1.0,
        1.0,
        1.0,
        1.0,
        1.0,
        1.0,
        1.0,
        1.0,
        1.0,
        1.0,
        1.0,
        1.0,
        1.0
    ],
    "val_recall": [
        0.25,
        0.25,
        0.25,
        0.5,
        0.5,
        0.5,
        1.0,
        1.0,
        1.0,
        1.0,
        1.0,
        1.0,
        1.0,
        1.0,
        1.0,
        1.0,
        1.0,
        1.0,
        1.0,
        1.0,
        1.0,
        1.0,
        1.0,
        1.0,
        1.0,
        1.0,
        1.0,
        1.0,
        1.0,
        1.0,
        1.0,
        1.0,
        1.0,
        1.0,
        1.0,
        1.0,
        1.0,
        1.0,
        1.0,
        1.0,
        1.0,
        1.0,
        1.0,
        1.0,
        1.0,
        1.0,
        1.0,
        1.0,
        1.0,
        1.0
    ],