{
    "train_loss": [
        1.3388427484269236,
        0.8506996602404351,
        0.39983957304674034,
        0.17077297585852005,
        0.08756622241116037,
        0.04033054548370488,
        0.022452030276112696,
        0.01892023086182627,
        0.015815999294978147,
        0.012577801723690593
    ],
    "train_acc": [
        0.43137254901960786,
        0.8235294117647058,
        0.9607843137254902,
        1.0,
        1.0,
        1.0,
        1.0,
        1.0,
        1.0,
        1.0
    ],
    "train_recall": [
        0.4255244755244756,
        0.8059440559440559,
        0.9580419580419581,
        1.0,
        1.0,
        1.0,
        1.0,
        1.0,
        1.0,
        1.0
    ],
    "train_f1": [
        0.4379032258064516,
        0.8013049450549451,
        0.959208211143695,
        1.0,
        1.0,
        1.0,
        1.0,
        1.0,
        1.0,
        1.0
    ],
    "train_prec": [
        0.5500315656565656,
        0.8601190476190477,
        0.9616477272727273,
        1.0,
        1.0,
        1.0,
        1.0,
        1.0,
        1.0,
        1.0
    ],
    "val_loss": [
        1.2024025733654315,
        0.8367213354660914,
        0.6395677534433512,
        0.8443130028362458,
        0.2685065663491304,
        0.42801738917254484,
        0.5947125075528255,
        0.6523540700570896,
        0.7794409038928839,
        0.42581332045105785
    ],
    "val_acc": [
        0.6153846153846154,
        0.7692307692307693,
        1.0,
        0.6153846153846154,
        0.9230769230769231,
        0.9230769230769231,
        0.6153846153846154,
        0.6153846153846154,
        0.6153846153846154,
        0.8461538461538461
    ],
    "val_recall": [
        0.75,
        0.75,
        1.0,
        0.6375,
        0.95,
        0.95,
        0.6708333333333333,
        0.7166666666666667,
        0.6708333333333333,
        0.8875
    ],
    "val_f1": [
        0.5541666666666667,
        0.625,
        1.0,
        0.4875,
        0.8888888888888888,
        0.8888888888888888,
        0.5892857142857143,
        0.6047619047619048,
        0.5892857142857143,
        0.8309523809523809
    ],
    "val_prec": [
        0.44166666666666665,
        0.5535714285714286,
        1.0,
        0.45,
        0.875,
        0.875,
        0.7375,
        0.7916666666666666,
        0.7375,
        0.825
    ],
    "final_test": {
        "loss": 1.1928937032818794,
        "acc": 0.5666666666666667,
        "recall": 0.5714285714285714,
        "f1": 0.5526610644257703,
        "prec": 0.6403846153846153
    }
}