{
    "train_loss": [
        1.5185893604568406,
        1.427095516055238,
        1.4221053287094714,
        1.3579563627056046,
        1.0800200560513664,
        0.933933934452487,
        0.6727757074084937,
        0.515804517722013,
        0.3411392138576975,
        0.15251880423987613
    ],
    "train_acc": [
        0.2549019607843137,
        0.21568627450980393,
        0.23529411764705882,
        0.3333333333333333,
        0.5098039215686274,
        0.6078431372549019,
        0.6666666666666666,
        0.8627450980392157,
        0.8627450980392157,
        0.9607843137254902
    ],
    "train_recall": [
        0.2548076923076923,
        0.21153846153846156,
        0.23557692307692307,
        0.33974358974358976,
        0.5128205128205128,
        0.6137820512820513,
        0.6602564102564102,
        0.8653846153846154,
        0.8653846153846154,
        0.9615384615384617
    ],
    "train_f1": [
        0.2528502531950808,
        0.17454212454212453,
        0.22673160173160173,
        0.3135828702190258,
        0.466130604288499,
        0.5829452157038364,
        0.66017502163013,
        0.8622112370388233,
        0.8608943391552089,
        0.9615384615384617
    ],
    "train_prec": [
        0.2576121794871795,
        0.16430995475113122,
        0.27061403508771925,
        0.31666666666666665,
        0.4465311004784689,
        0.5920138888888888,
        0.7043650793650793,
        0.8809523809523809,
        0.8664835164835165,
        0.9615384615384617
    ],
    "val_loss": [
        1.4233810901641846,
        1.3802513342637281,
        1.3568215645276582,
        1.2862037557822008,
        0.9766831512634571,
        1.2618052432170281,
        1.2136836404410691,
        1.2326038892452533,
        1.0048386904482658,
        1.083366618420069
    ],
    "val_acc": [
        0.23076923076923078,
        0.46153846153846156,
        0.3076923076923077,
        0.38461538461538464,
        0.5384615384615384,
        0.38461538461538464,
        0.5384615384615384,
        0.46153846153846156,
        0.6923076923076923,
        0.6153846153846154
    ],
    "val_recall": [
        0.25,
        0.5,
        0.25,
        0.41666666666666663,
        0.5,
        0.41666666666666663,
        0.5,
        0.41666666666666663,
        0.6666666666666666,
        0.5833333333333333
    ],
    "val_f1": [
        0.09375,
        0.32386363636363635,
        0.11764705882352941,
        0.2976190476190476,
        0.45,
        0.3333333333333333,
        0.40384615384615385,
        0.4,
        0.625,
        0.575
    ],
    "val_prec": [
        0.057692307692307696,
        0.24375,
        0.07692307692307693,
        0.24305555555555555,
        0.41666666666666663,
        0.3055555555555556,
        0.3611111111111111,
        0.41666666666666663,
        0.6,
        0.6
    ],
    "final_test": {
        "loss": 1.1145756185054778,
        "acc": 0.6666666666666666,
        "recall": 0.6696428571428572,
        "f1": 0.6700296607417351,
        "prec": 0.7363636363636363
    }
}