{
    "train_loss": [
        1.3602496600151062,
        0.9825646209716797,
        0.6454585361480712,
        0.5037394860386848,
        0.21628015190362931,
        0.1166881114244461,
        0.06982341542840004,
        0.046835081093013285,
        0.04254298113286495,
        0.027617480903863907,
        0.020642879866063595,
        0.02206870838999748,
        0.01939375001937151,
        0.014705285858362914,
        0.01246711501851678,
        0.009884781213477254,
        0.012787194401025772,
        0.010071948831900955,
        0.00852186537347734
    ],
    "train_acc": [
        0.36,
        0.8,
        0.84,
        0.76,
        1.0,
        1.0,
        1.0,
        1.0,
        1.0,
        1.0,
        1.0,
        1.0,
        1.0,
        1.0,
        1.0,
        1.0,
        1.0,
        1.0,
        1.0
    ],
    "train_recall": [
        0.3333333333333333,
        0.7666666666666666,
        0.8,
        0.7166666666666667,
        1.0,
        1.0,
        1.0,
        1.0,
        1.0,
        1.0,
        1.0,
        1.0,
        1.0,
        1.0,
        1.0,
        1.0,
        1.0,
        1.0,
        1.0
    ],
    "train_f1": [
        0.30514705882352944,
        0.7676691729323308,
        0.7686274509803922,
        0.7016402714932126,
        1.0,
        1.0,
        1.0,
        1.0,
        1.0,
        1.0,
        1.0,
        1.0,
        1.0,
        1.0,
        1.0,
        1.0,
        1.0,
        1.0,
        1.0
    ],
    "train_prec": [
        0.2861111111111111,
        0.8693181818181819,
        0.8888888888888888,
        0.6984126984126985,
        1.0,
        1.0,
        1.0,
        1.0,
        1.0,
        1.0,
        1.0,
        1.0,
        1.0,
        1.0,
        1.0,
        1.0,
        1.0,
        1.0,
        1.0
    ],
    "val_loss": [
        1.2136540412902832,
        1.0687904613358634,
        0.8025885394641331,
        0.5749282155718122,
        0.3462530885423933,
        0.2532515398093632,
        0.16139594039746694,
        0.18075391437326158,
        0.15357934257813863,
        0.11392422765493393,
        0.09546006204826492,
        0.0959366469510964,
        0.06107531142021928,
        0.055514776813132424,
        0.07444463563816887,
        0.18859224686665194,
        0.086557822568076,
        0.1319668170596872,
        0.07687063249094146
    ],
    "val_acc": [
        0.7142857142857143,
        1.0,
        0.8571428571428571,
        1.0,
        1.0,
        1.0,
        1.0,
        1.0,
        1.0,
        1.0,
        1.0,
        1.0,
        1.0,
        1.0,
        1.0,
        1.0,
        1.0,
        1.0,
        1.0
    ],
    "val_recall": [
        0.5,
        1.0,
        0.8333333333333334,
        1.0,
        1.0,
        1.0,
        1.0,
        1.0,
        1.0,
        1.0,
        1.0,
        1.0,
        1.0,
        1.0,
        1.0,
        1.0,
        1.0,
        1.0,
        1.0
    ],
    "val_f1": [
        0.5,
        1.0,
        0.8412698412698413,
        1.0,
        1.0,
        1.0,
        1.0,
        1.0,
        1.0,
        1.0,
        1.0,
        1.0,
        1.0,
        1.0,
        1.0,
        1.0,
        1.0,
        1.0,
        1.0
    ],
    "val_prec": [
        0.5,
        1.0,
        0.9166666666666666,
        1.0,
        1.0,
        1.0,
        1.0,
        1.0,
        1.0,
        1.0,
        1.0,
        1.0,
        1.0,
        1.0,
        1.0,
        1.0,
        1.0,
        1.0,
        1.0
    ],
    "final_test": {
        "loss": 0.11740437825210392,
        "acc": 1.0,
        "recall": 1.0,
        "f1": 1.0,
        "prec": 1.0
    }
}