{
    "train_loss": [
        1.427192460088169,
        1.4115831781836117,
        1.3542181241746043,
        1.1077323520884794,
        0.7906628940619674,
        0.671721905762074,
        0.3796987607344693,
        0.08731924358974485,
        0.0439081901647881,
        0.031324035214150656,
        0.020807670374565265,
        0.018566892975393462,
        0.0147613743685332,
        0.009651793189821583,
        0.008367262315005064,
        0.007277078127634584,
        0.006996159441769123
    ],
    "train_acc": [
        0.19607843137254902,
        0.2549019607843137,
        0.37254901960784315,
        0.5490196078431373,
        0.7647058823529411,
        0.7450980392156863,
        0.9215686274509803,
        1.0,
        1.0,
        1.0,
        1.0,
        1.0,
        1.0,
        1.0,
        1.0,
        1.0,
        1.0
    ],
    "train_recall": [
        0.19711538461538464,
        0.25480769230769235,
        0.3733974358974359,
        0.5400641025641025,
        0.7660256410256411,
        0.7435897435897436,
        0.9198717948717949,
        1.0,
        1.0,
        1.0,
        1.0,
        1.0,
        1.0,
        1.0,
        1.0,
        1.0,
        1.0
    ],
    "train_f1": [
        0.19650013650013648,
        0.24600202969768187,
        0.3359752747252747,
        0.4950800034226063,
        0.7473495566874173,
        0.7426118326118327,
        0.92141065830721,
        1.0,
        1.0,
        1.0,
        1.0,
        1.0,
        1.0,
        1.0,
        1.0,
        1.0,
        1.0
    ],
    "train_prec": [
        0.21875,
        0.26458333333333334,
        0.3582251082251082,
        0.6579861111111112,
        0.7815934065934066,
        0.7476190476190476,
        0.9322916666666666,
        1.0,
        1.0,
        1.0,
        1.0,
        1.0,
        1.0,
        1.0,
        1.0,
        1.0,
        1.0
    ],
    "val_loss": [
        1.3740542576863215,
        1.3657801334674542,
        1.3041297380740826,
        0.9744400267417614,
        0.7366590133080115,
        0.6569902747869492,
        0.9007005152794031,
        0.8626361563801765,
        0.65520183613094,
        0.9682704710329955,
        1.3172021984624176,
        0.41920086111013705,
        0.8240468713383262,
        0.5631382495809633,
        0.7816689240459639,
        1.110231461504904,
        2.277340122964233
    ],
    "val_acc": [
        0.3076923076923077,
        0.23076923076923078,
        0.38461538461538464,
        0.5384615384615384,
        0.6923076923076923,
        0.8461538461538461,
        0.5384615384615384,
        0.6923076923076923,
        0.7692307692307693,
        0.6923076923076923,
        0.6153846153846154,
        0.9230769230769231,
        0.7692307692307693,
        0.8461538461538461,
        0.7692307692307693,
        0.6923076923076923,
        0.46153846153846156
    ],
    "val_recall": [
        0.25,
        0.25,
        0.41666666666666663,
        0.5416666666666666,
        0.7083333333333334,
        0.875,
        0.5833333333333334,
        0.7083333333333334,
        0.7916666666666666,
        0.7083333333333334,
        0.625,
        0.9375,
        0.7916666666666666,
        0.8541666666666666,
        0.7916666666666666,
        0.7083333333333334,
        0.5
    ],
    "val_f1": [
        0.11764705882352941,
        0.09375,
        0.30714285714285716,
        0.4792207792207792,
        0.6916666666666667,
        0.8541666666666666,
        0.5,
        0.6916666666666667,
        0.7833333333333333,
        0.6916666666666667,
        0.553030303030303,
        0.9285714285714286,
        0.7833333333333333,
        0.8517857142857143,
        0.7833333333333333,
        0.6916666666666667,
        0.3653846153846154
    ],
    "val_prec": [
        0.07692307692307693,
        0.057692307692307696,
        0.3181818181818182,
        0.5104166666666666,
        0.8571428571428572,
        0.9,
        0.5833333333333333,
        0.8571428571428572,
        0.875,
        0.8571428571428572,
        0.59375,
        0.9375,
        0.875,
        0.9,
        0.875,
        0.8571428571428572,
        0.325
    ],
    "final_test": {
        "loss": 0.9739867277132969,
        "acc": 0.6333333333333333,
        "recall": 0.6383928571428571,
        "f1": 0.6017543859649123,
        "prec": 0.6799242424242424
    }
}