{
    "train_loss": [
        1.5822146034240723,
        1.3938164043426513,
        1.3692835259437561,
        1.258783323764801,
        1.0185891199111938,
        0.7758496701717377,
        0.555077331662178,
        0.36952794790267945,
        0.20179578706622123,
        0.12318697795271874,
        0.07325291514396667,
        0.05565917745232582,
        0.04942036546766758,
        0.044050346836447714,
        0.03424339536577463,
        0.023558520507067443,
        0.023256912399083375,
        0.01977787334471941,
        0.016086890678852796,
        0.020808160994201897,
        0.0171073336340487,
        0.011438113199546933,
        0.010531939957290888,
        0.009703241940587758,
        0.009779090182855726,
        0.008414906924590468,
        0.006982491901144385,
        0.006959751201793552,
        0.006565975742414593,
        0.005886850175447762
    ],
    "train_acc": [
        0.16,
        0.28,
        0.36,
        0.52,
        0.64,
        0.8,
        0.84,
        0.92,
        1.0,
        1.0,
        1.0,
        1.0,
        1.0,
        1.0,
        1.0,
        1.0,
        1.0,
        1.0,
        1.0,
        1.0,
        1.0,
        1.0,
        1.0,
        1.0,
        1.0,
        1.0,
        1.0,
        1.0,
        1.0,
        1.0
    ],
    "train_recall": [
        0.15476190476190477,
        0.25,
        0.3214285714285714,
        0.4642857142857143,
        0.611904761904762,
        0.7726190476190476,
        0.8392857142857143,
        0.9285714285714286,
        1.0,
        1.0,
        1.0,
        1.0,
        1.0,
        1.0,
        1.0,
        1.0,
        1.0,
        1.0,
        1.0,
        1.0,
        1.0,
        1.0,
        1.0,
        1.0,
        1.0,
        1.0,
        1.0,
        1.0,
        1.0,
        1.0
    ],
    "train_f1": [
        0.12142857142857143,
        0.15833333333333333,
        0.2206896551724138,
        0.33421052631578946,
        0.6027777777777779,
        0.7776610644257704,
        0.8333333333333333,
        0.9195804195804196,
        1.0,
        1.0,
        1.0,
        1.0,
        1.0,
        1.0,
        1.0,
        1.0,
        1.0,
        1.0,
        1.0,
        1.0,
        1.0,
        1.0,
        1.0,
        1.0,
        1.0,
        1.0,
        1.0,
        1.0,
        1.0,
        1.0
    ],
    "train_prec": [
        0.10714285714285714,
        0.11948529411764706,
        0.24621212121212122,
        0.26121794871794873,
        0.6571969696969696,
        0.8583333333333334,
        0.84375,
        0.9226190476190477,
        1.0,
        1.0,
        1.0,
        1.0,
        1.0,
        1.0,
        1.0,
        1.0,
        1.0,
        1.0,
        1.0,
        1.0,
        1.0,
        1.0,
        1.0,
        1.0,
        1.0,
        1.0,
        1.0,
        1.0,
        1.0,
        1.0
    ],
    "val_loss": [
        1.4373194149562292,
        1.4753289222717285,
        1.4238853795187814,
        1.289435284478324,
        1.1345491068703788,
        0.7904621618134635,
        0.5897289493254253,
        0.4465203604527882,
        0.33889705155576977,
        0.17148961605770247,
        0.10401950137955802,
        0.07871666577245508,
        0.0753807332366705,
        0.05310370693249362,
        0.048344709644360204,
        0.03995691891759634,
        0.039977810345590115,
        0.054695003133799346,
        0.03451088948973587,
        0.03948274068534374,
        0.02510343598467963,
        0.04462029964530042,
        0.028458134537296637,
        0.025603036529251506,
        0.013761991634964943,
        0.01589210158480065,
        0.02254112151318363,
        0.014267119080094355,
        0.026749489030667713,
        0.015712369133585265
    ],
    "val_acc": [
        0.2857142857142857,
        0.14285714285714285,
        0.2857142857142857,
        0.42857142857142855,
        0.5714285714285714,
        0.5714285714285714,
        0.8571428571428571,
        0.8571428571428571,
        0.8571428571428571,
        1.0,
        1.0,
        1.0,
        1.0,
        1.0,
        1.0,
        1.0,
        1.0,
        1.0,
        1.0,
        1.0,
        1.0,
        1.0,
        1.0,
        1.0,
        1.0,
        1.0,
        1.0,
        1.0,
        1.0,
        1.0
    ],
    "val_recall": [
        0.5,
        0.25,
        0.5,
        0.625,
        0.75,
        0.5,
        0.9166666666666666,
        0.9166666666666666,
        0.9166666666666666,
        1.0,
        1.0,
        1.0,
        1.0,
        1.0,
        1.0,
        1.0,
        1.0,
        1.0,
        1.0,
        1.0,
        1.0,
        1.0,
        1.0,
        1.0,
        1.0,
        1.0,
        1.0,
        1.0,
        1.0,
        1.0
    ],
    "val_f1": [
        0.3214285714285714,
        0.0625,
        0.25,
        0.49999999999999994,
        0.5833333333333333,
        0.3392857142857143,
        0.8666666666666666,
        0.8666666666666667,
        0.8666666666666666,
        1.0,
        1.0,
        1.0,
        1.0,
        1.0,
        1.0,
        1.0,
        1.0,
        1.0,
        1.0,
        1.0,
        1.0,
        1.0,
        1.0,
        1.0,
        1.0,
        1.0,
        1.0,
        1.0,
        1.0,
        1.0
    ],
    "val_prec": [
        0.2916666666666667,
        0.03571428571428571,
        0.175,
        0.55,
        0.5,
        0.2708333333333333,
        0.875,
        0.875,
        0.875,
        1.0,
        1.0,
        1.0,
        1.0,
        1.0,
        1.0,
        1.0,
        1.0,
        1.0,
        1.0,
        1.0,
        1.0,
        1.0,
        1.0,
        1.0,
        1.0,
        1.0,
        1.0,
        1.0,
        1.0,
        1.0
    ],
    "final_test": {
        "loss": 0.010998592770192772,
        "acc": 1.0,
        "recall": 1.0,
        "f1": 1.0,
        "prec": 1.0
    }
}