{
    "train_loss": [
        1.3682039403447919,
        1.0829079227120268,
        0.6091712917767319,
        0.2670212950484425,
        0.1529035628134129,
        0.07233348656810966,
        0.036392188083161324,
        0.022315361034855537,
        0.01865833411541055,
        0.013837917406550226,
        0.013314976854542014,
        0.009085165058244384,
        0.007830602345148138,
        0.0062699798978499924,
        0.0048468790026199,
        0.00502134662340669,
        0.003965130710389977,
        0.0030553580019805652,
        0.002913603898110416,
        0.002688401206350867,
        0.0029822315863224074,
        0.0023825776126400076,
        0.00204015009826524,
        0.0022588182153983737
    ],
    "train_acc": [
        0.3137254901960784,
        0.5490196078431373,
        0.8823529411764706,
        0.9803921568627451,
        1.0,
        1.0,
        1.0,
        1.0,
        1.0,
        1.0,
        1.0,
        1.0,
        1.0,
        1.0,
        1.0,
        1.0,
        1.0,
        1.0,
        1.0,
        1.0,
        1.0,
        1.0,
        1.0,
        1.0
    ],
    "train_recall": [
        0.2986013986013986,
        0.540472027972028,
        0.8798076923076923,
        0.9807692307692308,
        1.0,
        1.0,
        1.0,
        1.0,
        1.0,
        1.0,
        1.0,
        1.0,
        1.0,
        1.0,
        1.0,
        1.0,
        1.0,
        1.0,
        1.0,
        1.0,
        1.0,
        1.0,
        1.0,
        1.0
    ],
    "train_f1": [
        0.2585263835263835,
        0.5307808226823687,
        0.8816554289700069,
        0.98,
        1.0,
        1.0,
        1.0,
        1.0,
        1.0,
        1.0,
        1.0,
        1.0,
        1.0,
        1.0,
        1.0,
        1.0,
        1.0,
        1.0,
        1.0,
        1.0,
        1.0,
        1.0,
        1.0,
        1.0
    ],
    "train_prec": [
        0.2291958041958042,
        0.5975274725274725,
        0.9015350877192982,
        0.9807692307692308,
        1.0,
        1.0,
        1.0,
        1.0,
        1.0,
        1.0,
        1.0,
        1.0,
        1.0,
        1.0,
        1.0,
        1.0,
        1.0,
        1.0,
        1.0,
        1.0,
        1.0,
        1.0,
        1.0,
        1.0
    ],
    "val_loss": [
        1.3547816551648653,
        0.9914050606580881,
        0.6432736034576709,
        0.6362798660993576,
        0.6133411606917014,
        0.4168210273178724,
        0.2217828773248654,
        0.18002722491152012,
        0.2379965970579248,
        0.15334433832993874,
        0.17282889117128575,
        0.25025058967562824,
        0.1585221476136492,
        0.1809452366656982,
        0.10449677523082265,
        0.18693816674371752,
        0.12132152843360718,
        0.10859970807527694,
        0.09412491525738285,
        0.12982778054160568,
        0.3424376863180302,
        0.13580046844883606,
        0.13562890463687766,
        0.20799385633570358
    ],
    "val_acc": [
        0.15384615384615385,
        0.5384615384615384,
        0.8461538461538461,
        0.6923076923076923,
        0.7692307692307693,
        0.9230769230769231,
        1.0,
        1.0,
        1.0,
        1.0,
        1.0,
        0.8461538461538461,
        1.0,
        0.8461538461538461,
        1.0,
        0.8461538461538461,
        1.0,
        1.0,
        1.0,
        0.9230769230769231,
        0.8461538461538461,
        1.0,
        0.9230769230769231,
        0.9230769230769231
    ],
    "val_recall": [
        0.3,
        0.5833333333333334,
        0.9,
        0.7083333333333334,
        0.85,
        0.9375,
        1.0,
        1.0,
        1.0,
        1.0,
        1.0,
        0.9,
        1.0,
        0.9,
        1.0,
        0.9,
        1.0,
        1.0,
        1.0,
        0.95,
        0.9,
        1.0,
        0.9375,
        0.95
    ],
    "val_f1": [
        0.12179487179487179,
        0.4106060606060606,
        0.875,
        0.6506410256410257,
        0.8095238095238094,
        0.8809523809523809,
        1.0,
        1.0,
        1.0,
        1.0,
        1.0,
        0.875,
        1.0,
        0.875,
        1.0,
        0.875,
        1.0,
        1.0,
        1.0,
        0.9365079365079365,
        0.875,
        1.0,
        0.9415584415584415,
        0.9365079365079365
    ],
    "val_prec": [
        0.2708333333333333,
        0.3541666666666667,
        0.9,
        0.78125,
        0.875,
        0.875,
        1.0,
        1.0,
        1.0,
        1.0,
        1.0,
        0.9,
        1.0,
        0.9,
        1.0,
        0.9,
        1.0,
        1.0,
        1.0,
        0.9375,
        0.9,
        1.0,
        0.9583333333333334,
        0.9375
    ],
    "final_test": {
        "loss": 1.4242174395515272,
        "acc": 0.4,
        "recall": 0.4107142857142857,
        "f1": 0.3830409356725146,
        "prec": 0.38181818181818183
    }
}