{
    "train_loss": [
        1.4969904224077861,
        1.424955708139083,
        1.3614597507551605,
        1.074919731885779,
        0.879607654377526,
        0.8201841647718467,
        0.7420495543994156,
        0.5839096240553201,
        0.377248892377989,
        0.19314195350835137,
        0.08973809143564865,
        0.04656881786079383,
        0.026255528533867763,
        0.020259814373418398,
        0.017248975665436362,
        0.014952685798098352
    ],
    "train_acc": [
        0.2549019607843137,
        0.23529411764705882,
        0.27450980392156865,
        0.5686274509803921,
        0.5882352941176471,
        0.5294117647058824,
        0.6470588235294118,
        0.6470588235294118,
        0.8823529411764706,
        0.9607843137254902,
        1.0,
        1.0,
        1.0,
        1.0,
        1.0,
        1.0
    ],
    "train_recall": [
        0.24542124542124538,
        0.24679487179487178,
        0.2777014652014652,
        0.5723443223443224,
        0.5961538461538461,
        0.5290750915750916,
        0.6330128205128205,
        0.6506410256410257,
        0.8839285714285714,
        0.9642857142857143,
        1.0,
        1.0,
        1.0,
        1.0,
        1.0,
        1.0
    ],
    "train_f1": [
        0.21931075460487226,
        0.18358395989974935,
        0.2533816757954689,
        0.5591564816670005,
        0.5852258852258851,
        0.5257575757575758,
        0.5605797101449275,
        0.6519565217391304,
        0.8839285714285714,
        0.9615384615384616,
        1.0,
        1.0,
        1.0,
        1.0,
        1.0,
        1.0
    ],
    "train_prec": [
        0.26034946236559137,
        0.18948412698412698,
        0.3174019607843137,
        0.5817298510313217,
        0.6540178571428572,
        0.5392375168690958,
        0.5365384615384616,
        0.658326048951049,
        0.8839285714285714,
        0.9642857142857143,
        1.0,
        1.0,
        1.0,
        1.0,
        1.0,
        1.0
    ],
    "val_loss": [
        1.3643568112299993,
        1.3540809888106127,
        1.263299359725072,
        0.8715527814168197,
        0.7484214099553915,
        0.7144307849498895,
        0.5858952494767996,
        0.5733610460391412,
        0.38402630703953594,
        0.4327563831152824,
        0.2911183080421044,
        0.48673869318400437,
        0.4146253030317334,
        0.726070256366466,
        0.42464550158295494,
        0.5941639410582586
    ],
    "val_acc": [
        0.46153846153846156,
        0.3076923076923077,
        0.38461538461538464,
        0.6153846153846154,
        0.46153846153846156,
        0.6153846153846154,
        0.6153846153846154,
        0.6153846153846154,
        0.7692307692307693,
        0.7692307692307693,
        0.8461538461538461,
        0.7692307692307693,
        0.8461538461538461,
        0.7692307692307693,
        0.8461538461538461,
        0.8461538461538461
    ],
    "val_recall": [
        0.5,
        0.25,
        0.375,
        0.6666666666666666,
        0.5,
        0.6666666666666666,
        0.6666666666666666,
        0.625,
        0.7916666666666666,
        0.7916666666666666,
        0.8541666666666666,
        0.7916666666666666,
        0.8541666666666666,
        0.7916666666666666,
        0.8541666666666666,
        0.8541666666666666
    ],
    "val_f1": [
        0.34090909090909094,
        0.11764705882352941,
        0.23717948717948717,
        0.5472222222222223,
        0.3111111111111111,
        0.5611111111111111,
        0.5611111111111111,
        0.5357142857142857,
        0.7595238095238095,
        0.7595238095238095,
        0.8309523809523809,
        0.7595238095238095,
        0.8309523809523809,
        0.7595238095238095,
        0.8309523809523809,
        0.8309523809523809
    ],
    "val_prec": [
        0.3055555555555556,
        0.07692307692307693,
        0.1736111111111111,
        0.5333333333333333,
        0.23809523809523808,
        0.5714285714285714,
        0.5714285714285714,
        0.4875,
        0.85,
        0.85,
        0.875,
        0.85,
        0.875,
        0.85,
        0.875,
        0.875
    ],
    "final_test": {
        "loss": 1.1420760633423925,
        "acc": 0.5333333333333333,
        "recall": 0.5491071428571429,
        "f1": 0.540158371040724,
        "prec": 0.5696969696969697
    }
}