{
    "train_loss": [
        1.5625127267837524,
        1.4056648015975952,
        1.314973464012146,
        1.0957953119277954,
        0.8325608468055725,
        0.6300426298379898,
        0.23272349566221237,
        0.10843645438551902,
        0.07793702565133571,
        0.059584262371063235,
        0.04174257073551416,
        0.03365476794540882,
        0.027244091890752317,
        0.02603765521198511,
        0.02083103345707059,
        0.018078717663884164,
        0.015889765135943888
    ],
    "train_acc": [
        0.2,
        0.36,
        0.4,
        0.64,
        0.88,
        0.8,
        1.0,
        1.0,
        1.0,
        1.0,
        1.0,
        1.0,
        1.0,
        1.0,
        1.0,
        1.0,
        1.0
    ],
    "train_recall": [
        0.1988095238095238,
        0.3333333333333333,
        0.3630952380952381,
        0.6071428571428572,
        0.85,
        0.7642857142857143,
        1.0,
        1.0,
        1.0,
        1.0,
        1.0,
        1.0,
        1.0,
        1.0,
        1.0,
        1.0,
        1.0
    ],
    "train_f1": [
        0.20192307692307693,
        0.30297619047619045,
        0.3172479694218825,
        0.518716577540107,
        0.8487394957983193,
        0.7357142857142858,
        1.0,
        1.0,
        1.0,
        1.0,
        1.0,
        1.0,
        1.0,
        1.0,
        1.0,
        1.0,
        1.0
    ],
    "train_prec": [
        0.21626984126984125,
        0.28214285714285714,
        0.46875,
        0.49886363636363634,
        0.925,
        0.75,
        1.0,
        1.0,
        1.0,
        1.0,
        1.0,
        1.0,
        1.0,
        1.0,
        1.0,
        1.0,
        1.0
    ],
    "val_loss": [
        1.5292662722723824,
        1.3846878494535173,
        1.3514022827148438,
        1.312114383493151,
        0.9869596702711922,
        0.9461720607110432,
        0.6914279641849654,
        0.37088174372911453,
        0.5473551154136658,
        0.5917467485581126,
        0.23273385475788796,
        0.15395356022885867,
        0.5996967027229922,
        0.3158423086362226,
        0.2699736979390894,
        0.6872971611363548,
        0.3113887006683009
    ],
    "val_acc": [
        0.14285714285714285,
        0.14285714285714285,
        0.2857142857142857,
        0.42857142857142855,
        0.7142857142857143,
        0.5714285714285714,
        0.7142857142857143,
        0.8571428571428571,
        0.7142857142857143,
        0.7142857142857143,
        1.0,
        1.0,
        0.7142857142857143,
        1.0,
        1.0,
        0.7142857142857143,
        0.8571428571428571
    ],
    "val_recall": [
        0.25,
        0.25,
        0.25,
        0.625,
        0.6666666666666666,
        0.5416666666666666,
        0.8333333333333334,
        0.75,
        0.6666666666666666,
        0.6666666666666666,
        1.0,
        1.0,
        0.8333333333333334,
        1.0,
        1.0,
        0.8333333333333334,
        0.75
    ],
    "val_f1": [
        0.0625,
        0.0625,
        0.125,
        0.43333333333333335,
        0.6166666666666667,
        0.4666666666666667,
        0.75,
        0.6666666666666666,
        0.6166666666666667,
        0.6166666666666667,
        1.0,
        1.0,
        0.75,
        1.0,
        1.0,
        0.75,
        0.6666666666666666
    ],
    "val_prec": [
        0.03571428571428571,
        0.03571428571428571,
        0.08333333333333333,
        0.4375,
        0.625,
        0.5625,
        0.8333333333333334,
        0.625,
        0.625,
        0.625,
        1.0,
        1.0,
        0.8333333333333334,
        1.0,
        1.0,
        0.8333333333333334,
        0.625
    ],
    "final_test": {
        "loss": 0.06436101300641894,
        "acc": 1.0,
        "recall": 1.0,
        "f1": 1.0,
        "prec": 1.0
    }
}