{
    "train_loss": [
        1.3343108354830275,
        0.9952181379000345,
        0.5073815750725129,
        0.1853833121119761,
        0.08266307234618009,
        0.04783647280989909,
        0.03167001647399921,
        0.0933030943897571,
        0.12152741054146021,
        0.02579080535318045,
        0.013067210449234527,
        0.008571863626403844,
        0.007780729427787603,
        0.005598648033543106
    ],
    "train_acc": [
        0.39215686274509803,
        0.6666666666666666,
        0.9411764705882353,
        1.0,
        1.0,
        1.0,
        1.0,
        0.9803921568627451,
        0.9607843137254902,
        1.0,
        1.0,
        1.0,
        1.0,
        1.0
    ],
    "train_recall": [
        0.402972027972028,
        0.6534715284715286,
        0.9353146853146854,
        1.0,
        1.0,
        1.0,
        1.0,
        0.9807692307692308,
        0.9580419580419581,
        1.0,
        1.0,
        1.0,
        1.0,
        1.0
    ],
    "train_f1": [
        0.3882685629925353,
        0.6610129310344828,
        0.9391379310344827,
        1.0,
        1.0,
        1.0,
        1.0,
        0.9807407407407407,
        0.9596052096052097,
        1.0,
        1.0,
        1.0,
        1.0,
        1.0
    ],
    "train_prec": [
        0.5166666666666667,
        0.730921052631579,
        0.953125,
        1.0,
        1.0,
        1.0,
        1.0,
        0.9821428571428572,
        0.9629120879120879,
        1.0,
        1.0,
        1.0,
        1.0,
        1.0
    ],
    "val_loss": [
        1.3641685705918531,
        1.003066246326153,
        1.0189512028143957,
        0.860243083192752,
        0.8778527871920512,
        0.7406840926179519,
        1.1744053123088984,
        1.0039111582132487,
        0.4901667316086017,
        0.9965941293093448,
        0.830164766512238,
        0.8109822280776615,
        0.7535557507608945,
        1.1511894422583282
    ],
    "val_acc": [
        0.38461538461538464,
        0.6153846153846154,
        0.5384615384615384,
        0.6153846153846154,
        0.6153846153846154,
        0.7692307692307693,
        0.5384615384615384,
        0.5384615384615384,
        0.8461538461538461,
        0.6153846153846154,
        0.6923076923076923,
        0.6923076923076923,
        0.7692307692307693,
        0.5384615384615384
    ],
    "val_recall": [
        0.5,
        0.6499999999999999,
        0.6666666666666666,
        0.7166666666666667,
        0.7166666666666667,
        0.8166666666666667,
        0.6666666666666666,
        0.6333333333333333,
        0.8666666666666667,
        0.7166666666666667,
        0.7666666666666666,
        0.7666666666666666,
        0.8166666666666667,
        0.6666666666666666
    ],
    "val_f1": [
        0.35,
        0.6527777777777778,
        0.55,
        0.625,
        0.6226190476190476,
        0.768452380952381,
        0.55,
        0.5833333333333334,
        0.8388888888888889,
        0.6444444444444445,
        0.7178571428571427,
        0.7178571428571427,
        0.7803571428571429,
        0.5277777777777778
    ],
    "val_prec": [
        0.2738095238095238,
        0.7708333333333333,
        0.4880952380952381,
        0.725,
        0.7041666666666666,
        0.7708333333333333,
        0.4880952380952381,
        0.7380952380952381,
        0.8333333333333333,
        0.75,
        0.7666666666666666,
        0.7666666666666666,
        0.7916666666666666,
        0.4583333333333333
    ],
    "final_test": {
        "loss": 1.3475322506080072,
        "acc": 0.5,
        "recall": 0.4910714285714286,
        "f1": 0.49747474747474746,
        "prec": 0.7125
    }
}