{
    "train_loss": [
        1.4362568107305789,
        1.4225616922565536,
        1.4123886215920542,
        1.187960757344377,
        0.6398960216080442,
        0.38218590949534204,
        0.1697697650422068,
        0.2365861017731767,
        0.22084838276108107,
        0.07022263370819536,
        0.025778280205878558,
        0.019099603260995125,
        0.018589922592189966
    ],
    "train_acc": [
        0.27450980392156865,
        0.21568627450980393,
        0.23529411764705882,
        0.49019607843137253,
        0.8431372549019608,
        0.8823529411764706,
        0.9607843137254902,
        0.9411764705882353,
        0.9411764705882353,
        1.0,
        1.0,
        1.0,
        1.0
    ],
    "train_recall": [
        0.26523476523476525,
        0.21016483516483514,
        0.21703296703296704,
        0.5068681318681318,
        0.8461538461538461,
        0.881118881118881,
        0.9615384615384616,
        0.9423076923076923,
        0.9423076923076923,
        1.0,
        1.0,
        1.0,
        1.0
    ],
    "train_f1": [
        0.2412698412698413,
        0.14044784580498867,
        0.14814814814814814,
        0.443595825426945,
        0.8396079737908823,
        0.8771135265700483,
        0.959676411794103,
        0.9422222222222222,
        0.9398996655518395,
        1.0,
        1.0,
        1.0,
        1.0
    ],
    "train_prec": [
        0.4424692954104719,
        0.14772727272727273,
        0.11635944700460829,
        0.48214285714285715,
        0.8410714285714285,
        0.8771645021645023,
        0.9625,
        0.9434523809523809,
        0.9391025641025641,
        1.0,
        1.0,
        1.0,
        1.0
    ],
    "val_loss": [
        1.3720281766011164,
        1.367880628659175,
        1.3474093125416682,
        1.2896946301827064,
        1.4843294139091785,
        0.5309412806079938,
        1.0688066009718638,
        0.38694111128839165,
        1.0554269200477462,
        1.6499066177325754,
        0.5476720286533237,
        1.265072790834193,
        1.7261297030087848
    ],
    "val_acc": [
        0.23076923076923078,
        0.23076923076923078,
        0.3076923076923077,
        0.38461538461538464,
        0.3076923076923077,
        0.6923076923076923,
        0.6923076923076923,
        0.8461538461538461,
        0.5384615384615384,
        0.5384615384615384,
        0.7692307692307693,
        0.5384615384615384,
        0.5384615384615384
    ],
    "val_recall": [
        0.25,
        0.25,
        0.3333333333333333,
        0.4666666666666666,
        0.35,
        0.7666666666666666,
        0.8,
        0.8333333333333333,
        0.6,
        0.6,
        0.7833333333333333,
        0.6,
        0.6
    ],
    "val_f1": [
        0.09375,
        0.09375,
        0.20714285714285713,
        0.40476190476190477,
        0.2361111111111111,
        0.7416666666666666,
        0.7333333333333334,
        0.843939393939394,
        0.5178571428571428,
        0.5178571428571428,
        0.7638888888888888,
        0.5178571428571428,
        0.5178571428571428
    ],
    "val_prec": [
        0.057692307692307696,
        0.057692307692307696,
        0.19318181818181818,
        0.4305555555555556,
        0.23809523809523808,
        0.7916666666666666,
        0.8571428571428571,
        0.875,
        0.5833333333333333,
        0.5833333333333333,
        0.875,
        0.5833333333333333,
        0.5833333333333333
    ],
    "final_test": {
        "loss": 1.0138715427989762,
        "acc": 0.7333333333333333,
        "recall": 0.7410714285714286,
        "f1": 0.7303571428571429,
        "prec": 0.7291666666666666
    }
}