{
    "train_loss": [
        1.5426530647277832,
        1.409950213432312,
        1.4069175839424133,
        1.2966594314575195,
        1.1573685359954835,
        0.8384050011634827,
        0.5330032539367676,
        0.372965227663517,
        0.3165281549096107,
        0.18576276943087577,
        0.08816002562642097,
        0.048496239483356476,
        0.037090654522180556,
        0.028229963071644305,
        0.02493564400821924,
        0.02517913553863764,
        0.01753151597455144,
        0.017132426146417856,
        0.016355620827525855,
        0.014576729629188776,
        0.011618137322366238,
        0.01398188654333353,
        0.010747532974928618,
        0.011170053072273731,
        0.008287222413346172,
        0.007907301411032677,
        0.007392903286963701,
        0.008929073512554168,
        0.00786609809845686,
        0.0055122649017721416,
        0.00532686585560441,
        0.0053681325074285266,
        0.0048477401491254565,
        0.004855576539412141,
        0.005736664501018823,
        0.004033033619634807,
        0.003575690719299018,
        0.003854753626510501,
        0.0037925701308995485,
        0.004455733341164887,
        0.0037153905956074595,
        0.002672751788049936,
        0.0029000549716874957,
        0.0037460459768772127,
        0.0030268275970593093,
        0.0027143843076191843,
        0.002508174490649253,
        0.002205959865823388,
        0.0027530072652734816,
        0.0022373371594585478
    ],
    "train_acc": [
        0.24,
        0.28,
        0.32,
        0.52,
        0.48,
        0.6,
        0.88,
        0.88,
        0.88,
        1.0,
        1.0,
        1.0,
        1.0,
        1.0,
        1.0,
        1.0,
        1.0,
        1.0,
        1.0,
        1.0,
        1.0,
        1.0,
        1.0,
        1.0,
        1.0,
        1.0,
        1.0,
        1.0,
        1.0,
        1.0,
        1.0,
        1.0,
        1.0,
        1.0,
        1.0,
        1.0,
        1.0,
        1.0,
        1.0,
        1.0,
        1.0,
        1.0,
        1.0,
        1.0,
        1.0,
        1.0,
        1.0,
        1.0,
        1.0,
        1.0
    ],
    "train_recall": [
        0.1875,
        0.3229166666666667,
        0.2604166666666667,
        0.4583333333333333,
        0.4375,
        0.5520833333333333,
        0.8854166666666666,
        0.8583333333333334,
        0.875,
        1.0,
        1.0,
        1.0,
        1.0,
        1.0,
        1.0,
        1.0,
        1.0,
        1.0,
        1.0,
        1.0,
        1.0,
        1.0,
        1.0,
        1.0,
        1.0,
        1.0,
        1.0,
        1.0,
        1.0,
        1.0,
        1.0,
        1.0,
        1.0,
        1.0,
        1.0,
        1.0,
        1.0,
        1.0,
        1.0,
        1.0,
        1.0,
        1.0,
        1.0,
        1.0,
        1.0,
        1.0,
        1.0,
        1.0,
        1.0,
        1.0
    ],
    "train_f1": [
        0.11538461538461539,
        0.20865384615384613,
        0.17307692307692307,
        0.39610389610389607,
        0.3264705882352941,
        0.47647058823529415,
        0.8748917748917748,
        0.875299043062201,
        0.8557692307692308,
        1.0,
        1.0,
        1.0,
        1.0,
        1.0,
        1.0,
        1.0,
        1.0,
        1.0,
        1.0,
        1.0,
        1.0,
        1.0,
        1.0,
        1.0,
        1.0,
        1.0,
        1.0,
        1.0,
        1.0,
        1.0,
        1.0,
        1.0,
        1.0,
        1.0,
        1.0,
        1.0,
        1.0,
        1.0,
        1.0,
        1.0,
        1.0,
        1.0,
        1.0,
        1.0,
        1.0,
        1.0,
        1.0,
        1.0,
        1.0,
        1.0
    ],
    "train_prec": [
        0.08333333333333333,
        0.30952380952380953,
        0.13293650793650794,
        0.5178571428571428,
        0.26136363636363635,
        0.5321969696969697,
        0.8958333333333334,
        0.9318181818181819,
        0.8928571428571429,
        1.0,
        1.0,
        1.0,
        1.0,
        1.0,
        1.0,
        1.0,
        1.0,
        1.0,
        1.0,
        1.0,
        1.0,
        1.0,
        1.0,
        1.0,
        1.0,
        1.0,
        1.0,
        1.0,
        1.0,
        1.0,
        1.0,
        1.0,
        1.0,
        1.0,
        1.0,
        1.0,
        1.0,
        1.0,
        1.0,
        1.0,
        1.0,
        1.0,
        1.0,
        1.0,
        1.0,
        1.0,
        1.0,
        1.0,
        1.0,
        1.0
    ],
    "val_loss": [
        1.341455374445234,
        1.4747427191053117,
        1.52481290272304,
        1.269788077899388,
        1.1481360707964217,
        0.7684597458158221,
        0.871501760823386,
        0.25090802567345755,
        0.6602699118001121,
        0.13576461161885942,
        0.08434019769941058,
        0.048609648432050435,
        0.046992197898881774,
        0.03523861403976168,
        0.032054869191987176,
        0.030559930950403214,
        0.02543475665152073,
        0.020306094017411982,
        0.01988366578838655,
        0.0166842324127044,
        0.015425714131976877,
        0.015573121075119292,
        0.01403267788035529,
        0.011584666158471788,
        0.0107368948603315,
        0.010806064387517316,
        0.009037742324705635,
        0.009747141506522894,
        0.00871308394042509,
        0.009320882282086782,
        0.007762029301375151,
        0.007521450186946562,
        0.006227234311934028,
        0.0069939933185066494,
        0.006700355991987246,
        0.00599774086315717,
        0.00488835373627288,
        0.005245636549911329,
        0.004576989782175848,
        0.004216050828940102,
        0.0042786995015506235,
        0.0040032674358891586,
        0.004326426856485861,
        0.003404273817847882,
        0.003490535342799766,
        0.003067990764975548,
        0.003567689713755889,
        0.0039690894606922355,
        0.003364100220746228,
        0.0026882285850920846
    ],
    "val_acc": [
        0.2857142857142857,
        0.0,
        0.2857142857142857,
        0.2857142857142857,
        0.2857142857142857,
        0.7142857142857143,
        0.5714285714285714,
        1.0,
        0.7142857142857143,
        1.0,
        1.0,
        1.0,
        1.0,
        1.0,
        1.0,
        1.0,
        1.0,
        1.0,
        1.0,
        1.0,
        1.0,
        1.0,
        1.0,
        1.0,
        1.0,
        1.0,
        1.0,
        1.0,
        1.0,
        1.0,
        1.0,
        1.0,
        1.0,
        1.0,
        1.0,
        1.0,
        1.0,
        1.0,
        1.0,
        1.0,
        1.0,
        1.0,
        1.0,
        1.0,
        1.0,
        1.0,
        1.0,
        1.0,
        1.0,
        1.0
    ],
    "val_recall": [
        0.3333333333333333,
        0.0,
        0.3333333333333333,
        0.3333333333333333,
        0.25,
        0.6666666666666666,
        0.41666666666666663,
        1.0,
        0.5833333333333334,
        1.0,
        1.0,
        1.0,
        1.0,
        1.0,
        1.0,
        1.0,
        1.0,
        1.0,
        1.0,
        1.0,
        1.0,
        1.0,
        1.0,
        1.0,
        1.0,
        1.0,
        1.0,
        1.0,
        1.0,
        1.0,
        1.0,
        1.0,
        1.0,
        1.0,
        1.0,
        1.0,
        1.0,
        1.0,
        1.0,
        1.0,
        1.0,
        1.0,
        1.0,
        1.0,
        1.0,
        1.0,
        1.0,
        1.0,
        1.0,
        1.0
    ],