{
    "train_loss": [
        1.3971285343170166,
        1.1259641075134277,
        0.7859209585189819,
        0.4399929916858673,
        0.23942089974880218,
        0.13423336178064346,
        0.0858096344769001,
        0.05706543758511543,
        0.03543582811951637,
        0.03134092427790165,
        0.025500486865639688,
        0.02250882104039192,
        0.019873957559466363,
        0.017587319761514664,
        0.015186279583722352,
        0.013482727278023958,
        0.013538245167583228,
        0.01146736141294241,
        0.009066079799085856,
        0.008153381776064634,
        0.0069171976391226055,
        0.00625219895504415,
        0.006109367487952113,
        0.00663062502630055,
        0.006326182289049029,
        0.004609991512261331,
        0.004770580581389367,
        0.005168892275542021,
        0.004097418929450214
    ],
    "train_acc": [
        0.4,
        0.76,
        1.0,
        0.92,
        1.0,
        1.0,
        1.0,
        1.0,
        1.0,
        1.0,
        1.0,
        1.0,
        1.0,
        1.0,
        1.0,
        1.0,
        1.0,
        1.0,
        1.0,
        1.0,
        1.0,
        1.0,
        1.0,
        1.0,
        1.0,
        1.0,
        1.0,
        1.0,
        1.0
    ],
    "train_recall": [
        0.38095238095238093,
        0.7571428571428571,
        1.0,
        0.9,
        1.0,
        1.0,
        1.0,
        1.0,
        1.0,
        1.0,
        1.0,
        1.0,
        1.0,
        1.0,
        1.0,
        1.0,
        1.0,
        1.0,
        1.0,
        1.0,
        1.0,
        1.0,
        1.0,
        1.0,
        1.0,
        1.0,
        1.0,
        1.0,
        1.0
    ],
    "train_f1": [
        0.3341346153846154,
        0.7512820512820514,
        1.0,
        0.9017857142857143,
        1.0,
        1.0,
        1.0,
        1.0,
        1.0,
        1.0,
        1.0,
        1.0,
        1.0,
        1.0,
        1.0,
        1.0,
        1.0,
        1.0,
        1.0,
        1.0,
        1.0,
        1.0,
        1.0,
        1.0,
        1.0,
        1.0,
        1.0,
        1.0,
        1.0
    ],
    "train_prec": [
        0.30833333333333335,
        0.7559523809523809,
        1.0,
        0.9375,
        1.0,
        1.0,
        1.0,
        1.0,
        1.0,
        1.0,
        1.0,
        1.0,
        1.0,
        1.0,
        1.0,
        1.0,
        1.0,
        1.0,
        1.0,
        1.0,
        1.0,
        1.0,
        1.0,
        1.0,
        1.0,
        1.0,
        1.0,
        1.0,
        1.0
    ],
    "val_loss": [
        1.3244375501360213,
        1.0515116112572807,
        0.8644634314945766,
        0.5486290029117039,
        0.4144596053021295,
        0.3158157446554729,
        0.20965314975806645,
        0.19459097619567597,
        0.13879006249564035,
        0.12420173015977655,
        0.10692438323582922,
        0.10993257111736707,
        0.12919803030256713,
        0.11335140400167022,
        0.061854393886668343,
        0.07473358964281422,
        0.0760748955820288,
        0.07075593746932489,
        0.07331527982439313,
        0.059739259271217246,
        0.06381182219567043,
        0.06601701483928732,
        0.05306956072204879,
        0.03300788998603821,
        0.03711126861162484,
        0.05128110203492854,
        0.0387146534132106,
        0.036586784824196784,
        0.041583859095616
    ],
    "val_acc": [
        0.42857142857142855,
        0.5714285714285714,
        0.7142857142857143,
        0.8571428571428571,
        0.8571428571428571,
        0.8571428571428571,
        1.0,
        0.8571428571428571,
        1.0,
        1.0,
        1.0,
        1.0,
        1.0,
        1.0,
        1.0,
        1.0,
        1.0,
        1.0,
        1.0,
        1.0,
        1.0,
        1.0,
        1.0,
        1.0,
        1.0,
        1.0,
        1.0,
        1.0,
        1.0
    ],
    "val_recall": [
        0.5,
        0.75,
        0.8333333333333333,
        0.9166666666666666,
        0.9166666666666666,
        0.9166666666666666,
        1.0,
        0.9166666666666666,
        1.0,
        1.0,
        1.0,
        1.0,
        1.0,
        1.0,
        1.0,
        1.0,
        1.0,
        1.0,
        1.0,
        1.0,
        1.0,
        1.0,
        1.0,
        1.0,
        1.0,
        1.0,
        1.0,
        1.0,
        1.0
    ],
    "val_f1": [
        0.325,
        0.5833333333333333,
        0.7416666666666666,
        0.8666666666666666,
        0.8666666666666666,
        0.8666666666666666,
        1.0,
        0.8666666666666666,
        1.0,
        1.0,
        1.0,
        1.0,
        1.0,
        1.0,
        1.0,
        1.0,
        1.0,
        1.0,
        1.0,
        1.0,
        1.0,
        1.0,
        1.0,
        1.0,
        1.0,
        1.0,
        1.0,
        1.0,
        1.0
    ],
    "val_prec": [
        0.25,
        0.5,
        0.7916666666666666,
        0.875,
        0.875,
        0.875,
        1.0,
        0.875,
        1.0,
        1.0,
        1.0,
        1.0,
        1.0,
        1.0,
        1.0,
        1.0,
        1.0,
        1.0,
        1.0,
        1.0,
        1.0,
        1.0,
        1.0,
        1.0,
        1.0,
        1.0,
        1.0,
        1.0,
        1.0
    ],
    "final_test": {
        "loss": 0.07642967283027247,
        "acc": 1.0,
        "recall": 1.0,
        "f1": 1.0,
        "prec": 1.0
    }
}