{
    "train_loss": [
        1.4297534788356108,
        1.449250478370517,
        1.4260295197075488,
        1.4069340299157536,
        1.3702745180503995,
        1.3405513144006915
    ],
    "train_acc": [
        0.2549019607843137,
        0.1568627450980392,
        0.21568627450980393,
        0.29411764705882354,
        0.39215686274509803,
        0.37254901960784315
    ],
    "train_recall": [
        0.23214285714285715,
        0.15247252747252746,
        0.19642857142857142,
        0.275,
        0.3585164835164836,
        0.3392857142857143
    ],
    "train_f1": [
        0.11403508771929824,
        0.09143518518518519,
        0.14097496706192358,
        0.19093773873185638,
        0.28125,
        0.23986928104575161
    ],
    "train_prec": [
        0.0755813953488372,
        0.06923076923076923,
        0.11266447368421052,
        0.4107142857142857,
        0.28175990675990675,
        0.18870967741935485
    ],
    "val_loss": [
        1.4680707454681396,
        1.4791140097838182,
        1.5338316972439106,
        1.5540571029369648,
        1.6905369621056776,
        1.8555435675841112
    ],
    "val_acc": [
        0.0,
        0.15384615384615385,
        0.15384615384615385,
        0.15384615384615385,
        0.15384615384615385,
        0.15384615384615385
    ],
    "val_recall": [
        0.0,
        0.25,
        0.25,
        0.25,
        0.25,
        0.25
    ],
    "val_f1": [
        0.0,
        0.08333333333333333,
        0.06666666666666667,
        0.08333333333333333,
        0.08333333333333333,
        0.08333333333333333
    ],
    "val_prec": [
        0.0,
        0.05,
        0.038461538461538464,
        0.05,
        0.05,
        0.05
    ],
    "final_test": {
        "loss": 1.4359363675117494,
        "acc": 0.16666666666666666,
        "recall": 0.17857142857142858,
        "f1": 0.08928571428571429,
        "prec": 0.05952380952380952
    }
}