{
    "train_loss": [
        1.540423913002014,
        1.4474385833740235,
        1.423275818824768,
        1.467047839164734,
        1.424961929321289,
        1.4460887002944947
    ],
    "train_acc": [
        0.12,
        0.16,
        0.28,
        0.12,
        0.12,
        0.12
    ],
    "train_recall": [
        0.11904761904761904,
        0.16666666666666666,
        0.25,
        0.11309523809523808,
        0.11904761904761904,
        0.11904761904761904
    ],
    "train_f1": [
        0.09166666666666667,
        0.07692307692307693,
        0.11290322580645161,
        0.09401709401709402,
        0.12648809523809523,
        0.10267857142857142
    ],
    "train_prec": [
        0.07478632478632478,
        0.05,
        0.07291666666666667,
        0.08116883116883117,
        0.29285714285714287,
        0.09196428571428572
    ],
    "val_loss": [
        1.3957370860236031,
        1.4535492488316126,
        1.4647119385855538,
        1.4103309767586845,
        1.434507097516741,
        1.406063505581447
    ],
    "val_acc": [
        0.2857142857142857,
        0.14285714285714285,
        0.14285714285714285,
        0.14285714285714285,
        0.14285714285714285,
        0.0
    ],
    "val_recall": [
        0.25,
        0.125,
        0.25,
        0.125,
        0.25,
        0.0
    ],
    "val_f1": [
        0.1111111111111111,
        0.125,
        0.0625,
        0.08333333333333333,
        0.0625,
        0.0
    ],
    "val_prec": [
        0.07142857142857142,
        0.125,
        0.03571428571428571,
        0.0625,
        0.03571428571428571,
        0.0
    ],
    "final_test": {
        "loss": 1.4098230600357056,
        "acc": 0.0,
        "recall": 0.0,
        "f1": 0.0,
        "prec": 0.0
    }
}