{
    "train_loss": [
        1.560065417289734,
        1.3774670791625976,
        1.3958423233032227,
        1.337522211074829,
        1.2255867266654967,
        1.1221045541763306,
        0.9023640942573548,
        0.5739619612693787,
        0.3346348017454147,
        0.1614346671104431,
        0.2508779121935368,
        0.10690364584326745,
        0.05555200435221195,
        0.046736668795347214,
        0.02996349573135376,
        0.02555852334946394,
        0.025289865881204604,
        0.01973212994635105,
        0.022993791438639163,
        0.0158635988086462,
        0.013760799504816533,
        0.013005117159336806,
        0.015205245167016983,
        0.011950696846470236,
        0.01120909431949258,
        0.00946259768679738,
        0.010338362483307719,
        0.008306425204500556,
        0.008272303016856313,
        0.0062754634162411095,
        0.00699877217411995,
        0.0068939411453902725,
        0.005283203357830644,
        0.006235946118831635,
        0.0055002551106736065,
        0.00450239032972604,
        0.003949557053856551,
        0.004246071446686983,
        0.0039784232014790175,
        0.004313498050905764,
        0.004002671502530575,
        0.004004097324796021,
        0.0034583164751529694,
        0.003536543622612953,
        0.0034934495389461516,
        0.003110865787602961,
        0.0025001564691774546,
        0.0024077519797720015,
        0.002563314903527498,
        0.002533022657735273
    ],
    "train_acc": [
        0.08,
        0.2,
        0.28,
        0.44,
        0.44,
        0.4,
        0.68,
        0.92,
        0.96,
        1.0,
        0.92,
        1.0,
        1.0,
        1.0,
        1.0,
        1.0,
        1.0,
        1.0,
        1.0,
        1.0,
        1.0,
        1.0,
        1.0,
        1.0,
        1.0,
        1.0,
        1.0,
        1.0,
        1.0,
        1.0,
        1.0,
        1.0,
        1.0,
        1.0,
        1.0,
        1.0,
        1.0,
        1.0,
        1.0,
        1.0,
        1.0,
        1.0,
        1.0,
        1.0,
        1.0,
        1.0,
        1.0,
        1.0,
        1.0,
        1.0
    ],
    "train_recall": [
        0.07291666666666666,
        0.1875,
        0.22916666666666666,
        0.39375,
        0.375,
        0.36458333333333337,
        0.6770833333333333,
        0.9083333333333333,
        0.95,
        1.0,
        0.9083333333333333,
        1.0,
        1.0,
        1.0,
        1.0,
        1.0,
        1.0,
        1.0,
        1.0,
        1.0,
        1.0,
        1.0,
        1.0,
        1.0,
        1.0,
        1.0,
        1.0,
        1.0,
        1.0,
        1.0,
        1.0,
        1.0,
        1.0,
        1.0,
        1.0,
        1.0,
        1.0,
        1.0,
        1.0,
        1.0,
        1.0,
        1.0,
        1.0,
        1.0,
        1.0,
        1.0,
        1.0,
        1.0,
        1.0,
        1.0
    ],
    "train_f1": [
        0.06274509803921569,
        0.14285714285714285,
        0.15656565656565657,
        0.33333333333333337,
        0.27314814814814814,
        0.2982456140350877,
        0.6310703185703186,
        0.9155582979112391,
        0.9529914529914529,
        1.0,
        0.9155582979112391,
        1.0,
        1.0,
        1.0,
        1.0,
        1.0,
        1.0,
        1.0,
        1.0,
        1.0,
        1.0,
        1.0,
        1.0,
        1.0,
        1.0,
        1.0,
        1.0,
        1.0,
        1.0,
        1.0,
        1.0,
        1.0,
        1.0,
        1.0,
        1.0,
        1.0,
        1.0,
        1.0,
        1.0,
        1.0,
        1.0,
        1.0,
        1.0,
        1.0,
        1.0,
        1.0,
        1.0,
        1.0,
        1.0,
        1.0
    ],
    "train_prec": [
        0.05844155844155844,
        0.13333333333333333,
        0.12894736842105264,
        0.3177083333333333,
        0.23026315789473684,
        0.25252525252525254,
        0.65625,
        0.9365079365079365,
        0.9642857142857143,
        1.0,
        0.9365079365079365,
        1.0,
        1.0,
        1.0,
        1.0,
        1.0,
        1.0,
        1.0,
        1.0,
        1.0,
        1.0,
        1.0,
        1.0,
        1.0,
        1.0,
        1.0,
        1.0,
        1.0,
        1.0,
        1.0,
        1.0,
        1.0,
        1.0,
        1.0,
        1.0,
        1.0,
        1.0,
        1.0,
        1.0,
        1.0,
        1.0,
        1.0,
        1.0,
        1.0,
        1.0,
        1.0,
        1.0,
        1.0,
        1.0,
        1.0
    ],
    "val_loss": [
        1.4333428995949882,
        1.589099441255842,
        1.493834478514535,
        1.3885881560189384,
        1.000797416482653,
        0.9339739424841744,
        0.7972333090645927,
        0.6209723161799567,
        0.322928392461368,
        0.28964548238686155,
        0.780333015535559,
        0.10130223631858826,
        0.07036093356353897,
        0.045435047043221335,
        0.03795665209846837,
        0.03443095141223499,
        0.02870272964771305,
        0.027570949867367744,
        0.02483888782028641,
        0.021626888375197138,
        0.020730412166033472,
        0.01942083232903055,
        0.018745621932404383,
        0.015713931127850498,
        0.014437944029590912,
        0.013249308868710483,
        0.012260123887764556,
        0.011523046198167972,
        0.010832463191556079,
        0.010163387416728906,
        0.00934485366035785,
        0.008246914882745062,
        0.010646781584780132,
        0.007701522737209286,
        0.007650157203897834,
        0.007303529219435794,
        0.007338658573904208,
        0.00638526668106871,
        0.006152821871052895,
        0.007141496088089687,
        0.0059516225675387046,
        0.0057757383578323895,
        0.004791315877810121,
        0.004436079645529389,
        0.004760869379554476,
        0.004533131324153926,
        0.004169458573284958,
        0.004340543212102992,
        0.004238274563769144,
        0.0038008155866659115
    ],
    "val_acc": [
        0.2857142857142857,
        0.0,
        0.0,
        0.0,
        0.5714285714285714,
        0.5714285714285714,
        0.2857142857142857,
        0.5714285714285714,
        1.0,
        1.0,
        0.5714285714285714,
        1.0,
        1.0,
        1.0,
        1.0,
        1.0,
        1.0,
        1.0,
        1.0,
        1.0,
        1.0,
        1.0,
        1.0,
        1.0,
        1.0,
        1.0,
        1.0,
        1.0,
        1.0,
        1.0,
        1.0,
        1.0,
        1.0,
        1.0,
        1.0,
        1.0,
        1.0,
        1.0,
        1.0,
        1.0,
        1.0,
        1.0,
        1.0,
        1.0,
        1.0,
        1.0,
        1.0,
        1.0,
        1.0,
        1.0
    ],
    "val_recall": [
        0.3333333333333333,
        0.0,
        0.0,
        0.0,
        0.6666666666666666,
        0.6666666666666666,
        0.25,
        0.6666666666666666,
        1.0,
        1.0,
        0.6666666666666666,
        1.0,
        1.0,
        1.0,
        1.0,
        1.0,
        1.0,
        1.0,
        1.0,
        1.0,
        1.0,
        1.0,
        1.0,
        1.0,
        1.0,
        1.0,
        1.0,
        1.0,
        1.0,
        1.0,
        1.0,
        1.0,
        1.0,
        1.0,
        1.0,
        1.0,
        1.0,
        1.0,
        1.0,
        1.0,
        1.0,
        1.0,
        1.0,
        1.0,
        1.0,
        1.0,
        1.0,
        1.0,
        1.0,
        1.0
    ],