{
    "train_loss": [
        1.5404786841542113,
        1.4087731487610762,
        1.3630010438900368,
        1.220434428430071,
        0.6814107849609619,
        0.42316058457043826,
        0.7649977852170374,
        0.29944642125537585,
        0.10478428064608107,
        0.062260603513933865,
        0.03884241673364943,
        0.03001609051088784,
        0.0217923821844891,
        0.017296149034747015,
        0.015154108788598986
    ],
    "train_acc": [
        0.23529411764705882,
        0.21568627450980393,
        0.3333333333333333,
        0.39215686274509803,
        0.6666666666666666,
        0.8823529411764706,
        0.6862745098039216,
        0.9215686274509803,
        1.0,
        1.0,
        1.0,
        1.0,
        1.0,
        1.0,
        1.0
    ],
    "train_recall": [
        0.2232142857142857,
        0.2012987012987013,
        0.3203463203463203,
        0.39664502164502163,
        0.6601731601731601,
        0.8801406926406926,
        0.6888528138528138,
        0.9188311688311689,
        1.0,
        1.0,
        1.0,
        1.0,
        1.0,
        1.0,
        1.0
    ],
    "train_f1": [
        0.20394845191040845,
        0.1641537324464154,
        0.30357142857142855,
        0.3371323529411765,
        0.6553302611367128,
        0.8787951352606526,
        0.6892755545304271,
        0.9199507389162562,
        1.0,
        1.0,
        1.0,
        1.0,
        1.0,
        1.0,
        1.0
    ],
    "train_prec": [
        0.19025784157363104,
        0.16678849902534115,
        0.5047619047619047,
        0.4053030303030303,
        0.6815317035905272,
        0.8785839160839161,
        0.7138888888888889,
        0.9226190476190476,
        1.0,
        1.0,
        1.0,
        1.0,
        1.0,
        1.0,
        1.0
    ],
    "val_loss": [
        1.4510076412787805,
        1.3871870040893555,
        1.3272517690291772,
        1.0431324472794166,
        0.7268542635899323,
        0.6853786363051488,
        0.7886476052495149,
        0.5439151564183143,
        0.5317854210734367,
        0.4971450191134444,
        0.5020316258216133,
        0.6507589784092628,
        0.5211903511618192,
        0.5194255034797467,
        0.5307017235228648
    ],
    "val_acc": [
        0.15384615384615385,
        0.46153846153846156,
        0.23076923076923078,
        0.46153846153846156,
        0.7692307692307693,
        0.8461538461538461,
        0.6153846153846154,
        0.7692307692307693,
        0.8461538461538461,
        0.8461538461538461,
        0.8461538461538461,
        0.7692307692307693,
        0.8461538461538461,
        0.8461538461538461,
        0.8461538461538461
    ],
    "val_recall": [
        0.25,
        0.5,
        0.3125,
        0.625,
        0.775,
        0.9,
        0.675,
        0.775,
        0.9,
        0.9,
        0.9,
        0.775,
        0.9,
        0.9,
        0.9
    ],
    "val_f1": [
        0.06666666666666667,
        0.3068181818181818,
        0.17142857142857143,
        0.43452380952380953,
        0.7416666666666667,
        0.8597222222222223,
        0.5892857142857142,
        0.7416666666666667,
        0.8597222222222223,
        0.8597222222222223,
        0.8597222222222223,
        0.7638888888888888,
        0.8597222222222223,
        0.8597222222222223,
        0.8597222222222223
    ],
    "val_prec": [
        0.038461538461538464,
        0.22619047619047616,
        0.2916666666666667,
        0.375,
        0.7291666666666666,
        0.8666666666666667,
        0.6,
        0.7291666666666666,
        0.8666666666666667,
        0.8666666666666667,
        0.8666666666666667,
        0.7625,
        0.8666666666666667,
        0.8666666666666667,
        0.8666666666666667
    ],
    "final_test": {
        "loss": 1.2818565767568846,
        "acc": 0.6333333333333333,
        "recall": 0.6517857142857143,
        "f1": 0.6329431438127091,
        "prec": 0.734375
    }
}