{
    "train_loss": [
        1.3633883443533206,
        1.053022601440841,
        0.6497797359730683,
        0.5124725520099495,
        0.4296890827735849,
        0.26873535321404535,
        0.20634723139707656,
        0.1073226751577036,
        0.046005670684298464,
        0.030473955080607067,
        0.02346044828585696,
        0.01861173340676389,
        0.01261478632131555,
        0.010441101083130228,
        0.00845726021775501,
        0.00841549226863529
    ],
    "train_acc": [
        0.3137254901960784,
        0.6078431372549019,
        0.8235294117647058,
        0.8823529411764706,
        0.8823529411764706,
        0.9019607843137255,
        0.9411764705882353,
        1.0,
        1.0,
        1.0,
        1.0,
        1.0,
        1.0,
        1.0,
        1.0,
        1.0
    ],
    "train_recall": [
        0.304029304029304,
        0.6087454212454212,
        0.8125,
        0.875,
        0.8809523809523809,
        0.8958333333333334,
        0.9375,
        1.0,
        1.0,
        1.0,
        1.0,
        1.0,
        1.0,
        1.0,
        1.0,
        1.0
    ],
    "train_f1": [
        0.2518737224619577,
        0.5943438003220611,
        0.7949999999999999,
        0.8734848484848485,
        0.8801892551892552,
        0.8956521739130435,
        0.9365079365079365,
        1.0,
        1.0,
        1.0,
        1.0,
        1.0,
        1.0,
        1.0,
        1.0,
        1.0
    ],
    "train_prec": [
        0.2532738095238095,
        0.6548644338118023,
        0.8782051282051282,
        0.8770833333333333,
        0.8938644688644688,
        0.8968531468531469,
        0.95,
        1.0,
        1.0,
        1.0,
        1.0,
        1.0,
        1.0,
        1.0,
        1.0,
        1.0
    ],
    "val_loss": [
        1.2229217015779936,
        1.0573204973569283,
        0.7729088744291892,
        0.532130886012545,
        0.35909360303328586,
        0.25620958753503287,
        0.36910184222058606,
        0.9898565584220566,
        0.3698427853031227,
        0.308745563424264,
        0.16091204069268245,
        0.1763948254251423,
        0.30695252236910164,
        0.2795849371020897,
        0.17171968220589826,
        0.2147879692582557
    ],
    "val_acc": [
        0.6153846153846154,
        0.38461538461538464,
        0.6153846153846154,
        0.8461538461538461,
        1.0,
        1.0,
        0.8461538461538461,
        0.6923076923076923,
        0.8461538461538461,
        0.9230769230769231,
        0.9230769230769231,
        0.9230769230769231,
        0.8461538461538461,
        0.9230769230769231,
        0.9230769230769231,
        0.9230769230769231
    ],
    "val_recall": [
        0.6458333333333333,
        0.5,
        0.6666666666666666,
        0.8125,
        1.0,
        1.0,
        0.8541666666666666,
        0.7291666666666666,
        0.8541666666666666,
        0.9166666666666666,
        0.9166666666666666,
        0.9166666666666666,
        0.8541666666666666,
        0.9166666666666666,
        0.9166666666666666,
        0.9166666666666666
    ],
    "val_f1": [
        0.5734848484848485,
        0.3333333333333333,
        0.5666666666666667,
        0.8174603174603174,
        1.0,
        1.0,
        0.8365079365079364,
        0.6818181818181819,
        0.8365079365079364,
        0.8999999999999999,
        0.8999999999999999,
        0.8999999999999999,
        0.8365079365079364,
        0.8999999999999999,
        0.8999999999999999,
        0.8999999999999999
    ],
    "val_prec": [
        0.7678571428571428,
        0.3,
        0.5416666666666666,
        0.8875,
        1.0,
        1.0,
        0.8666666666666666,
        0.8095238095238094,
        0.8666666666666666,
        0.9166666666666666,
        0.9166666666666666,
        0.9166666666666666,
        0.8666666666666666,
        0.9166666666666666,
        0.9166666666666666,
        0.9166666666666666
    ],
    "final_test": {
        "loss": 0.9306347395914296,
        "acc": 0.6666666666666666,
        "recall": 0.6651785714285714,
        "f1": 0.671631000578369,
        "prec": 0.6958874458874459
    }
}