{
    "train_loss": [
        1.4916156697273255,
        1.3763741970062255,
        1.378360550403595,
        1.350053334236145,
        1.4311787509918212,
        1.382389326095581,
        1.4099012470245362,
        1.4455286288261413,
        1.3736251544952394,
        1.3220063734054566,
        1.3467066669464112,
        1.2998592114448548,
        1.18863835811615,
        1.1315620917081832,
        1.0624834725260734,
        1.1551649391651153,
        1.0870458699762822,
        1.038032270744443,
        0.9810937291383743,
        0.9452889031171798,
        0.958295482955873,
        0.9847106594592333,
        0.8816254631429911,
        0.9057343819364906,
        0.9330527383834124,
        0.9995753587782383,
        0.955239670984447,
        0.8866700552403927,
        0.9067662354931235,
        0.9290536232292652,
        0.8683513680845499,
        0.8154023673385382
    ],
    "train_acc": [
        0.16,
        0.36,
        0.32,
        0.36,
        0.16,
        0.28,
        0.32,
        0.2,
        0.36,
        0.36,
        0.4,
        0.36,
        0.4,
        0.44,
        0.48,
        0.44,
        0.48,
        0.52,
        0.64,
        0.6,
        0.56,
        0.6,
        0.64,
        0.56,
        0.56,
        0.48,
        0.56,
        0.6,
        0.6,
        0.6,
        0.64,
        0.72
    ],
    "train_recall": [
        0.15267857142857144,
        0.2857142857142857,
        0.25,
        0.2857142857142857,
        0.13392857142857142,
        0.23660714285714285,
        0.2544642857142857,
        0.15625,
        0.31785714285714284,
        0.30892857142857144,
        0.36875,
        0.3508928571428571,
        0.40535714285714286,
        0.41874999999999996,
        0.49196428571428574,
        0.4089285714285714,
        0.4446428571428572,
        0.5232142857142857,
        0.6214285714285714,
        0.5857142857142857,
        0.5214285714285714,
        0.5571428571428572,
        0.6258928571428571,
        0.55,
        0.5214285714285714,
        0.49642857142857144,
        0.5633928571428571,
        0.5758928571428571,
        0.5946428571428571,
        0.6089285714285715,
        0.6258928571428571,
        0.6928571428571428
    ],
    "train_f1": [
        0.13333333333333333,
        0.1875,
        0.12121212121212122,
        0.18333333333333335,
        0.10101010101010101,
        0.17418546365914786,
        0.16845878136200715,
        0.08620689655172414,
        0.2801470588235294,
        0.27499999999999997,
        0.3439153439153439,
        0.3497807017543859,
        0.4331709956709957,
        0.38855820105820105,
        0.4875,
        0.42207792207792205,
        0.4577922077922078,
        0.5158492822966507,
        0.6319444444444444,
        0.5612373737373737,
        0.5151515151515151,
        0.553030303030303,
        0.6376068376068376,
        0.4977766798418972,
        0.5366233766233766,
        0.4994588744588744,
        0.5982142857142857,
        0.5936147186147186,
        0.6125,
        0.5912280701754385,
        0.6458333333333333,
        0.7113095238095237
    ],
    "train_prec": [
        0.1884920634920635,
        0.3333333333333333,
        0.08,
        0.17424242424242425,
        0.08116883116883117,
        0.1396103896103896,
        0.20108695652173914,
        0.05952380952380952,
        0.26666666666666666,
        0.40625,
        0.46710526315789475,
        0.3875,
        0.6499999999999999,
        0.46710526315789475,
        0.5446428571428572,
        0.5535714285714286,
        0.5892857142857143,
        0.5560064935064934,
        0.8125,
        0.6428571428571428,
        0.5761904761904761,
        0.75,
        0.6875,
        0.5083333333333333,
        0.7426470588235294,
        0.5089285714285714,
        0.6836538461538462,
        0.7125,
        0.675,
        0.6333874458874459,
        0.7221153846153846,
        0.7913461538461539
    ],
    "val_loss": [
        1.5845896686826433,
        1.6106541327067785,
        1.506411041532244,
        1.5091316529682703,
        1.473396165030343,
        1.4637922729764665,
        1.4213678666523524,
        1.5061825173241752,
        1.3859259911945887,
        1.39069402217865,
        1.2994489499500819,
        1.2997973476137434,
        1.1392340596233095,
        1.1402693092823029,
        1.254020435469491,
        1.102193897323949,
        1.2556378894618578,
        1.3425699089254652,
        0.9835239334830216,
        1.3077254401785987,
        1.092025969975761,
        0.788015263687287,
        1.3224974939865726,
        1.0470464559538024,
        1.2041261752269097,
        1.6079971683876855,
        0.6383086643846971,
        0.702256107170667,
        1.8694403788873128,
        0.8804915906595332,
        1.44934950449637,
        0.9625661905322757
    ],
    "val_acc": [
        0.0,
        0.0,
        0.0,
        0.14285714285714285,
        0.14285714285714285,
        0.14285714285714285,
        0.0,
        0.0,
        0.0,
        0.14285714285714285,
        0.7142857142857143,
        0.2857142857142857,
        0.5714285714285714,
        0.5714285714285714,
        0.42857142857142855,
        0.5714285714285714,
        0.5714285714285714,
        0.42857142857142855,
        0.5714285714285714,
        0.5714285714285714,
        0.5714285714285714,
        0.5714285714285714,
        0.5714285714285714,
        0.5714285714285714,
        0.5714285714285714,
        0.5714285714285714,
        0.5714285714285714,
        0.5714285714285714,
        0.5714285714285714,
        0.5714285714285714,
        0.5714285714285714,
        0.5714285714285714
    ],
    "val_recall": [
        0.0,
        0.0,
        0.0,
        0.25,
        0.3333333333333333,
        0.25,
        0.0,
        0.0,
        0.0,
        0.3333333333333333,
        0.5833333333333333,
        0.3333333333333333,
        0.3333333333333333,
        0.3333333333333333,
        0.25,
        0.4444444444444444,
        0.4444444444444444,
        0.25,
        0.3333333333333333,
        0.4444444444444444,
        0.3333333333333333,
        0.3333333333333333,
        0.3333333333333333,
        0.3333333333333333,
        0.3333333333333333,
        0.4444444444444444,
        0.3333333333333333,
        0.3333333333333333,
        0.4444444444444444,
        0.3333333333333333,
        0.3333333333333333,
        0.3333333333333333
    ],
    "val_f1": [
        0.0,
        0.0,
        0.0,
        0.1,
        0.08333333333333333,
        0.07142857142857142,
        0.0,
        0.0,
        0.0,
        0.08333333333333333,
        0.625,
        0.225,
        0.3392857142857143,
        0.3392857142857143,
        0.21428571428571427,
        0.4523809523809524,
        0.4523809523809524,
        0.21428571428571427,
        0.3392857142857143,
        0.4523809523809524,
        0.3392857142857143,
        0.3392857142857143,
        0.3392857142857143,
        0.3392857142857143,
        0.3392857142857143,
        0.4523809523809524,
        0.3392857142857143,
        0.3392857142857143,
        0.38888888888888884,
        0.3392857142857143,
        0.3392857142857143,
        0.3392857142857143
    ],
    "val_prec": [
        0.0,
        0.0,
        0.0,
        0.0625,
        0.047619047619047616,
        0.041666666666666664,
        0.0,
        0.0,
        0.0,
        0.047619047619047616,
        0.75,
        0.3125,
        0.4375,
        0.4375,
        0.1875,
        0.5833333333333334,
        0.5833333333333334,
        0.1875,
        0.4375,
        0.5833333333333334,
        0.4375,
        0.4375,
        0.4375,
        0.4375,
        0.4375,
        0.5833333333333334,
        0.4375,
        0.4375,
        0.5,
        0.4375,
        0.4375,
        0.4375
    ],
    "final_test": {
        "loss": 3.269923023879528,
        "acc": 0.25,