{
    "train_loss": [
        1.455177251030417,
        1.3867814517488666,
        1.4031736336502374,
        1.2879967677826976,
        1.2808277145320295,
        1.244534755454344
    ],
    "train_acc": [
        0.19607843137254902,
        0.21568627450980393,
        0.3137254901960784,
        0.29411764705882354,
        0.39215686274509803,
        0.37254901960784315
    ],
    "train_recall": [
        0.19574175824175824,
        0.2081043956043956,
        0.3221153846153846,
        0.29578754578754574,
        0.3919413919413919,
        0.3800366300366301
    ],
    "train_f1": [
        0.15587044534412953,
        0.17402597402597403,
        0.28144736842105267,
        0.2852353585112206,
        0.3345238095238095,
        0.31889052918464683
    ],
    "train_prec": [
        0.13440476190476192,
        0.16012286324786323,
        0.266025641025641,
        0.32236024844720496,
        0.29276315789473684,
        0.33791666666666664
    ],
    "val_loss": [
        1.4163260826697717,
        1.4648327919153066,
        1.4950751799803514,
        1.6563293888018682,
        1.5552788560207074,
        1.6793054067171538
    ],
    "val_acc": [
        0.23076923076923078,
        0.23076923076923078,
        0.3076923076923077,
        0.23076923076923078,
        0.3076923076923077,
        0.3076923076923077
    ],
    "val_recall": [
        0.25,
        0.1875,
        0.2708333333333333,
        0.20833333333333331,
        0.2708333333333333,
        0.25
    ],
    "val_f1": [
        0.1,
        0.125,
        0.25476190476190474,
        0.15555555555555556,
        0.20833333333333331,
        0.20714285714285713
    ],
    "val_prec": [
        0.0625,
        0.09375,
        0.2708333333333333,
        0.125,
        0.17708333333333331,
        0.325
    ],
    "final_test": {
        "loss": 1.38733913898468,
        "acc": 0.26666666666666666,
        "recall": 0.2723214285714286,
        "f1": 0.175,
        "prec": 0.13194444444444445
    }
}