{
    "train_loss": [
        1.4688139259815216,
        1.029873872504515,
        0.5752735655097401,
        0.2501429133847648,
        0.09283142865580671,
        0.05901788861728182,
        0.03570867205659548,
        0.021279975014063073,
        0.017275726815283884,
        0.01271367751920194,
        0.011184523854514255,
        0.008306263279461977,
        0.006736076222367438,
        0.005491555896678976,
        0.005729397001000596,
        0.004351600443067796,
        0.0033087941758590295,
        0.003071190780211313
    ],
    "train_acc": [
        0.39215686274509803,
        0.6470588235294118,
        0.9019607843137255,
        0.9803921568627451,
        1.0,
        1.0,
        1.0,
        1.0,
        1.0,
        1.0,
        1.0,
        1.0,
        1.0,
        1.0,
        1.0,
        1.0,
        1.0,
        1.0
    ],
    "train_recall": [
        0.37637362637362637,
        0.6362179487179487,
        0.8974358974358974,
        0.9807692307692308,
        1.0,
        1.0,
        1.0,
        1.0,
        1.0,
        1.0,
        1.0,
        1.0,
        1.0,
        1.0,
        1.0,
        1.0,
        1.0,
        1.0
    ],
    "train_f1": [
        0.28205128205128205,
        0.5891891891891892,
        0.8970518728583246,
        0.98,
        1.0,
        1.0,
        1.0,
        1.0,
        1.0,
        1.0,
        1.0,
        1.0,
        1.0,
        1.0,
        1.0,
        1.0,
        1.0,
        1.0
    ],
    "train_prec": [
        0.2860644257703081,
        0.685904071773637,
        0.9088738059326296,
        0.9807692307692308,
        1.0,
        1.0,
        1.0,
        1.0,
        1.0,
        1.0,
        1.0,
        1.0,
        1.0,
        1.0,
        1.0,
        1.0,
        1.0,
        1.0
    ],
    "val_loss": [
        1.299971525485699,
        1.018432188492555,
        0.7495223306692563,
        0.5438289103599695,
        0.3108356282688104,
        0.3283808042223637,
        0.26829091574137026,
        0.52212773105846,
        0.3285601048085552,
        0.4897730747381082,
        0.5519702175202278,
        0.21928273556897274,
        0.19202312558459547,
        0.6426621980678576,
        0.4331128833313974,
        0.4397263403337162,
        0.22853945458952624,
        0.46356630225021106
    ],
    "val_acc": [
        0.46153846153846156,
        0.8461538461538461,
        0.6923076923076923,
        0.7692307692307693,
        0.9230769230769231,
        0.7692307692307693,
        0.8461538461538461,
        0.7692307692307693,
        0.8461538461538461,
        0.7692307692307693,
        0.7692307692307693,
        0.9230769230769231,
        0.9230769230769231,
        0.7692307692307693,
        0.7692307692307693,
        0.7692307692307693,
        0.9230769230769231,
        0.7692307692307693
    ],
    "val_recall": [
        0.4375,
        0.8333333333333334,
        0.6875,
        0.75,
        0.9166666666666666,
        0.75,
        0.8333333333333334,
        0.75,
        0.8333333333333334,
        0.75,
        0.75,
        0.9166666666666666,
        0.9166666666666666,
        0.75,
        0.75,
        0.75,
        0.9166666666666666,
        0.75
    ],
    "val_f1": [
        0.39166666666666666,
        0.7972222222222223,
        0.6309523809523809,
        0.6818181818181819,
        0.9222222222222223,
        0.6722222222222223,
        0.8194444444444444,
        0.6722222222222223,
        0.8194444444444444,
        0.6722222222222223,
        0.6722222222222223,
        0.9222222222222223,
        0.9222222222222223,
        0.6722222222222223,
        0.6722222222222223,
        0.6722222222222223,
        0.9222222222222223,
        0.6722222222222223
    ],
    "val_prec": [
        0.5,
        0.8666666666666667,
        0.625,
        0.6428571428571428,
        0.95,
        0.6166666666666667,
        0.9,
        0.6166666666666667,
        0.9,
        0.6166666666666667,
        0.6166666666666667,
        0.95,
        0.95,
        0.6166666666666667,
        0.6166666666666667,
        0.6166666666666667,
        0.95,
        0.6166666666666667
    ],
    "final_test": {
        "loss": 1.7509559757076203,
        "acc": 0.4666666666666667,
        "recall": 0.4732142857142857,
        "f1": 0.4801378446115288,
        "prec": 0.523538961038961
    }
}