{
    "train_loss": [
        1.3949523901939391,
        1.032782084941864,
        0.6616095197200775,
        0.3869477421045303,
        0.15487589687108994,
        0.08525980040431022,
        0.05587941274046898,
        0.043466343879699706,
        0.03627708926796913,
        0.028072229474782943,
        0.024810290597379207,
        0.02025117840617895,
        0.018258364163339137,
        0.01671703640371561,
        0.014470960786566138,
        0.0121375516615808,
        0.00876234502531588,
        0.010516497129574419,
        0.008034919090569019,
        0.005765226194635034,
        0.005966896847821772,
        0.005926195839419961,
        0.005371379884891212,
        0.004740161560475826
    ],
    "train_acc": [
        0.36,
        0.72,
        0.88,
        0.96,
        1.0,
        1.0,
        1.0,
        1.0,
        1.0,
        1.0,
        1.0,
        1.0,
        1.0,
        1.0,
        1.0,
        1.0,
        1.0,
        1.0,
        1.0,
        1.0,
        1.0,
        1.0,
        1.0,
        1.0
    ],
    "train_recall": [
        0.375,
        0.7142857142857143,
        0.8809523809523809,
        0.9583333333333334,
        1.0,
        1.0,
        1.0,
        1.0,
        1.0,
        1.0,
        1.0,
        1.0,
        1.0,
        1.0,
        1.0,
        1.0,
        1.0,
        1.0,
        1.0,
        1.0,
        1.0,
        1.0,
        1.0,
        1.0
    ],
    "train_f1": [
        0.23757763975155277,
        0.7041666666666667,
        0.8758241758241759,
        0.9580419580419581,
        1.0,
        1.0,
        1.0,
        1.0,
        1.0,
        1.0,
        1.0,
        1.0,
        1.0,
        1.0,
        1.0,
        1.0,
        1.0,
        1.0,
        1.0,
        1.0,
        1.0,
        1.0,
        1.0,
        1.0
    ],
    "train_prec": [
        0.18198529411764708,
        0.7708333333333333,
        0.9017857142857143,
        0.9642857142857143,
        1.0,
        1.0,
        1.0,
        1.0,
        1.0,
        1.0,
        1.0,
        1.0,
        1.0,
        1.0,
        1.0,
        1.0,
        1.0,
        1.0,
        1.0,
        1.0,
        1.0,
        1.0,
        1.0,
        1.0
    ],
    "val_loss": [
        1.2719067675726754,
        1.0586710742541723,
        0.8387600353785923,
        0.6972579189709255,
        0.6184375371251788,
        0.5783954411745071,
        0.5033947032477174,
        0.5253521510000739,
        0.4918533632797854,
        0.5178391592843192,
        0.4833018308771508,
        0.49387020404849735,
        0.4886091935581395,
        0.4651045163295099,
        0.49805123784712385,
        0.49769745234932217,
        0.4811723720548408,
        0.5078242200958941,
        0.4642987317804779,
        0.4826106424443424,
        0.46447331751031534,
        0.47415247765768853,
        0.47308513412385117,
        0.4871370863901185
    ],
    "val_acc": [
        0.42857142857142855,
        0.7142857142857143,
        0.8571428571428571,
        0.7142857142857143,
        0.8571428571428571,
        0.8571428571428571,
        0.8571428571428571,
        0.8571428571428571,
        0.8571428571428571,
        0.8571428571428571,
        0.8571428571428571,
        0.8571428571428571,
        0.8571428571428571,
        0.8571428571428571,
        0.8571428571428571,
        0.8571428571428571,
        0.8571428571428571,
        0.8571428571428571,
        0.8571428571428571,
        0.8571428571428571,
        0.8571428571428571,
        0.8571428571428571,
        0.8571428571428571,
        0.8571428571428571
    ],
    "val_recall": [
        0.5,
        0.75,
        0.875,
        0.75,
        0.875,
        0.875,
        0.875,
        0.875,
        0.875,
        0.875,
        0.875,
        0.875,
        0.875,
        0.875,
        0.875,
        0.875,
        0.875,
        0.875,
        0.875,
        0.875,
        0.875,
        0.875,
        0.875,
        0.875
    ],
    "val_f1": [
        0.30000000000000004,
        0.7416666666666667,
        0.8666666666666666,
        0.7416666666666667,
        0.8333333333333333,
        0.8333333333333333,
        0.8666666666666666,
        0.8666666666666666,
        0.8333333333333333,
        0.8333333333333333,
        0.8666666666666666,
        0.8666666666666666,
        0.8666666666666666,
        0.8333333333333333,
        0.8666666666666666,
        0.8333333333333333,
        0.8333333333333333,
        0.8666666666666666,
        0.8333333333333333,
        0.8333333333333333,
        0.8333333333333333,
        0.8333333333333333,
        0.8333333333333333,
        0.8333333333333333
    ],
    "val_prec": [
        0.22916666666666666,
        0.7916666666666666,
        0.9166666666666666,
        0.7916666666666666,
        0.875,
        0.875,
        0.9166666666666666,
        0.9166666666666666,
        0.875,
        0.875,
        0.9166666666666666,
        0.9166666666666666,
        0.9166666666666666,
        0.875,
        0.9166666666666666,
        0.875,
        0.875,
        0.9166666666666666,
        0.875,
        0.875,
        0.875,
        0.875,
        0.875,
        0.875
    ],
    "final_test": {
        "loss": 0.02022540709003806,
        "acc": 1.0,
        "recall": 1.0,
        "f1": 1.0,
        "prec": 1.0
    }
}