{
    "train_loss": [
        1.402593471255957,
        1.2095319243038403,
        0.7903891416156993,
        0.35629332825249316,
        0.16519806723968655,
        0.07294837018365369,
        0.06931358484514788,
        0.035396894312226306,
        0.02315550124017047
    ],
    "train_acc": [
        0.43137254901960786,
        0.45098039215686275,
        0.7843137254901961,
        0.9607843137254902,
        0.9803921568627451,
        1.0,
        1.0,
        1.0,
        1.0
    ],
    "train_recall": [
        0.421474358974359,
        0.4381868131868132,
        0.7786172161172161,
        0.9583333333333333,
        0.9791666666666666,
        1.0,
        1.0,
        1.0,
        1.0
    ],
    "train_f1": [
        0.3816392319114642,
        0.3796296296296296,
        0.7837912087912089,
        0.9583333333333333,
        0.9798711755233495,
        1.0,
        1.0,
        1.0,
        1.0
    ],
    "train_prec": [
        0.5666666666666667,
        0.3386363636363636,
        0.8095238095238095,
        0.9583333333333333,
        0.9821428571428572,
        1.0,
        1.0,
        1.0,
        1.0
    ],
    "val_loss": [
        1.3390529705927923,
        1.2429599028367262,
        0.8949386053360425,
        0.7003229802044538,
        0.8519951503437299,
        0.994124781483641,
        1.002880360214756,
        0.7022482510656118,
        1.692525488897585
    ],
    "val_acc": [
        0.15384615384615385,
        0.3076923076923077,
        0.5384615384615384,
        0.7692307692307693,
        0.6923076923076923,
        0.6923076923076923,
        0.6923076923076923,
        0.7692307692307693,
        0.46153846153846156
    ],
    "val_recall": [
        0.25,
        0.375,
        0.625,
        0.8125,
        0.75,
        0.75,
        0.75,
        0.8125,
        0.5625
    ],
    "val_f1": [
        0.06666666666666667,
        0.26666666666666666,
        0.5416666666666666,
        0.7976190476190476,
        0.6150793650793651,
        0.625,
        0.625,
        0.7428571428571428,
        0.40303030303030296
    ],
    "val_prec": [
        0.038461538461538464,
        0.3125,
        0.5833333333333333,
        0.8375,
        0.55,
        0.5833333333333333,
        0.5833333333333333,
        0.85,
        0.46875
    ],
    "final_test": {
        "loss": 1.1500147541364034,
        "acc": 0.5333333333333333,
        "recall": 0.5446428571428572,
        "f1": 0.5319327731092437,
        "prec": 0.5375
    }
}