{
    "train_loss": [
        1.4642120401064556,
        1.440115909950406,
        1.3954011073299484,
        1.3628571746396083,
        0.9546259834485895,
        0.5908547992653707,
        0.22360956354760655,
        0.09859508027633031,
        0.056099489915604685,
        0.020895815892692876,
        0.01600631278044745,
        0.01201362051434961,
        0.012115094701156896,
        0.00831138410185482,
        0.007967339002289901,
        0.006565882555008226,
        0.005947896982451864,
        0.005236526129438597,
        0.004613110044624145,
        0.004003938476956796,
        0.00441759992984361,
        0.0030375628871386687,
        0.002964404421885881,
        0.0027246183496625986,
        0.0027394543662119437
    ],
    "train_acc": [
        0.29411764705882354,
        0.13725490196078433,
        0.3333333333333333,
        0.35294117647058826,
        0.5882352941176471,
        0.8627450980392157,
        0.9607843137254902,
        0.9803921568627451,
        1.0,
        1.0,
        1.0,
        1.0,
        1.0,
        1.0,
        1.0,
        1.0,
        1.0,
        1.0,
        1.0,
        1.0,
        1.0,
        1.0,
        1.0,
        1.0,
        1.0
    ],
    "train_recall": [
        0.27499999999999997,
        0.12916666666666665,
        0.31249999999999994,
        0.3458333333333333,
        0.5750000000000001,
        0.8583333333333334,
        0.9583333333333334,
        0.9791666666666666,
        1.0,
        1.0,
        1.0,
        1.0,
        1.0,
        1.0,
        1.0,
        1.0,
        1.0,
        1.0,
        1.0,
        1.0,
        1.0,
        1.0,
        1.0,
        1.0,
        1.0
    ],
    "train_f1": [
        0.22115384615384615,
        0.10762548262548263,
        0.27211538461538465,
        0.34060793695468616,
        0.5639885222381635,
        0.8571107994389902,
        0.9580419580419581,
        0.9791304347826086,
        1.0,
        1.0,
        1.0,
        1.0,
        1.0,
        1.0,
        1.0,
        1.0,
        1.0,
        1.0,
        1.0,
        1.0,
        1.0,
        1.0,
        1.0,
        1.0,
        1.0
    ],
    "train_prec": [
        0.21996753246753248,
        0.09232954545454546,
        0.49837662337662336,
        0.3587792642140468,
        0.6278846153846154,
        0.8586101398601399,
        0.9642857142857143,
        0.9807692307692308,
        1.0,
        1.0,
        1.0,
        1.0,
        1.0,
        1.0,
        1.0,
        1.0,
        1.0,
        1.0,
        1.0,
        1.0,
        1.0,
        1.0,
        1.0,
        1.0,
        1.0
    ],
    "val_loss": [
        1.4962623027654796,
        1.4091910398923433,
        1.2821740553929255,
        1.1242746252280016,
        0.7766894182333579,
        0.4182550861285283,
        0.23750641884712073,
        0.4473639548971103,
        0.19113588189849487,
        0.02389563161593217,
        0.186960648243817,
        0.022972967762213487,
        0.012482283422007011,
        0.34511949537465203,
        0.034237778960512236,
        0.00853829669694488,
        0.00750094333377022,
        0.06977893838372368,
        0.1643770895898342,
        0.005622174769926529,
        0.01632363571283909,
        0.02745696101695872,
        0.14951509181768274,
        0.06781334621616854,
        0.1343740687992137
    ],
    "val_acc": [
        0.07692307692307693,
        0.38461538461538464,
        0.3076923076923077,
        0.38461538461538464,
        0.7692307692307693,
        0.7692307692307693,
        1.0,
        0.7692307692307693,
        0.9230769230769231,
        1.0,
        0.9230769230769231,
        1.0,
        1.0,
        0.9230769230769231,
        1.0,
        1.0,
        1.0,
        0.9230769230769231,
        0.9230769230769231,
        1.0,
        1.0,
        1.0,
        0.9230769230769231,
        0.9230769230769231,
        0.9230769230769231
    ],
    "val_recall": [
        0.25,
        0.5,
        0.25,
        0.5,
        0.8125,
        0.8125,
        1.0,
        0.8125,
        0.9375,
        1.0,
        0.9375,
        1.0,
        1.0,
        0.9375,
        1.0,
        1.0,
        1.0,
        0.9375,
        0.9375,
        1.0,
        1.0,
        1.0,
        0.9375,
        0.9375,
        0.9375
    ],
    "val_f1": [
        0.03571428571428571,
        0.3,
        0.11764705882352941,
        0.3,
        0.7818181818181819,
        0.7818181818181819,
        1.0,
        0.7818181818181819,
        0.9365079365079365,
        1.0,
        0.9365079365079365,
        1.0,
        1.0,
        0.9365079365079365,
        1.0,
        1.0,
        1.0,
        0.9365079365079365,
        0.9365079365079365,
        1.0,
        1.0,
        1.0,
        0.9365079365079365,
        0.9365079365079365,
        0.9365079365079365
    ],
    "val_prec": [
        0.019230769230769232,
        0.2777777777777778,
        0.07692307692307693,
        0.2777777777777778,
        0.8928571428571428,
        0.8928571428571428,
        1.0,
        0.8928571428571428,
        0.95,
        1.0,
        0.95,
        1.0,
        1.0,
        0.95,
        1.0,
        1.0,
        1.0,
        0.95,
        0.95,
        1.0,
        1.0,
        1.0,
        0.95,
        0.95,
        0.95
    ],
    "final_test": {
        "loss": 1.3931384522933512,
        "acc": 0.7,
        "recall": 0.7008928571428572,
        "f1": 0.6817460317460318,
        "prec": 0.7507575757575757
    }
}