{
    "train_loss": [
        1.4884127044677735,
        1.3977449131011963,
        1.3618370366096497,
        1.1943236756324769,
        0.8949915003776551,
        0.6650970733165741,
        0.5424046730995178,
        0.42978547513484955,
        0.30685061872005465,
        0.14136911928653717,
        0.07954804912209511,
        0.0633742019534111,
        0.040574302077293393,
        0.036502374336123466,
        0.03364835146814585,
        0.029928483814001084,
        0.027780044823884964
    ],
    "train_acc": [
        0.24,
        0.28,
        0.4,
        0.52,
        0.68,
        0.8,
        0.76,
        0.92,
        0.92,
        1.0,
        1.0,
        1.0,
        1.0,
        1.0,
        1.0,
        1.0,
        1.0
    ],
    "train_recall": [
        0.2345238095238095,
        0.25595238095238093,
        0.3630952380952381,
        0.5,
        0.688095238095238,
        0.7726190476190476,
        0.7226190476190477,
        0.9142857142857144,
        0.9083333333333333,
        1.0,
        1.0,
        1.0,
        1.0,
        1.0,
        1.0,
        1.0,
        1.0
    ],
    "train_f1": [
        0.19821428571428573,
        0.2334090909090909,
        0.28869047619047616,
        0.43939393939393934,
        0.6764705882352942,
        0.7704517704517705,
        0.7021978021978021,
        0.9198412698412698,
        0.9083333333333333,
        1.0,
        1.0,
        1.0,
        1.0,
        1.0,
        1.0,
        1.0,
        1.0
    ],
    "train_prec": [
        0.19150641025641024,
        0.3055555555555556,
        0.42436974789915966,
        0.48125,
        0.7041666666666666,
        0.78125,
        0.7326388888888888,
        0.9330357142857143,
        0.9083333333333333,
        1.0,
        1.0,
        1.0,
        1.0,
        1.0,
        1.0,
        1.0,
        1.0
    ],
    "val_loss": [
        1.3542647532054357,
        1.3598241465432304,
        1.364753586905343,
        1.546880270753588,
        0.9239656584603446,
        1.4436024342264449,
        0.7612066290208271,
        0.6308764304433551,
        0.5367019698023796,
        0.560986690223217,
        0.6873689597206456,
        0.35003051853605677,
        0.7885093896516732,
        0.6499920625771795,
        0.6450418499963624,
        0.8097523983035769,
        0.7047390152833292
    ],
    "val_acc": [
        0.7142857142857143,
        0.2857142857142857,
        0.42857142857142855,
        0.14285714285714285,
        0.5714285714285714,
        0.2857142857142857,
        0.7142857142857143,
        0.7142857142857143,
        0.8571428571428571,
        0.8571428571428571,
        0.8571428571428571,
        0.8571428571428571,
        0.7142857142857143,
        0.8571428571428571,
        0.8571428571428571,
        0.7142857142857143,
        0.7142857142857143
    ],
    "val_recall": [
        0.75,
        0.5,
        0.625,
        0.25,
        0.375,
        0.5,
        0.75,
        0.625,
        0.875,
        0.875,
        0.875,
        0.875,
        0.75,
        0.875,
        0.875,
        0.75,
        0.75
    ],
    "val_f1": [
        0.6875,
        0.3214285714285714,
        0.5,
        0.0625,
        0.35416666666666663,
        0.3214285714285714,
        0.6875,
        0.6041666666666666,
        0.8333333333333333,
        0.8809523809523809,
        0.8809523809523809,
        0.8809523809523809,
        0.6309523809523809,
        0.8333333333333333,
        0.8809523809523809,
        0.5833333333333333,
        0.6309523809523809
    ],
    "val_prec": [
        0.65,
        0.2916666666666667,
        0.55,
        0.03571428571428571,
        0.4,
        0.2916666666666667,
        0.65,
        0.65,
        0.875,
        0.9375,
        0.9375,
        0.9375,
        0.5625,
        0.875,
        0.9375,
        0.5,
        0.5625
    ],
    "final_test": {
        "loss": 0.10533420601859689,
        "acc": 1.0,
        "recall": 1.0,
        "f1": 1.0,
        "prec": 1.0
    }
}