{
    "train_loss": [
        1.3910268616676331,
        1.0501270604133606,
        0.6415591824054718,
        0.3497317409515381,
        0.28500025570392606,
        0.1940196092426777,
        0.08700653433799743,
        0.06939428739249706,
        0.04842947773635387,
        0.03617772173136473,
        0.026639788076281548,
        0.02200431313365698,
        0.02207489063963294,
        0.016716350447386504,
        0.015603972412645817,
        0.013113863840699196,
        0.013068860145285726,
        0.010670050233602523,
        0.008940056078135966
    ],
    "train_acc": [
        0.28,
        0.72,
        1.0,
        1.0,
        0.96,
        0.96,
        1.0,
        1.0,
        1.0,
        1.0,
        1.0,
        1.0,
        1.0,
        1.0,
        1.0,
        1.0,
        1.0,
        1.0,
        1.0
    ],
    "train_recall": [
        0.2708333333333333,
        0.675,
        1.0,
        1.0,
        0.9583333333333334,
        0.9583333333333334,
        1.0,
        1.0,
        1.0,
        1.0,
        1.0,
        1.0,
        1.0,
        1.0,
        1.0,
        1.0,
        1.0,
        1.0,
        1.0
    ],
    "train_f1": [
        0.2194351542177629,
        0.6845191040843215,
        1.0,
        1.0,
        0.9580419580419581,
        0.9580419580419581,
        1.0,
        1.0,
        1.0,
        1.0,
        1.0,
        1.0,
        1.0,
        1.0,
        1.0,
        1.0,
        1.0,
        1.0,
        1.0
    ],
    "train_prec": [
        0.242156862745098,
        0.8833333333333333,
        1.0,
        1.0,
        0.9642857142857143,
        0.9642857142857143,
        1.0,
        1.0,
        1.0,
        1.0,
        1.0,
        1.0,
        1.0,
        1.0,
        1.0,
        1.0,
        1.0,
        1.0,
        1.0
    ],
    "val_loss": [
        1.3727567195892334,
        1.0567657096045358,
        0.7240023825849805,
        0.5085549780300685,
        0.46455748804977964,
        0.32799583460603443,
        0.27716694878680365,
        0.24344241725546972,
        0.30550073300089153,
        0.2263106427022389,
        0.21054298590336526,
        0.20568786614707538,
        0.09871194405215127,
        0.09363534461174693,
        0.23038526438176632,
        0.20063009246119431,
        0.22768548490213497,
        0.2830819649887936,
        0.1666988707812769
    ],
    "val_acc": [
        0.2857142857142857,
        0.5714285714285714,
        1.0,
        1.0,
        1.0,
        1.0,
        1.0,
        1.0,
        0.8571428571428571,
        1.0,
        1.0,
        1.0,
        1.0,
        1.0,
        1.0,
        1.0,
        1.0,
        0.8571428571428571,
        1.0
    ],
    "val_recall": [
        0.25,
        0.4583333333333333,
        1.0,
        1.0,
        1.0,
        1.0,
        1.0,
        1.0,
        0.8888888888888888,
        1.0,
        1.0,
        1.0,
        1.0,
        1.0,
        1.0,
        1.0,
        1.0,
        0.8888888888888888,
        1.0
    ],
    "val_f1": [
        0.3333333333333333,
        0.49166666666666664,
        1.0,
        1.0,
        1.0,
        1.0,
        1.0,
        1.0,
        0.8666666666666667,
        1.0,
        1.0,
        1.0,
        1.0,
        1.0,
        1.0,
        1.0,
        1.0,
        0.8666666666666667,
        1.0
    ],
    "val_prec": [
        0.5,
        0.6666666666666666,
        1.0,
        1.0,
        1.0,
        1.0,
        1.0,
        1.0,
        0.8888888888888888,
        1.0,
        1.0,
        1.0,
        1.0,
        1.0,
        1.0,
        1.0,
        1.0,
        0.8888888888888888,
        1.0
    ],
    "final_test": {
        "loss": 0.2944468013010919,
        "acc": 0.875,
        "recall": 0.875,
        "f1": 0.8666666666666667,
        "prec": 0.9166666666666666
    }
}