{
    "train_loss": [
        1.432324860610214,
        1.2858895916564792,
        0.8113157866047878,
        0.6307117483195137,
        0.24445813923489815,
        0.07187165126350581,
        0.03597409511898078,
        0.021152480815847714,
        0.018175739228871522,
        0.013215808823302972,
        0.008793970172786537,
        0.0069912847259319295
    ],
    "train_acc": [
        0.3333333333333333,
        0.47058823529411764,
        0.7450980392156863,
        0.8431372549019608,
        0.9803921568627451,
        1.0,
        1.0,
        1.0,
        1.0,
        1.0,
        1.0,
        1.0
    ],
    "train_recall": [
        0.34460955710955715,
        0.47231934731934727,
        0.7560897435897436,
        0.8448717948717949,
        0.9807692307692308,
        1.0,
        1.0,
        1.0,
        1.0,
        1.0,
        1.0,
        1.0
    ],
    "train_f1": [
        0.27872899159663866,
        0.47855439473086536,
        0.729915478199231,
        0.84491341991342,
        0.98,
        1.0,
        1.0,
        1.0,
        1.0,
        1.0,
        1.0,
        1.0
    ],
    "train_prec": [
        0.3061594202898551,
        0.5440705128205128,
        0.7458333333333332,
        0.85,
        0.9807692307692308,
        1.0,
        1.0,
        1.0,
        1.0,
        1.0,
        1.0,
        1.0
    ],
    "val_loss": [
        1.4075997517659113,
        1.1082152495017419,
        1.0376131270940487,
        0.6537522685069305,
        0.30170543921681553,
        0.2566564532999809,
        0.23959244271883598,
        0.304164321663288,
        0.28415272370553935,
        0.27931000686322266,
        0.31258560835312194,
        0.2732410532995485
    ],
    "val_acc": [
        0.15384615384615385,
        0.46153846153846156,
        0.5384615384615384,
        0.7692307692307693,
        0.9230769230769231,
        0.9230769230769231,
        0.9230769230769231,
        0.9230769230769231,
        0.9230769230769231,
        0.9230769230769231,
        0.9230769230769231,
        0.9230769230769231
    ],
    "val_recall": [
        0.3125,
        0.3375,
        0.65,
        0.8166666666666667,
        0.75,
        0.9166666666666666,
        0.9166666666666666,
        0.9166666666666666,
        0.9166666666666666,
        0.9166666666666666,
        0.9166666666666666,
        0.9166666666666666
    ],
    "val_f1": [
        0.14166666666666666,
        0.38095238095238093,
        0.4625,
        0.7347222222222223,
        0.7272727272727273,
        0.9222222222222223,
        0.9222222222222223,
        0.9222222222222223,
        0.9222222222222223,
        0.9222222222222223,
        0.9222222222222223,
        0.9222222222222223
    ],
    "val_prec": [
        0.2727272727272727,
        0.4375,
        0.44047619047619047,
        0.7833333333333333,
        0.7083333333333334,
        0.95,
        0.95,
        0.95,
        0.95,
        0.95,
        0.95,
        0.95
    ],
    "final_test": {
        "loss": 0.8481511618942023,
        "acc": 0.7,
        "recall": 0.7008928571428572,
        "f1": 0.7185242518059856,
        "prec": 0.7702020202020201
    }
}